product_id,variant_id,inventory_item_id,sku,title,before_origin,after_origin,status,notes
gid://shopify/Product/15724502090112,gid://shopify/ProductVariant/57985862107520,gid://shopify/InventoryItem/56144902717824,99120109017,ARMAGEDDON BATTALION: DEATHWATCH,,GB,verified_uk,
gid://shopify/Product/15724502155648,gid://shopify/ProductVariant/57985862173056,gid://shopify/InventoryItem/56144902783360,60040199190,ARMAGEDDON: RETURN OF YARRICK (ENG),,GB,verified_uk,
gid://shopify/Product/15724502253952,gid://shopify/ProductVariant/57985862271360,gid://shopify/InventoryItem/56144902881664,99120103128,ORKS: WAZDAKKA GUTSMEK,,GB,verified_uk,
gid://shopify/Product/15724502319488,gid://shopify/ProductVariant/57985862336896,gid://shopify/InventoryItem/56144902947200,99220103008,ORKS: GHAZGHKULL DICE,,GB,verified_uk,
gid://shopify/Product/15724502450560,gid://shopify/ProductVariant/57985863418240,gid://shopify/InventoryItem/56144903831936,99120103126,ARMAGEDDON BATTALION: ORKS,,GB,verified_uk,
gid://shopify/Product/15724502548864,gid://shopify/ProductVariant/57985863483776,gid://shopify/InventoryItem/56144904094080,99120105150,ARMAGEDDON BATTALION: ASTRA MILITARUM,,GB,verified_uk,
gid://shopify/Product/15724502614400,gid://shopify/ProductVariant/57985865646464,gid://shopify/InventoryItem/56144906256768,99120105138,ASTRA MILITARUM: COMMISSAR YARRICK,,GB,verified_uk,
gid://shopify/Product/15724502679936,gid://shopify/ProductVariant/57985866498432,gid://shopify/InventoryItem/56144907108736,99120105140,ASTRA MILITARUM: COMMISSAR GRAVES,,GB,verified_uk,
gid://shopify/Product/15724502745472,gid://shopify/ProductVariant/57985866563968,gid://shopify/InventoryItem/56144907174272,99220105038,ASTRA MILITARUM: COMMISSAR YARRICK DICE,,GB,verified_uk,
gid://shopify/Product/15724502843776,gid://shopify/ProductVariant/57985866662272,gid://shopify/InventoryItem/56144907272576,99120108124,IMPERIAL AGENTS: INQUISITOR KROYLE,,GB,verified_uk,
gid://shopify/Product/15724502909312,gid://shopify/ProductVariant/57985866727808,gid://shopify/InventoryItem/56144907338112,99120108120,ARMAGEDDON BATTALION: ADEPTA SORORITAS,,GB,verified_uk,
gid://shopify/Product/15724502974848,gid://shopify/ProductVariant/57985866793344,gid://shopify/InventoryItem/56144907403648,99120108122,A/S: INTRANZIA FRAYE DOGMATA SUPERIOR,,GB,verified_uk,
gid://shopify/Product/15724503040384,gid://shopify/ProductVariant/57985866858880,gid://shopify/InventoryItem/56144907469184,60100181543,LEGENDS OF THE WAAAGH! (PB),,GB,verified_uk,
gid://shopify/Product/15724503105920,gid://shopify/ProductVariant/57985866924416,gid://shopify/InventoryItem/56144907534720,60100181545,VETERANS OF THE FALL (PB),,GB,verified_uk,
gid://shopify/Product/15724503236992,gid://shopify/ProductVariant/57985867219328,gid://shopify/InventoryItem/56144907829632,60040181444,WORLD ABLAZE (HB),,GB,verified_uk,
gid://shopify/Product/15724503269760,gid://shopify/ProductVariant/57985867284864,gid://shopify/InventoryItem/56144907895168,60040181446,DA FREEBOOTERZ CODE (HB),,GB,verified_uk,
gid://shopify/Product/15724503335296,gid://shopify/ProductVariant/57985867350400,gid://shopify/InventoryItem/56144907960704,60040181447,DEATH WORLD (ANNIVERSARY EDITION),,GB,verified_uk,
gid://shopify/Product/15724503368064,gid://shopify/ProductVariant/57985867383168,gid://shopify/InventoryItem/56144907993472,60100181550,YARRICK: THE OMNIBUS (PB),,GB,verified_uk,
gid://shopify/Product/15724503400832,gid://shopify/ProductVariant/57985867415936,gid://shopify/InventoryItem/56144908026240,60010299051,SPEARHEAD: CITY OF ASH (ENGLISH),,GB,verified_uk,
gid://shopify/Product/15724504121728,gid://shopify/ProductVariant/57985868595584,gid://shopify/InventoryItem/56144909205888,99120207261,OSSIARCH BONEREAPERS:NULL MYRIAD PHALANX,,GB,verified_uk,
gid://shopify/Product/15724504154496,gid://shopify/ProductVariant/57985868628352,gid://shopify/InventoryItem/56144909238656,60040181442,ZARDU LAYEK THE CRIMSON APOSTLE (HB),,GB,verified_uk,
gid://shopify/Product/15724504187264,gid://shopify/ProductVariant/57985868661120,gid://shopify/InventoryItem/56144909271424,99123043007,LEGIO CUSTODES: CALADIUS GRAV-TANK,,GB,verified_uk,
gid://shopify/Product/15724504318336,gid://shopify/ProductVariant/57985868792192,gid://shopify/InventoryItem/56144909402496,99123043009,L/C: CALADIUS GRAV-TANK ANNIHILATOR,,GB,verified_uk,
gid://shopify/Product/15724504416640,gid://shopify/ProductVariant/57985868890496,gid://shopify/InventoryItem/56144909500800,99123043005,LEGIO CUSTODES: CUSTODIAN GUARD SODALITY,,GB,verified_uk,
gid://shopify/Product/15724504482176,gid://shopify/ProductVariant/57985868956032,gid://shopify/InventoryItem/56144909566336,99123043003,LEGIO CUSTODES: VENATARI SODALITY,,GB,verified_uk,
gid://shopify/Product/15724504547712,gid://shopify/ProductVariant/57985869021568,gid://shopify/InventoryItem/56144909631872,99123043004,LEGIO CUSTODES: SHIELD CAPTAIN,,GB,verified_uk,
gid://shopify/Product/15724504646016,gid://shopify/ProductVariant/57985869185408,gid://shopify/InventoryItem/56144909861248,99123043002,LEGIO CUSTODES: SENTINEL GUARD SODALITY,,GB,verified_uk,
gid://shopify/Product/15724504777088,gid://shopify/ProductVariant/57985869316480,gid://shopify/InventoryItem/56144909992320,99123043006,LEGIO CUSTODES: CUSTODIAN DREADNOUGHT,,GB,verified_uk,
gid://shopify/Product/15724504842624,gid://shopify/ProductVariant/57985869382016,gid://shopify/InventoryItem/56144910090624,99123043008,LEGIO CUSTODES: CORONUS GRAV-CARRIER,,GB,verified_uk,
gid://shopify/Product/15724504940928,gid://shopify/ProductVariant/57985869971840,gid://shopify/InventoryItem/56144910647680,9918995134406,L: TUSKGOR FUR 12ML ROW X6,,GB,verified_uk,
gid://shopify/Product/15724505006464,gid://shopify/ProductVariant/57985870037376,gid://shopify/InventoryItem/56144910713216,9918995137406,L: GAUSS BLASTER GREEN 12ML ROW X6,,GB,verified_uk,
gid://shopify/Product/15724505104768,gid://shopify/ProductVariant/57985870201216,gid://shopify/InventoryItem/56144911008128,60040199189,EYE OF TERROR: REIGN OF IRON (ENGLISH),,GB,verified_uk,
gid://shopify/Product/15724505170304,gid://shopify/ProductVariant/57985870266752,gid://shopify/InventoryItem/56144911073664,99220102023,WARHAMMER 40000: IRON WARRIORS DICE,,GB,verified_uk,
gid://shopify/Product/15724505235840,gid://shopify/ProductVariant/57985870332288,gid://shopify/InventoryItem/56144911139200,99120102229,CHAOS SPACE MARINES: DEFILER,,GB,verified_uk,
gid://shopify/Product/15724505334144,gid://shopify/ProductVariant/57985870430592,gid://shopify/InventoryItem/56144911237504,99120102251,CHAOS SPACE MARINES: KRAVEK MORNE,,GB,verified_uk,
gid://shopify/Product/15724505399680,gid://shopify/ProductVariant/57985870496128,gid://shopify/InventoryItem/56144911303040,99120102230,CHAOS SPACE MARINES: MUTILATORS,,GB,verified_uk,
gid://shopify/Product/15724505465216,gid://shopify/ProductVariant/57985870561664,gid://shopify/InventoryItem/56144911368576,99120102228,COMBAT PATROL: IRON WARRIORS,,GB,verified_uk,
gid://shopify/Product/15724505596288,gid://shopify/ProductVariant/57985870758272,gid://shopify/InventoryItem/56144911565184,99120108148,EYE OF TERROR BATTALION:IMPERIAL KNIGHTS,,GB,verified_uk,
gid://shopify/Product/15724505694592,gid://shopify/ProductVariant/57985870856576,gid://shopify/InventoryItem/56144911663488,99120108123,IMPERIAL KNIGHTS: KNIGHT DESTRIER,,GB,verified_uk,
gid://shopify/Product/15724505760128,gid://shopify/ProductVariant/57985870922112,gid://shopify/InventoryItem/56144911729024,99120116049,EYE/TERROR BATTALION:ADEPTUS MECHANICUS,,GB,verified_uk,
gid://shopify/Product/15724505858432,gid://shopify/ProductVariant/57985871020416,gid://shopify/InventoryItem/56144911827328,99120116050,ADEPTUS MECHANICUS: THULIA GHULD,,GB,verified_uk,
gid://shopify/Product/15724505989504,gid://shopify/ProductVariant/57985872462208,gid://shopify/InventoryItem/56144913269120,99120116051,ADEPTUS MECHANICUS: HASTARII,,GB,verified_uk,
gid://shopify/Product/15724506055040,gid://shopify/ProductVariant/57985872527744,gid://shopify/InventoryItem/56144913334656,99120101287,EYE OF TERROR BATTALION: SONS OF DORN,,GB,verified_uk,
gid://shopify/Product/15724506120576,gid://shopify/ProductVariant/57985872593280,gid://shopify/InventoryItem/56144913400192,60040181436,AESTRED THURGA: PYRE OF FAITH (HB),,GB,verified_uk,
gid://shopify/Product/15724506251648,gid://shopify/ProductVariant/57985872724352,gid://shopify/InventoryItem/56144913498496,60100181541,CARNAGE UNENDING (PB),,GB,verified_uk,
gid://shopify/Product/15724506349952,gid://shopify/ProductVariant/57985874133376,gid://shopify/InventoryItem/56144914940288,60100181542,PARAGON OF FAITH AND OTHER STORIES (PB),,GB,verified_uk,
gid://shopify/Product/15724506415488,gid://shopify/ProductVariant/57985874198912,gid://shopify/InventoryItem/56144915005824,52170218004,AOS S/E + PAINT SET ENG/SPA/PORT/LATV/RM,,GB,verified_uk,
gid://shopify/Product/15724506513792,gid://shopify/ProductVariant/57985874264448,gid://shopify/InventoryItem/56144915071360,9918995131506,L: TECLIS BLUE 12ML ROW X6,,GB,verified_uk,
gid://shopify/Product/15724506579328,gid://shopify/ProductVariant/57985874362752,gid://shopify/InventoryItem/56144915169664,60249999665,WHITE DWARF 523 (APR-26) (ENGLISH),,GB,verified_uk,
gid://shopify/Product/15724506743168,gid://shopify/ProductVariant/57985874493824,gid://shopify/InventoryItem/56144915300736,60100281333,QUEEN OF THE ROSE THRONE (PB),,GB,verified_uk,
gid://shopify/Product/15724506874240,gid://shopify/ProductVariant/57985874624896,gid://shopify/InventoryItem/56144915431808,99120204049,SPEARHEAD: SPITEWING FLIGHT,,GB,verified_uk,
gid://shopify/Product/15724506972544,gid://shopify/ProductVariant/57985874723200,gid://shopify/InventoryItem/56144915530112,60030204010,BATTLETOME: SYLVANETH (ENG),,GB,verified_uk,
gid://shopify/Product/15724507103616,gid://shopify/ProductVariant/57985874854272,gid://shopify/InventoryItem/56144915661184,60050204003,WARSCROLL CARDS: SYLVANETH (ENG),,GB,verified_uk,
gid://shopify/Product/15724507234688,gid://shopify/ProductVariant/57985875542400,gid://shopify/InventoryItem/56144916349312,99220204005,AGE OF SIGMAR: SYLVANETH DICE,,GB,verified_uk,
gid://shopify/Product/15724507332992,gid://shopify/ProductVariant/57985875607936,gid://shopify/InventoryItem/56144916414848,99120204056,SYLVANETH: STRONGROOT GROVE,,GB,verified_uk,
gid://shopify/Product/15724507464064,gid://shopify/ProductVariant/57985875771776,gid://shopify/InventoryItem/56144916578688,99120204050,SYLVANETH: THE TWISTED BRANCH,,GB,verified_uk,
gid://shopify/Product/15724507562368,gid://shopify/ProductVariant/57985875870080,gid://shopify/InventoryItem/56144916676992,99120204051,SYLVANETH: GROVE GUARDIAN,,GB,verified_uk,
gid://shopify/Product/15724507627904,gid://shopify/ProductVariant/57985875968384,gid://shopify/InventoryItem/56144916775296,99120212043,SPEARHEAD: KHAINITE SHADOW COVEN,,GB,verified_uk,
gid://shopify/Product/15724507857280,gid://shopify/ProductVariant/57985877180800,gid://shopify/InventoryItem/56144917004672,60030212010,BATTLETOME: DAUGHTERS OF KHAINE (ENG),,GB,verified_uk,
gid://shopify/Product/15724507955584,gid://shopify/ProductVariant/57985877377408,gid://shopify/InventoryItem/56144918184320,60050212003,WARSCROLL CARDS: DAUGHTERS OF KHAINE ENG,,GB,verified_uk,
gid://shopify/Product/15724508053888,gid://shopify/ProductVariant/57985877475712,gid://shopify/InventoryItem/56144918282624,99220212005,AGE OF SIGMAR: DAUGHTERS OF KHAINE DICE,,GB,verified_uk,
gid://shopify/Product/15724508184960,gid://shopify/ProductVariant/57985877606784,gid://shopify/InventoryItem/56144918413696,99120212044,DAUGHTERS OF KHAINE: THE CRIMSON LASH,,GB,verified_uk,
gid://shopify/Product/15724508283264,gid://shopify/ProductVariant/57985877705088,gid://shopify/InventoryItem/56144918512000,99120212050,DAUGHTERS/KHAINE: SHRINE OF DARK TRIBUTE,,GB,verified_uk,
gid://shopify/Product/15724508381568,gid://shopify/ProductVariant/57985877803392,gid://shopify/InventoryItem/56144918610304,99120212045,DAUGHTERS OF KHAINE: BLOOD HAGS,,GB,verified_uk,
gid://shopify/Product/15724508479872,gid://shopify/ProductVariant/57985877901696,gid://shopify/InventoryItem/56144918708608,99120212051,DAUGHTERS OF KHAINE: SCATHBORN COVEN,,GB,verified_uk,
gid://shopify/Product/15724508643712,gid://shopify/ProductVariant/57985878098304,gid://shopify/InventoryItem/56144918905216,60100281331,SHADE OF KHAINE (PB),,GB,verified_uk,
gid://shopify/Product/15724508774784,gid://shopify/ProductVariant/57985879409024,gid://shopify/InventoryItem/56144920215936,60043099018,JOURNAL TACTICA: MAILED FIST,,GB,verified_uk,
gid://shopify/Product/15724508905856,gid://shopify/ProductVariant/57985879540096,gid://shopify/InventoryItem/56144920314240,60043043002,HORUS HERESY: LIBER CUSTODES (ENGLISH),,GB,verified_uk,
gid://shopify/Product/15724509004160,gid://shopify/ProductVariant/57985879638400,gid://shopify/InventoryItem/56144920445312,9919999910403,WARHAMMER COLOUR: DRY BRUSH MEDIUM (X3),,GB,verified_uk,
gid://shopify/Product/15724509102464,gid://shopify/ProductVariant/57985879736704,gid://shopify/InventoryItem/56144920543616,99239999141,WARHAMMER COLOUR: TOOL SET,,GB,verified_uk,
gid://shopify/Product/15724509200768,gid://shopify/ProductVariant/57985879835008,gid://shopify/InventoryItem/56144920641920,99229999192,WH COLOUR: MORDIAN CORPSEGRASS TUFTS,,GB,verified_uk,
gid://shopify/Product/15724509299072,gid://shopify/ProductVariant/57985879933312,gid://shopify/InventoryItem/56144920740224,9922999919406,WARHAMMER DICE (6-PACK),,GB,verified_uk,
gid://shopify/Product/15724509430144,gid://shopify/ProductVariant/57985880064384,gid://shopify/InventoryItem/56144920871296,99123001076,L/A: GLAIVE SUPER-HEAVY SPEC. WPNS TANK,,GB,verified_uk,
gid://shopify/Product/15724509528448,gid://shopify/ProductVariant/57985881342336,gid://shopify/InventoryItem/56144922149248,9923999912706,WARHAMMER PAINTING HANDLE (MK3) (6-PACK),,GB,verified_uk,
gid://shopify/Product/15724509593984,gid://shopify/ProductVariant/57985881407872,gid://shopify/InventoryItem/56144922214784,60040181438,GHAZGHKULL THRAKA:WARLORD OF WARLORDS HB,,GB,verified_uk,
gid://shopify/Product/15724509692288,gid://shopify/ProductVariant/57985881506176,gid://shopify/InventoryItem/56144922313088,60040181430,THE INFINITE AND THE DIVINE (ILLUS.),,GB,verified_uk,
gid://shopify/Product/15724509757824,gid://shopify/ProductVariant/57985881604480,gid://shopify/InventoryItem/56144922411392,60040181432,CHEM DOG (HB),,GB,verified_uk,
gid://shopify/Product/15724509856128,gid://shopify/ProductVariant/57985885340032,gid://shopify/InventoryItem/56144923001216,60100181540,THE GREEN TIDE OMNIBUS (PAPERBACK),,GB,verified_uk,
gid://shopify/Product/15724509921664,gid://shopify/ProductVariant/57985885405568,gid://shopify/InventoryItem/56144926212480,60040999035,BLOOD BOWL: SPIKE! ISSUE 21,,GB,verified_uk,
gid://shopify/Product/15724510052736,gid://shopify/ProductVariant/57985885471104,gid://shopify/InventoryItem/56144926278016,99120910001,BLOOD BOWL: HIGH ELF BLOOD BOWL TEAM,,GB,verified_uk,
gid://shopify/Product/15724510151040,gid://shopify/ProductVariant/57985885929856,gid://shopify/InventoryItem/56144926736768,60050910002,BLOOD BOWL:HIGH ELF TEAM REFERENCE CARDS,,GB,verified_uk,
gid://shopify/Product/15724510249344,gid://shopify/ProductVariant/57985886028160,gid://shopify/InventoryItem/56144926835072,99220910005,BLOOD BOWL: HIGH ELF PITCH,,GB,verified_uk,
gid://shopify/Product/15724510380416,gid://shopify/ProductVariant/57985886421376,gid://shopify/InventoryItem/56144927228288,99220910004,BLOOD BOWL: HIGH ELF TEAM DICE SET,,GB,verified_uk,
gid://shopify/Product/15724510511488,gid://shopify/ProductVariant/57985887928704,gid://shopify/InventoryItem/56144928735616,9918995132806,L: ELYSIAN GREEN 12ML ROW X6,,GB,verified_uk,
gid://shopify/Product/15724510577024,gid://shopify/ProductVariant/57985888190848,gid://shopify/InventoryItem/56144928997760,60040181434,THE HORUS HERESY SAGA: HORUS RISING (HB),,GB,verified_uk,
gid://shopify/Product/15724510773632,gid://shopify/ProductVariant/57985888387456,gid://shopify/InventoryItem/56144929194368,99120102222,CHAOS S/M: RED CORSAIRS REAVE-CAPTAIN,,GB,verified_uk,
gid://shopify/Product/15724510839168,gid://shopify/ProductVariant/57985888715136,gid://shopify/InventoryItem/56144929522048,99120102226,CSM: RED CORSAIRS UPGRADES & TRANSFERS,,GB,verified_uk,
gid://shopify/Product/15724510904704,gid://shopify/ProductVariant/57985888780672,gid://shopify/InventoryItem/56144929587584,99120102224,CHAOS SPACE MARINES:RED CORSAIRS RAIDERS,,GB,verified_uk,
gid://shopify/Product/15724510970240,gid://shopify/ProductVariant/57985889108352,gid://shopify/InventoryItem/56144929915264,99120102217,COMBAT PATROL: NIGHT LORDS,,GB,verified_uk,
gid://shopify/Product/15724511035776,gid://shopify/ProductVariant/57985889173888,gid://shopify/InventoryItem/56144929980800,99120102221,COMBAT PATROL: RED CORSAIRS,,GB,verified_uk,
gid://shopify/Product/15724511134080,gid://shopify/ProductVariant/57985889501568,gid://shopify/InventoryItem/56144930308480,99220104012,AELDARI: CORSAIRS DICE,,GB,verified_uk,
gid://shopify/Product/15724511199616,gid://shopify/ProductVariant/57985889567104,gid://shopify/InventoryItem/56144930374016,99120104111,AELDARI: CORSAIR SKYREAVERS,,GB,verified_uk,
gid://shopify/Product/15724511265152,gid://shopify/ProductVariant/57985889894784,gid://shopify/InventoryItem/56144930701696,99120104114,AELDARI: KHARSETH,,GB,verified_uk,
gid://shopify/Product/15724511396224,gid://shopify/ProductVariant/57985890025856,gid://shopify/InventoryItem/56144930800000,99120104113,AELDARI: PRINCE YRIEL,,GB,verified_uk,
gid://shopify/Product/15724511494528,gid://shopify/ProductVariant/57985890386304,gid://shopify/InventoryItem/56144931193216,99120104112,AELDARI: VYPER,,GB,verified_uk,
gid://shopify/Product/15724511592832,gid://shopify/ProductVariant/57985890484608,gid://shopify/InventoryItem/56144931291520,99120104115,AELDARI: CORSAIR VOIDREAVERS,,GB,verified_uk,
gid://shopify/Product/15724511723904,gid://shopify/ProductVariant/57985890976128,gid://shopify/InventoryItem/56144931783040,99120104110,COMBAT PATROL: AELDARI CORSAIRS,,GB,verified_uk,
gid://shopify/Product/15724512182656,gid://shopify/ProductVariant/57985891664256,gid://shopify/InventoryItem/56144932471168,99120106084,TYRANIDS: TYRANID PRIME WITH LASH WHIP,,GB,verified_uk,
gid://shopify/Product/15724512280960,gid://shopify/ProductVariant/57985892057472,gid://shopify/InventoryItem/56144932864384,99120113101,T'AU EMPIRE: THE TWIN LANCE,,GB,verified_uk,
gid://shopify/Product/15724512379264,gid://shopify/ProductVariant/57985892385152,gid://shopify/InventoryItem/56144933192064,99120113100,COMBAT PATROL: KROOT,,GB,verified_uk,
gid://shopify/Product/15724512510336,gid://shopify/ProductVariant/57985892483456,gid://shopify/InventoryItem/56144933323136,99120118028,LEAGUES OF VOTANN: BEREHK STORNBROW,,GB,verified_uk,
gid://shopify/Product/15724512608640,gid://shopify/ProductVariant/57985892811136,gid://shopify/InventoryItem/56144933618048,99220102021,CHAOS SPACE MARINES: RED CORSAIRS DICE,,GB,verified_uk,
gid://shopify/Product/15724512739712,gid://shopify/ProductVariant/57985892942208,gid://shopify/InventoryItem/56144933749120,60100181538,CARCHARODONS: VOID EXILE (PB),,GB,verified_uk,
gid://shopify/Product/15724512805248,gid://shopify/ProductVariant/57985893302656,gid://shopify/InventoryItem/56144934109568,52170299004,AOS PAINTS+TOOLS ENG/SPA/PORT/LATV/ROM,,GB,verified_uk,
gid://shopify/Product/15724512936320,gid://shopify/ProductVariant/57985893433728,gid://shopify/InventoryItem/56144934240640,52170206002,AOS SKAVEN + PAINT SET ENG/SPA/PORT/LAT,,GB,verified_uk,
gid://shopify/Product/15724513067392,gid://shopify/ProductVariant/57985893826944,gid://shopify/InventoryItem/56144934633856,9918995029806,B: THOUSAND SONS BLUE 12ML ROW X6,,GB,verified_uk,
gid://shopify/Product/15724513165696,gid://shopify/ProductVariant/57985894187392,gid://shopify/InventoryItem/56144934994304,9918995031206,B: BARAK-NAR BURGUNDY 12ML ROW X6,,GB,verified_uk,
gid://shopify/Product/15724513329536,gid://shopify/ProductVariant/57985894351232,gid://shopify/InventoryItem/56144935158144,9918995135206,L: SKAVENBLIGHT DINGE 12ML ROW X6,,GB,verified_uk,
gid://shopify/Product/15724513460608,gid://shopify/ProductVariant/57985894973824,gid://shopify/InventoryItem/56144935780736,9918995135606,L: PALLID WYCH FLESH 12ML ROW X6,,GB,verified_uk,
gid://shopify/Product/15724513591680,gid://shopify/ProductVariant/57985895104896,gid://shopify/InventoryItem/56144935911808,9918995136506,L: PINK HORROR 12ML ROW X6,,GB,verified_uk,
gid://shopify/Product/15724513657216,gid://shopify/ProductVariant/57985895399808,gid://shopify/InventoryItem/56144936206720,9918995136806,L: FLAYED ONE FLESH 12ML ROW X6,,GB,verified_uk,
gid://shopify/Product/15724513788288,gid://shopify/ProductVariant/57985895596416,gid://shopify/InventoryItem/56144936403328,9918995137706,L: FULGRIM PINK 12ML ROW X6,,GB,verified_uk,
gid://shopify/Product/15724513886592,gid://shopify/ProductVariant/57985896022400,gid://shopify/InventoryItem/56144936829312,9918995138206,L: KAKOPHONI PURPLE 12ML ROW X6,,GB,verified_uk,
gid://shopify/Product/15724514050432,gid://shopify/ProductVariant/57985896186240,gid://shopify/InventoryItem/56144936993152,60249999664,WHITE DWARF 522 (MAR-26) (ENGLISH),,GB,verified_uk,
gid://shopify/Product/15724514148736,gid://shopify/ProductVariant/57985896513920,gid://shopify/InventoryItem/56144937320832,60042720003,A/JOURNAL:BREACHING OF THE GREAT BASTION,,GB,verified_uk,
gid://shopify/Product/15724514279808,gid://shopify/ProductVariant/57985896644992,gid://shopify/InventoryItem/56144937451904,9918995027106,B: KANTOR BLUE 12ML ROW X6,,GB,verified_uk,
gid://shopify/Product/15724514345344,gid://shopify/ProductVariant/57985896939904,gid://shopify/InventoryItem/56144937746816,9918995027206,B: MACRAGGE BLUE 12ML ROW X6,,GB,verified_uk,
gid://shopify/Product/15724514476416,gid://shopify/ProductVariant/57985897070976,gid://shopify/InventoryItem/56144937877888,9918995027306,B: CALEDOR SKY 12ML ROW X6,,GB,verified_uk,
gid://shopify/Product/15724514541952,gid://shopify/ProductVariant/57985897431424,gid://shopify/InventoryItem/56144938238336,9918995027606,B: CALIBAN GREEN 12ML ROW X6,,GB,verified_uk,
gid://shopify/Product/15724514738560,gid://shopify/ProductVariant/57985897628032,gid://shopify/InventoryItem/56144938402176,9918995027706,B: WAAAGH! FLESH 12ML ROW X6,,GB,verified_uk,
gid://shopify/Product/15724514804096,gid://shopify/ProductVariant/57985899135360,gid://shopify/InventoryItem/56144938566016,9918995027806,B: CASTELLAN GREEN 12ML ROW X6,,GB,verified_uk,
gid://shopify/Product/15724514935168,gid://shopify/ProductVariant/57985899594112,gid://shopify/InventoryItem/56144940401024,9918995028406,B: MOURNFANG BROWN 12ML ROW X6,,GB,verified_uk,
gid://shopify/Product/15724515033472,gid://shopify/ProductVariant/57985899921792,gid://shopify/InventoryItem/56144940728704,9918995028506,B: XV-88 12ML ROW X6,,GB,verified_uk,
gid://shopify/Product/15724515197312,gid://shopify/ProductVariant/57985900052864,gid://shopify/InventoryItem/56144940859776,9918995028806,B: MECHANICUS STANDARD GREY 12ML ROW X6,,GB,verified_uk,
gid://shopify/Product/15724515262848,gid://shopify/ProductVariant/57985900347776,gid://shopify/InventoryItem/56144941154688,9918995029106,B: RAKARTH FLESH 12ML ROW X6,,GB,verified_uk,
gid://shopify/Product/15724515426688,gid://shopify/ProductVariant/57985900740992,gid://shopify/InventoryItem/56144941547904,9918995031006,B: BALTHASAR GOLD 12ML ROW X6,,GB,verified_uk,
gid://shopify/Product/15724515524992,gid://shopify/ProductVariant/57985900839296,gid://shopify/InventoryItem/56144941646208,9918995030006,B: IONRACH SKIN 12ML ROW X6,,GB,verified_uk,
gid://shopify/Product/15724515623296,gid://shopify/ProductVariant/57985901166976,gid://shopify/InventoryItem/56144941973888,9918995030606,B: CORVUS BLACK 12ML ROW X6,,GB,verified_uk,
gid://shopify/Product/15724515754368,gid://shopify/ProductVariant/57985901265280,gid://shopify/InventoryItem/56144942072192,9918995031106,B: IRON WARRIORS 12ML ROW X6,,GB,verified_uk,
gid://shopify/Product/15724515819904,gid://shopify/ProductVariant/57985901592960,gid://shopify/InventoryItem/56144942399872,9918995031506,B: CORAX WHITE 12ML ROW X6,,GB,verified_uk,
gid://shopify/Product/15724515950976,gid://shopify/ProductVariant/57985901691264,gid://shopify/InventoryItem/56144942498176,9918995031606,B: WRAITHBONE 12ML ROW X6,,GB,verified_uk,
gid://shopify/Product/15724516049280,gid://shopify/ProductVariant/57985902051712,gid://shopify/InventoryItem/56144942858624,9918995031806,B: RUNELORD BRASS 12ML ROW X6,,GB,verified_uk,
gid://shopify/Product/15724516147584,gid://shopify/ProductVariant/57985902117248,gid://shopify/InventoryItem/56144942924160,9918995031906,B: ORRUK FLESH 12ML ROW X6,,GB,verified_uk,
gid://shopify/Product/15724516245888,gid://shopify/ProductVariant/57985902739840,gid://shopify/InventoryItem/56144943710592,9918995130206,L: FIRE DRAGON BRIGHT 12ML ROW X6,,GB,verified_uk,
gid://shopify/Product/15724516409728,gid://shopify/ProductVariant/57985902870912,gid://shopify/InventoryItem/56144943841664,9918995130706,L: XEREUS PURPLE 12ML ROW X6,,GB,verified_uk,
gid://shopify/Product/15724516442496,gid://shopify/ProductVariant/57985903165824,gid://shopify/InventoryItem/56144944136576,9918995131106,L: ALAITOC BLUE 12ML ROW X6,,GB,verified_uk,
gid://shopify/Product/15724516573568,gid://shopify/ProductVariant/57985903296896,gid://shopify/InventoryItem/56144944267648,9918995131706,L: SOTEK GREEN 12ML ROW X6,,GB,verified_uk,
gid://shopify/Product/15724516639104,gid://shopify/ProductVariant/57985903591808,gid://shopify/InventoryItem/56144944562560,9918995131806,L: TEMPLE GUARD BLUE 12ML ROW X6,,GB,verified_uk,
gid://shopify/Product/15724516704640,gid://shopify/ProductVariant/57985906016640,gid://shopify/InventoryItem/56144946987392,9918995132006,L: SYBARITE GREEN 12ML ROW X6,,GB,verified_uk,
gid://shopify/Product/15724516770176,gid://shopify/ProductVariant/57985906082176,gid://shopify/InventoryItem/56144947052928,9918995132106,L: WARPSTONE GLOW 12ML ROW X6,,GB,verified_uk,
gid://shopify/Product/15724516868480,gid://shopify/ProductVariant/57985907261824,gid://shopify/InventoryItem/56144948232576,9918995132606,L: STRAKEN GREEN 12ML ROW X6,,GB,verified_uk,
gid://shopify/Product/15724516934016,gid://shopify/ProductVariant/57985907523968,gid://shopify/InventoryItem/56144948494720,9918995132906,L: OGRYN CAMO 12ML ROW X6,,GB,verified_uk,
gid://shopify/Product/15724517032320,gid://shopify/ProductVariant/57985907851648,gid://shopify/InventoryItem/56144948822400,9918995133306,L: KARAK STONE 12ML ROW X6,,GB,verified_uk,
gid://shopify/Product/15724517097856,gid://shopify/ProductVariant/57985907917184,gid://shopify/InventoryItem/56144948887936,9918995133806,L: SKRAG BROWN 12ML ROW X6,,GB,verified_uk,
gid://shopify/Product/15724517228928,gid://shopify/ProductVariant/57985908605312,gid://shopify/InventoryItem/56144949576064,9918995134606,L: BANEBLADE BROWN 12ML ROW X6,,GB,verified_uk,
gid://shopify/Product/15724517294464,gid://shopify/ProductVariant/57985908703616,gid://shopify/InventoryItem/56144949674368,9918995135006,L: DARK REAPER 12ML ROW X6,,GB,verified_uk,
gid://shopify/Product/15724517392768,gid://shopify/ProductVariant/57985908998528,gid://shopify/InventoryItem/56144949969280,9918995135406,L: ULTHUAN GREY 12ML ROW X6,,GB,verified_uk,
gid://shopify/Product/15724517458304,gid://shopify/ProductVariant/57985909064064,gid://shopify/InventoryItem/56144950034816,9918995135906,L: GEHENNA'S GOLD 12ML ROW X6,,GB,verified_uk,
gid://shopify/Product/15724517556608,gid://shopify/ProductVariant/57985909424512,gid://shopify/InventoryItem/56144950395264,9918995136206,L: BRASS SCORPION 12ML ROW X6,,GB,verified_uk,
gid://shopify/Product/15724517687680,gid://shopify/ProductVariant/57985909555584,gid://shopify/InventoryItem/56144950526336,9918995136706,L: LIBERATOR GOLD 12ML ROW X6,,GB,verified_uk,
gid://shopify/Product/15724517753216,gid://shopify/ProductVariant/57985909916032,gid://shopify/InventoryItem/56144950886784,9918995137206,L: AHRIMAN BLUE 12ML ROW X6,,GB,verified_uk,
gid://shopify/Product/15724517851520,gid://shopify/ProductVariant/57985910014336,gid://shopify/InventoryItem/56144950985088,9918995138006,L: BLUE HORROR 12ML ROW X6,,GB,verified_uk,
gid://shopify/Product/15724517917056,gid://shopify/ProductVariant/57985910309248,gid://shopify/InventoryItem/56144951280000,9918995138406,L: PHALANX YELLOW 12ML ROW X6,,GB,verified_uk,
gid://shopify/Product/15724518048128,gid://shopify/ProductVariant/57985910669696,gid://shopify/InventoryItem/56144951640448,9918995139106,L: CANOPTEK ALLOY 12ML ROW X6,,GB,verified_uk,
gid://shopify/Product/15724518146432,gid://shopify/ProductVariant/57985910800768,gid://shopify/InventoryItem/56144951771520,9921999904310,WH COLOUR:PLASTIC GLUE (15g) (EU/AU) X10,,GB,verified_uk,
gid://shopify/Product/15724518244736,gid://shopify/ProductVariant/57985911128448,gid://shopify/InventoryItem/56144952099200,99123016010,MECH: SKITARII BATTLE-PILGRYM CORPUS,,GB,verified_uk,
gid://shopify/Product/15724518343040,gid://shopify/ProductVariant/57985911226752,gid://shopify/InventoryItem/56144952197504,99123016012,MECHANICUM: VULTARAX STRATOS-AUTOMATA,,GB,verified_uk,
gid://shopify/Product/15724518375808,gid://shopify/ProductVariant/57985911488896,gid://shopify/InventoryItem/56144952459648,99123016011,SKITARII: BATTLE-PILGRYM MARSHAL,,GB,verified_uk,
gid://shopify/Product/15724518474112,gid://shopify/ProductVariant/57985911587200,gid://shopify/InventoryItem/56144952557952,99123016019,MECHANICUM: MYRMIDON DESTRUCTOR HOST,,GB,verified_uk,
gid://shopify/Product/15724518539648,gid://shopify/ProductVariant/57985911947648,gid://shopify/InventoryItem/56144953016704,60050799019,WHU RIVALS DECK: NEXUS OF POWER (ENG),,GB,verified_uk,
gid://shopify/Product/15724518637952,gid://shopify/ProductVariant/57985912045952,gid://shopify/InventoryItem/56144953115008,60010299050,AGE OF SIGMAR: INTRODUCTORY SET (ENG),,GB,verified_uk,
gid://shopify/Product/15724518736256,gid://shopify/ProductVariant/57985912406400,gid://shopify/InventoryItem/56144953573760,99120707001,WARHAMMER UNDERWORLDS: THANATEK'S TITHE,,GB,verified_uk,
gid://shopify/Product/15724518834560,gid://shopify/ProductVariant/57985912799616,gid://shopify/InventoryItem/56144953966976,99120207197,SPEARHEAD:O/BONEREAPERS:KAVALOS VANGUARD,,GB,verified_uk,
gid://shopify/Product/15724518932864,gid://shopify/ProductVariant/57985912897920,gid://shopify/InventoryItem/56144954065280,60030207022,BATTLETOME: OSSIARCH BONEREAPERS ENG,,GB,verified_uk,
gid://shopify/Product/15724518998400,gid://shopify/ProductVariant/57985913192832,gid://shopify/InventoryItem/56144954360192,99220207019,AGE OF SIGMAR: OSSIARCH BONEREAPERS DICE,,GB,verified_uk,
gid://shopify/Product/15724519063936,gid://shopify/ProductVariant/57985913258368,gid://shopify/InventoryItem/56144954425728,99120207208,OSSIARCH BONEREAPERS:MORTISAN BONESHAPER,,GB,verified_uk,
gid://shopify/Product/15724519096704,gid://shopify/ProductVariant/57985913520512,gid://shopify/InventoryItem/56144954687872,99120207200,O/B: LIEGE-KAVALOS ON WAR CHARIOT,,GB,verified_uk,
gid://shopify/Product/15724519162240,gid://shopify/ProductVariant/57985914569088,gid://shopify/InventoryItem/56144954753408,99120207201,OSSIARCH BONEREAPERS: MORTIS REAPERS,,GB,verified_uk,
gid://shopify/Product/15724519227776,gid://shopify/ProductVariant/57985914864000,gid://shopify/InventoryItem/56144956031360,99120207196,OSSIARCH BONEREAPERS: HERALDS/BONE-TITHE,,GB,verified_uk,
gid://shopify/Product/15724519326080,gid://shopify/ProductVariant/57985914962304,gid://shopify/InventoryItem/56144956129664,99120207198,OSSIARCH BONEREAPERS: MORTEK TRIAXES,,GB,verified_uk,
gid://shopify/Product/15724519391616,gid://shopify/ProductVariant/57985915257216,gid://shopify/InventoryItem/56144956424576,99120207199,OSSIARCH BONEREAPERS: LIEGE-MORTEK,,GB,verified_uk,
gid://shopify/Product/15724519555456,gid://shopify/ProductVariant/57985915453824,gid://shopify/InventoryItem/56144956621184,60050207005,WARSCROLL CARDS:OSSIARCH BONEREAPERS ENG,,GB,verified_uk,
gid://shopify/Product/15724519588224,gid://shopify/ProductVariant/57985915683200,gid://shopify/InventoryItem/56144956850560,9918995026506,B: AVERLAND SUNSET 12ML ROW X6,,GB,verified_uk,
gid://shopify/Product/15724519719296,gid://shopify/ProductVariant/57985915847040,gid://shopify/InventoryItem/56144956981632,9918995026606,B: JOKAERO ORANGE 12ML ROW X6,,GB,verified_uk,
gid://shopify/Product/15724519784832,gid://shopify/ProductVariant/57985916141952,gid://shopify/InventoryItem/56144957309312,9918995026706,B: MEPHISTON RED 12ML ROW X6,,GB,verified_uk,
gid://shopify/Product/15724519915904,gid://shopify/ProductVariant/57985916469632,gid://shopify/InventoryItem/56144957440384,9918995026806,B: KHORNE RED 12ML ROW X6,,GB,verified_uk,
gid://shopify/Product/15724519981440,gid://shopify/ProductVariant/57985916535168,gid://shopify/InventoryItem/56144957702528,9918995026906,B: NAGGAROTH NIGHT 12ML ROW X6,,GB,verified_uk,
gid://shopify/Product/15724520079744,gid://shopify/ProductVariant/57985916830080,gid://shopify/InventoryItem/56144957997440,9918995027006,B: DAEMONETTE HIDE 12ML ROW X6,,GB,verified_uk,
gid://shopify/Product/15724520178048,gid://shopify/ProductVariant/57985916928384,gid://shopify/InventoryItem/56144958095744,9918995027406,B: STEGADON SCALE GREEN 12ML ROW X6,,GB,verified_uk,
gid://shopify/Product/15724520341888,gid://shopify/ProductVariant/57985917485440,gid://shopify/InventoryItem/56144958652800,9918995027506,B: INCUBI DARKNESS 12ML ROW X6,,GB,verified_uk,
gid://shopify/Product/15724520407424,gid://shopify/ProductVariant/57985917550976,gid://shopify/InventoryItem/56144958718336,9918995027906,B: DEATH WORLD FOREST 12ML ROW X6,,GB,verified_uk,
gid://shopify/Product/15724520538496,gid://shopify/ProductVariant/57985917944192,gid://shopify/InventoryItem/56144959111552,9918995028006,B: ZANDRI DUST 12ML ROW X6,,GB,verified_uk,
gid://shopify/Product/15724520702336,gid://shopify/ProductVariant/57985918927232,gid://shopify/InventoryItem/56144960094592,9918995028106,B: STEEL LEGION DRAB 12ML ROW X6,,GB,verified_uk,
gid://shopify/Product/15724520833408,gid://shopify/ProductVariant/57985919320448,gid://shopify/InventoryItem/56144960487808,9918995028206,B: BUGMAN'S GLOW 12ML ROW X6,,GB,verified_uk,
gid://shopify/Product/15724520964480,gid://shopify/ProductVariant/57985919451520,gid://shopify/InventoryItem/56144960618880,9918995028606,B: RHINOX HIDE 12ML ROW X6,,GB,verified_uk,
gid://shopify/Product/15724521095552,gid://shopify/ProductVariant/57985919844736,gid://shopify/InventoryItem/56144961012096,9918995028706,B: DRYAD BARK 12ML ROW X6,,GB,verified_uk,
gid://shopify/Product/15724521259392,gid://shopify/ProductVariant/57985920008576,gid://shopify/InventoryItem/56144961175936,9918995028906,B: ABADDON BLACK 12ML ROW X6,,GB,verified_uk,
gid://shopify/Product/15724521357696,gid://shopify/ProductVariant/57985920369024,gid://shopify/InventoryItem/56144961536384,9918995029006,B: CELESTRA GREY 12ML ROW X6,,GB,verified_uk,
gid://shopify/Product/15724521456000,gid://shopify/ProductVariant/57985920467328,gid://shopify/InventoryItem/56144961634688,9918995029206,B: LEADBELCHER 12ML ROW X6,,GB,verified_uk,
gid://shopify/Product/15724521652608,gid://shopify/ProductVariant/57985920893312,gid://shopify/InventoryItem/56144962060672,9918995029306,B: SCREAMING BELL 12ML ROW X6,,GB,verified_uk,
gid://shopify/Product/15724521783680,gid://shopify/ProductVariant/57985921286528,gid://shopify/InventoryItem/56144962453888,9918995029406,B: WARPLOCK BRONZE 12ML ROW X6,,GB,verified_uk,
gid://shopify/Product/15724521914752,gid://shopify/ProductVariant/57985921450368,gid://shopify/InventoryItem/56144962617728,9918995029506,B: THE FANG 12ML ROW X6,,GB,verified_uk,
gid://shopify/Product/15724522013056,gid://shopify/ProductVariant/57985922564480,gid://shopify/InventoryItem/56144963731840,9918995029606,B: SCREAMER PINK 12ML ROW X6,,GB,verified_uk,
gid://shopify/Product/15724522176896,gid://shopify/ProductVariant/57985922957696,gid://shopify/InventoryItem/56144964125056,9918995029706,B: RETRIBUTOR ARMOUR 12ML ROW X6,,GB,verified_uk,
gid://shopify/Product/15724522307968,gid://shopify/ProductVariant/57985923088768,gid://shopify/InventoryItem/56144964256128,9918995029906,B: DEATH GUARD GREEN 12ML ROW X6,,GB,verified_uk,
gid://shopify/Product/15724522373504,gid://shopify/ProductVariant/57985923416448,gid://shopify/InventoryItem/56144964583808,9918995030106,B: PHOENICIAN PURPLE 12ML ROW X6,,GB,verified_uk,
gid://shopify/Product/15724522504576,gid://shopify/ProductVariant/57985923547520,gid://shopify/InventoryItem/56144964714880,9918995030406,B: NIGHT LORDS BLUE 12ML ROW X6,,GB,verified_uk,
gid://shopify/Product/15724522668416,gid://shopify/ProductVariant/57985923940736,gid://shopify/InventoryItem/56144965108096,9918995030806,B: IRON HANDS STEEL 12ML ROW X6,,GB,verified_uk,
gid://shopify/Product/15724522799488,gid://shopify/ProductVariant/57985924071808,gid://shopify/InventoryItem/56144965239168,9918995030906,B: GREY KNIGHTS STEEL 12ML ROW X6,,GB,verified_uk,
gid://shopify/Product/15724522865024,gid://shopify/ProductVariant/57985924432256,gid://shopify/InventoryItem/56144965599616,9918995031306,B: CATACHAN FLESH 12ML ROW X6,,GB,verified_uk,
gid://shopify/Product/15724522996096,gid://shopify/ProductVariant/57985924563328,gid://shopify/InventoryItem/56144965730688,9918995031706,B: GREY SEER 12ML ROW X6,,GB,verified_uk,
gid://shopify/Product/15724523094400,gid://shopify/ProductVariant/57985924923776,gid://shopify/InventoryItem/56144966091136,9918995129906,L: YRIEL YELLOW 12ML ROW X6,,GB,verified_uk,
gid://shopify/Product/15724523192704,gid://shopify/ProductVariant/57985925251456,gid://shopify/InventoryItem/56144966189440,9918995130006,L: FLASH GITZ YELLOW 12ML ROW X6,,GB,verified_uk,
gid://shopify/Product/15724523291008,gid://shopify/ProductVariant/57985925349760,gid://shopify/InventoryItem/56144966517120,9918995130106,L: TROLLSLAYER ORANGE 12ML ROW X6,,GB,verified_uk,
gid://shopify/Product/15724523454848,gid://shopify/ProductVariant/57985925808512,gid://shopify/InventoryItem/56144966975872,9918995130306,L: EVIL SUNZ SCARLET 12ML ROW X6,,GB,verified_uk,
gid://shopify/Product/15724523585920,gid://shopify/ProductVariant/57985925939584,gid://shopify/InventoryItem/56144967106944,9918995130406,L: WILD RIDER RED 12ML ROW X6,,GB,verified_uk,
gid://shopify/Product/15724523651456,gid://shopify/ProductVariant/57985926300032,gid://shopify/InventoryItem/56144967467392,9918995130506,L: WAZDAKKA RED 12ML ROW X6,,GB,verified_uk,
gid://shopify/Product/15724523848064,gid://shopify/ProductVariant/57985926758784,gid://shopify/InventoryItem/56144967926144,9918995130606,L: SQUIG ORANGE 12ML ROW X6,,GB,verified_uk,
gid://shopify/Product/15724524110208,gid://shopify/ProductVariant/57985927315840,gid://shopify/InventoryItem/56144968483200,9918995130806,L: GENESTEALER PURPLE 12ML ROW X6,,GB,verified_uk,
gid://shopify/Product/15724524306816,gid://shopify/ProductVariant/57985928036736,gid://shopify/InventoryItem/56144969073024,9918995131006,L: SLAANESH GREY 12ML ROW X6,,GB,verified_uk,
gid://shopify/Product/15724524470656,gid://shopify/ProductVariant/57985928495488,gid://shopify/InventoryItem/56144969662848,9918995131206,L: HOETH BLUE 12ML ROW X6,,GB,verified_uk,
gid://shopify/Product/15724524667264,gid://shopify/ProductVariant/57985930068352,gid://shopify/InventoryItem/56144971235712,9918995131306,L: ALTDORF GUARD BLUE 12ML ROW X6,,GB,verified_uk,
gid://shopify/Product/15724524863872,gid://shopify/ProductVariant/57985930428800,gid://shopify/InventoryItem/56144971596160,9918995131406,L: CALGAR BLUE 12ML ROW X6,,GB,verified_uk,
gid://shopify/Product/15724525027712,gid://shopify/ProductVariant/57985931182464,gid://shopify/InventoryItem/56144972087680,9918995131606,L: LOTHERN BLUE 12ML ROW X6,,GB,verified_uk,
gid://shopify/Product/15724525158784,gid://shopify/ProductVariant/57985931477376,gid://shopify/InventoryItem/56144972644736,9918995131906,L: KABALITE GREEN 12ML ROW X6,,GB,verified_uk,
gid://shopify/Product/15724525257088,gid://shopify/ProductVariant/57985931739520,gid://shopify/InventoryItem/56144972906880,9918995132206,L: MOOT GREEN 12ML ROW X6,,GB,verified_uk,
gid://shopify/Product/15724525388160,gid://shopify/ProductVariant/57985932132736,gid://shopify/InventoryItem/56144973300096,9918995132306,L: WARBOSS GREEN 12ML ROW X6,,GB,verified_uk,
gid://shopify/Product/15724525453696,gid://shopify/ProductVariant/57985932198272,gid://shopify/InventoryItem/56144973365632,9918995132706,L: NURGLING GREEN 12ML ROW X6,,GB,verified_uk,
gid://shopify/Product/15724525584768,gid://shopify/ProductVariant/57985932591488,gid://shopify/InventoryItem/56144973758848,9918995133006,L: USHABTI BONE 12ML ROW X6,,GB,verified_uk,
gid://shopify/Product/15724525748608,gid://shopify/ProductVariant/57985933476224,gid://shopify/InventoryItem/56144974643584,9918995133106,L: SCREAMING SKULL 12ML ROW X6,,GB,verified_uk,
gid://shopify/Product/15724525846912,gid://shopify/ProductVariant/57985933869440,gid://shopify/InventoryItem/56144975036800,9918995133406,L: CADIAN FLESHTONE 12ML ROW X6,,GB,verified_uk,
gid://shopify/Product/15724525945216,gid://shopify/ProductVariant/57985934229888,gid://shopify/InventoryItem/56144975135104,9918995133506,L: KISLEV FLESH 12ML ROW X6,,GB,verified_uk,
gid://shopify/Product/15724526076288,gid://shopify/ProductVariant/57985934360960,gid://shopify/InventoryItem/56144975528320,9918995134206,L: ZAMESI DESERT 12ML ROW X6,,GB,verified_uk,
gid://shopify/Product/15724526240128,gid://shopify/ProductVariant/57985934786944,gid://shopify/InventoryItem/56144975954304,9918995134306,L: DOOMBULL BROWN 12ML ROW X6,,GB,verified_uk,
gid://shopify/Product/15724526403968,gid://shopify/ProductVariant/57985934950784,gid://shopify/InventoryItem/56144976118144,9918995134506,L: GORTHOR BROWN 12ML ROW X6,,GB,verified_uk,
gid://shopify/Product/15724526502272,gid://shopify/ProductVariant/57985935311232,gid://shopify/InventoryItem/56144976478592,9918995134706,L: DAWNSTONE 12ML ROW X6,,GB,verified_uk,
gid://shopify/Product/15724526600576,gid://shopify/ProductVariant/57985935704448,gid://shopify/InventoryItem/56144976871808,9918995134806,L: ADMINISTRATUM GREY 12ML ROW X6,,GB,verified_uk,
gid://shopify/Product/15724526666112,gid://shopify/ProductVariant/57985935769984,gid://shopify/InventoryItem/56144976937344,9918995134906,L: ESHIN GREY 12ML ROW X6,,GB,verified_uk,
gid://shopify/Product/15724526764416,gid://shopify/ProductVariant/57985936097664,gid://shopify/InventoryItem/56144977265024,9918995135106,L: THUNDERHAWK BLUE 12ML ROW X6,,GB,verified_uk,
gid://shopify/Product/15724526862720,gid://shopify/ProductVariant/57985936425344,gid://shopify/InventoryItem/56144977592704,9918995135306,L: STORMVERMIN FUR 12ML ROW X6,,GB,verified_uk,
gid://shopify/Product/15724527026560,gid://shopify/ProductVariant/57985937965440,gid://shopify/InventoryItem/56144979132800,9918995135506,L: WHITE SCAR 12ML ROW X6,,GB,verified_uk,
gid://shopify/Product/15724527124864,gid://shopify/ProductVariant/57985938325888,gid://shopify/InventoryItem/56144979493248,9918995135706,L: IRONBREAKER 12ML ROW X6,,GB,verified_uk,
gid://shopify/Product/15724527288704,gid://shopify/ProductVariant/57985938489728,gid://shopify/InventoryItem/56144979657088,9918995135806,L: RUNEFANG STEEL 12ML ROW X6,,GB,verified_uk,
gid://shopify/Product/15724527419776,gid://shopify/ProductVariant/57985938882944,gid://shopify/InventoryItem/56144980050304,9918995136006,L: AURIC ARMOUR GOLD 12ML ROW X6,,GB,verified_uk,
gid://shopify/Product/15724527550848,gid://shopify/ProductVariant/57985939014016,gid://shopify/InventoryItem/56144980181376,9918995138806,L: HASHUT COPPER 12ML ROW X6,,GB,verified_uk,
gid://shopify/Product/15724527681920,gid://shopify/ProductVariant/57985939407232,gid://shopify/InventoryItem/56144980574592,9918995136106,L: SYCORAX BRONZE 12ML ROW X6,,GB,verified_uk,
gid://shopify/Product/15724527780224,gid://shopify/ProductVariant/57985939505536,gid://shopify/InventoryItem/56144980672896,9918995136306,L: RUSS GREY 12ML ROW X6,,GB,verified_uk,
gid://shopify/Product/15724527878528,gid://shopify/ProductVariant/57985939603840,gid://shopify/InventoryItem/56144980771200,9918995136406,L: FENRISIAN GREY 12ML ROW X6,,GB,verified_uk,
gid://shopify/Product/15724527976832,gid://shopify/ProductVariant/57985939702144,gid://shopify/InventoryItem/56144980869504,9918995136606,L: EMPEROR'S CHILDREN 12ML ROW X6,,GB,verified_uk,
gid://shopify/Product/15724528107904,gid://shopify/ProductVariant/57985939833216,gid://shopify/InventoryItem/56144981000576,9918995137106,L: STORMHOST SILVER 12ML ROW X6,,GB,verified_uk,
gid://shopify/Product/15724528271744,gid://shopify/ProductVariant/57985940291968,gid://shopify/InventoryItem/56144981262720,9918995137306,L: DEEPKIN FLESH 12ML ROW X6,,GB,verified_uk,
gid://shopify/Product/15724528370048,gid://shopify/ProductVariant/57985940652416,gid://shopify/InventoryItem/56144981819776,9918995137506,L: BAHARROTH BLUE 12ML ROW X6,,GB,verified_uk,
gid://shopify/Product/15724528501120,gid://shopify/ProductVariant/57985940750720,gid://shopify/InventoryItem/56144981918080,9918995137606,L: DORN YELLOW 12ML ROW X6,,GB,verified_uk,
gid://shopify/Product/15724528599424,gid://shopify/ProductVariant/57985941143936,gid://shopify/InventoryItem/56144982311296,9918995137806,L: DECHALA LILAC 12ML ROW X6,,GB,verified_uk,
gid://shopify/Product/15724528697728,gid://shopify/ProductVariant/57985941504384,gid://shopify/InventoryItem/56144982409600,9918995138706,L: WORD BEARERS RED 12ML ROW X6,,GB,verified_uk,
gid://shopify/Product/15724528796032,gid://shopify/ProductVariant/57985941602688,gid://shopify/InventoryItem/56144982770048,9918995139006,L: KNIGHT-QUESTOR FLESH 12ML ROW X6,,GB,verified_uk,
gid://shopify/Product/15724528927104,gid://shopify/ProductVariant/57985941963136,gid://shopify/InventoryItem/56144983130496,99120102110,RED CORSAIRS: LORDS OF THE MAELSTROM,,GB,verified_uk,
gid://shopify/Product/15724529058176,gid://shopify/ProductVariant/57985942094208,gid://shopify/InventoryItem/56144983261568,99120104088,AELDARI: ELDRITCH RAIDERS,,GB,verified_uk,
gid://shopify/Product/15724529123712,gid://shopify/ProductVariant/57985942225280,gid://shopify/InventoryItem/56144983392640,99120102225,CHAOS SPACE MARINES: HURON BLACKHEART,,GB,verified_uk,
gid://shopify/Product/15724529254784,gid://shopify/ProductVariant/57985942356352,gid://shopify/InventoryItem/56144983523712,99120118027,MAELSTROM BATTALION: LEAGUES OF VOTANN,,GB,verified_uk,
gid://shopify/Product/15724529418624,gid://shopify/ProductVariant/57985942978944,gid://shopify/InventoryItem/56144984146304,60100181539,BL: HURON BLACKHEART: MASTER/MAELSTROM,,GB,verified_uk,
gid://shopify/Product/15724529582464,gid://shopify/ProductVariant/57985943142784,gid://shopify/InventoryItem/56144984310144,99120210064,SPEARHEAD: HURAKAN VANGUARD,,GB,verified_uk,
gid://shopify/Product/15724529713536,gid://shopify/ProductVariant/57985943536000,gid://shopify/InventoryItem/56144984703360,60050210005,WARSCROLL CARDS: LUMINETH REALMLORDS ENG,,GB,verified_uk,
gid://shopify/Product/15724529877376,gid://shopify/ProductVariant/57985943929216,gid://shopify/InventoryItem/56144984867200,60030210012,BATTLETOME: LUMINETH REALMLORDS (ENG),,GB,verified_uk,
gid://shopify/Product/15724529975680,gid://shopify/ProductVariant/57985944027520,gid://shopify/InventoryItem/56144985194880,99120210071,LUMINETH REALMLORDS: ILIATHAN WARHOST,,GB,verified_uk,
gid://shopify/Product/15724530139520,gid://shopify/ProductVariant/57985944453504,gid://shopify/InventoryItem/56144985620864,99220210003,AGE OF SIGMAR: LUMINETH REALMLORDS DICE,,GB,verified_uk,
gid://shopify/Product/15724530237824,gid://shopify/ProductVariant/57985944519040,gid://shopify/InventoryItem/56144985686400,99120210065,LUMINETH REALM-LORDS: VANARI LORD REGENT,,GB,verified_uk,
gid://shopify/Product/15724530303360,gid://shopify/ProductVariant/57985945239936,gid://shopify/InventoryItem/56144986407296,99120210063,LUMINETH REALM-LORDS: SIGIL CONVOCATION,,GB,verified_uk,
gid://shopify/Product/15724530368896,gid://shopify/ProductVariant/57985945305472,gid://shopify/InventoryItem/56144986472832,99220201033,AGE OF SIGMAR:DISCIPLES OF TZEENTCH DICE,,GB,verified_uk,
gid://shopify/Product/15724530434432,gid://shopify/ProductVariant/57985945633152,gid://shopify/InventoryItem/56144986800512,99120201204,SPEARHEAD: TZAANGOR WARFLOCK,,GB,verified_uk,
gid://shopify/Product/15724530532736,gid://shopify/ProductVariant/57985946780032,gid://shopify/InventoryItem/56144987947392,99120201236,DISCIPLES OF TZEENTCH: ARGENT SHARDS,,GB,verified_uk,
gid://shopify/Product/15724530631040,gid://shopify/ProductVariant/57985946878336,gid://shopify/InventoryItem/56144988045696,99120201205,DISCIPLES OF TZEENTCH: SEEKERS OF SILVER,,GB,verified_uk,
gid://shopify/Product/15724530729344,gid://shopify/ProductVariant/57985947238784,gid://shopify/InventoryItem/56144988406144,99120201262,DISCIPLES/TZEENTCH: WARPFLAME CAVALCADE,,GB,verified_uk,
gid://shopify/Product/15724530893184,gid://shopify/ProductVariant/57985947664768,gid://shopify/InventoryItem/56144988832128,99120201214,DISCIPLES OF TZEENTCH: FATEMASTER,,GB,verified_uk,
gid://shopify/Product/15724531057024,gid://shopify/ProductVariant/57985947795840,gid://shopify/InventoryItem/56144988963200,60030201033,BATTLETOME: DISCIPLES OF TZEENTCH ENG,,GB,verified_uk,
gid://shopify/Product/15724531155328,gid://shopify/ProductVariant/57985948549504,gid://shopify/InventoryItem/56144989716864,60050201014,WARSCROLL CARDS: DISCIPLES  TZEENTCH ENG,,GB,verified_uk,
gid://shopify/Product/15724531286400,gid://shopify/ProductVariant/57985948942720,gid://shopify/InventoryItem/56144990110080,60249999663,WHITE DWARF 521 (FEB-26) (ENGLISH),,GB,verified_uk,
gid://shopify/Product/15724531450240,gid://shopify/ProductVariant/57985949106560,gid://shopify/InventoryItem/56144990273920,99122701014,WARRIORS OF CHAOS: CHAOS MARAUDERS,,GB,verified_uk,
gid://shopify/Product/15724531515776,gid://shopify/ProductVariant/57985949434240,gid://shopify/InventoryItem/56144990601600,99122701015,WARRIORS O/CHAOS:CHAOS MARAUDER HORSEMEN,,GB,verified_uk,
gid://shopify/Product/15724531614080,gid://shopify/ProductVariant/57985949532544,gid://shopify/InventoryItem/56144990699904,99123001072,HORUS HERESY: MKIII BREACHER SQUAD,,GB,verified_uk,
gid://shopify/Product/15724531908992,gid://shopify/ProductVariant/57985949925760,gid://shopify/InventoryItem/56144991093120,99123001074,L/A: CATAPHRACTII TERMINATORS: PWR FISTS,,GB,verified_uk,
gid://shopify/Product/15724532040064,gid://shopify/ProductVariant/57985950089600,gid://shopify/InventoryItem/56144991256960,99123001075,L/A: CATAPHRACTII TERMINATORS: PWR MAULS,,GB,verified_uk,
gid://shopify/Product/15724532138368,gid://shopify/ProductVariant/57985950482816,gid://shopify/InventoryItem/56144991650176,99123001073,L/ASTARTES: BREACHER SQUAD UPGRADE SET,,GB,verified_uk,
gid://shopify/Product/15724532269440,gid://shopify/ProductVariant/57985950613888,gid://shopify/InventoryItem/56144991781248,60040199167,WARHAMMER 40000: CORE BOOK (ENGLISH),,GB,verified_uk,
gid://shopify/Product/15724532367744,gid://shopify/ProductVariant/57985950974336,gid://shopify/InventoryItem/56144992141696,60010199058,WARHAMMER 40000: STARTER SET (ENG),,GB,verified_uk,
gid://shopify/Product/15724532498816,gid://shopify/ProductVariant/57985951105408,gid://shopify/InventoryItem/56144992272768,60010199059,WARHAMMER 40000: INTRODUCTORY SET (ENG),,GB,verified_uk,
gid://shopify/Product/15724532597120,gid://shopify/ProductVariant/57985951465856,gid://shopify/InventoryItem/56144992633216,60010199067,WH40K: COMBAT PATROL STARTER SET (ENG),,GB,verified_uk,
gid://shopify/Product/15724532793728,gid://shopify/ProductVariant/57985951924608,gid://shopify/InventoryItem/56144992829824,60040199169,GETTING STARTED WITH WARHAMMER 40K (ENG),,GB,verified_uk,
gid://shopify/Product/15724532990336,gid://shopify/ProductVariant/57985952121216,gid://shopify/InventoryItem/56144993288576,99120199105,WH40K: BOARDING ACTIONS TERRAIN SET,,GB,verified_uk,
gid://shopify/Product/15724533186944,gid://shopify/ProductVariant/57985952579968,gid://shopify/InventoryItem/56144993747328,60050199059,CHAPTER APPROVED MISSION PACK (ENG),,GB,verified_uk,
gid://shopify/Product/15724533416320,gid://shopify/ProductVariant/57985952809344,gid://shopify/InventoryItem/56144993976704,60040199175,WARHAMMER 40K: BOARDING ACTIONS (ENG),,GB,verified_uk,
gid://shopify/Product/15724533547392,gid://shopify/ProductVariant/57985953169792,gid://shopify/InventoryItem/56144994337152,60040199182,WARHAMMER 40000: CRUSADE: ARMAGEDDON ENG,,GB,verified_uk,
gid://shopify/Product/15724533744000,gid://shopify/ProductVariant/57985953366400,gid://shopify/InventoryItem/56144994533760,52170199001,40K PAINTS + TOOLS ENG/SPA/PORT/LATV/ROM,,GB,verified_uk,
gid://shopify/Product/15724533907840,gid://shopify/ProductVariant/57985956151680,gid://shopify/InventoryItem/56144994959744,99120199131,WARHAMMER 40000: BATTLEFIELD TROPHIES,,GB,verified_uk,
gid://shopify/Product/15724534137216,gid://shopify/ProductVariant/57985956512128,gid://shopify/InventoryItem/56144997515648,99120199098,B/Z FRONTERIS: STC HAB-BUNKER & STOCKADE,,GB,verified_uk,
gid://shopify/Product/15724534301056,gid://shopify/ProductVariant/57985956872576,gid://shopify/InventoryItem/56144998039936,99120199076,B/ZONE MANUFACT.: SANCTUM ADMINISTRATUS,,GB,verified_uk,
gid://shopify/Product/15724534497664,gid://shopify/ProductVariant/57985957396864,gid://shopify/InventoryItem/56144998564224,99120199092,B/Z MANUF.:MUNITORUM ARMOURED CONTAINERS,,GB,verified_uk,
gid://shopify/Product/15724534661504,gid://shopify/ProductVariant/57985957790080,gid://shopify/InventoryItem/56144998957440,99120199133,WARHAMMER 40000: VOID WAR BASES,,GB,verified_uk,
gid://shopify/Product/15724534792576,gid://shopify/ProductVariant/57985957921152,gid://shopify/InventoryItem/56144999088512,60030102030,CODEX: CHAOS SPACE MARINES (ENGLISH),,GB,verified_uk,
gid://shopify/Product/15724534989184,gid://shopify/ProductVariant/57985958379904,gid://shopify/InventoryItem/56144999547264,99120102167,CHAOS SPACE MARINES: CHAOS BIKERS,,GB,verified_uk,
gid://shopify/Product/15724535153024,gid://shopify/ProductVariant/57985958543744,gid://shopify/InventoryItem/56144999711104,99120102192,CHAOS SPACE MARINES: CHAOS LORD,,GB,verified_uk,
gid://shopify/Product/15724535284096,gid://shopify/ProductVariant/57985958904192,gid://shopify/InventoryItem/56145000071552,99120102193,CHAOS SPACE MARINES: LORD WITH JUMP PACK,,GB,verified_uk,
gid://shopify/Product/15724535480704,gid://shopify/ProductVariant/57985959330176,gid://shopify/InventoryItem/56145000497536,99120102218,CHAOS SPACE MARINES: LEGIONARIES,,GB,verified_uk,
gid://shopify/Product/15724535611776,gid://shopify/ProductVariant/57985959428480,gid://shopify/InventoryItem/56145000595840,99120102220,CHAOS SPACE MARINES: TRAITOR ENFORCER,,GB,verified_uk,
gid://shopify/Product/15724535710080,gid://shopify/ProductVariant/57985959821696,gid://shopify/InventoryItem/56145000989056,99120102219,CHAOS S/MARINES: TRAITOR GUARDSMEN SQUAD,,GB,verified_uk,
gid://shopify/Product/15724535808384,gid://shopify/ProductVariant/57985959887232,gid://shopify/InventoryItem/56145001054592,99120102168,CHAOS SPACE MARINES: CHAOS RHINO,,GB,verified_uk,
gid://shopify/Product/15724535906688,gid://shopify/ProductVariant/57985960018304,gid://shopify/InventoryItem/56145001185664,99120102169,CSM: CHAOS LORD IN TERMINATOR ARMOUR,,GB,verified_uk,
gid://shopify/Product/15724536037760,gid://shopify/ProductVariant/57985960378752,gid://shopify/InventoryItem/56145001546112,99120102165,CHAOS SPACE MARINES: FORGEFIEND,,GB,verified_uk,
gid://shopify/Product/15724536103296,gid://shopify/ProductVariant/57985960477056,gid://shopify/InventoryItem/56145001644416,99120102166,CHAOS SPACE MARINES: HELDRAKE,,GB,verified_uk,
gid://shopify/Product/15724536201600,gid://shopify/ProductVariant/57985960837504,gid://shopify/InventoryItem/56145001972096,99120102171,CHAOS SPACE MARINES: TERMINATORS,,GB,verified_uk,
gid://shopify/Product/15724536299904,gid://shopify/ProductVariant/57985960935808,gid://shopify/InventoryItem/56145002103168,99120102173,CHAOS SPACE MARINES: DARK APOSTLE,,GB,verified_uk,
gid://shopify/Product/15724536430976,gid://shopify/ProductVariant/57985961329024,gid://shopify/InventoryItem/56145002463616,99120102131,AHRIMAN ARCH-SORCERER OF TZEENTCH,,GB,verified_uk,
gid://shopify/Product/15724536496512,gid://shopify/ProductVariant/57985961394560,gid://shopify/InventoryItem/56145002561920,99070102024,CHAOS SPACE MARINES MASTER OF EXECUTIONS,,GB,verified_uk,
gid://shopify/Product/15724536627584,gid://shopify/ProductVariant/57985961787776,gid://shopify/InventoryItem/56145002955136,99120102174,CSM: LORD DISCORDANT ON HELSTALKER,,GB,verified_uk,
gid://shopify/Product/15724536791424,gid://shopify/ProductVariant/57985961951616,gid://shopify/InventoryItem/56145003118976,99120102175,CSM ABADDON THE DESPOILER,,GB,verified_uk,
gid://shopify/Product/15724536922496,gid://shopify/ProductVariant/57985962082688,gid://shopify/InventoryItem/56145003250048,99120102170,CHAOS SPACE MARINES: HAVOCS,,GB,verified_uk,
gid://shopify/Product/15724537053568,gid://shopify/ProductVariant/57985962508672,gid://shopify/InventoryItem/56145003676032,99070102026,CHAOS SPACE MARINES: SORCERER,,GB,verified_uk,
gid://shopify/Product/15724537184640,gid://shopify/ProductVariant/57985962606976,gid://shopify/InventoryItem/56145003774336,99120102176,CHAOS SPACE MARINES: FABIUS BILE,,GB,verified_uk,
gid://shopify/Product/15724537315712,gid://shopify/ProductVariant/57985963098496,gid://shopify/InventoryItem/56145004265856,99120102147,CHAOS SPACE MARINE: ACCURSED CULTISTS,,GB,verified_uk,
gid://shopify/Product/15724537479552,gid://shopify/ProductVariant/57985963262336,gid://shopify/InventoryItem/56145004495232,99120102141,CHAOS SPACE MARINES: CHOSEN,,GB,verified_uk,
gid://shopify/Product/15724537643392,gid://shopify/ProductVariant/57985963688320,gid://shopify/InventoryItem/56145004855680,99120102138,CHAOS SPACE MARINES: WARPSMITH,,GB,verified_uk,
gid://shopify/Product/15724537840000,gid://shopify/ProductVariant/57985963884928,gid://shopify/InventoryItem/56145005052288,99120102140,CHAOS SPACE MARINES: POSSESSED,,GB,verified_uk,
gid://shopify/Product/15724537905536,gid://shopify/ProductVariant/57985964245376,gid://shopify/InventoryItem/56145005412736,99120102146,CHAOS SPACE MARINES: DARK COMMUNE,,GB,verified_uk,
gid://shopify/Product/15724538102144,gid://shopify/ProductVariant/57985964441984,gid://shopify/InventoryItem/56145005609344,99120102144,CHAOS SPACE MARINES: CHAOS CULTISTS,,GB,verified_uk,
gid://shopify/Product/15724538200448,gid://shopify/ProductVariant/57985964802432,gid://shopify/InventoryItem/56145005969792,99120102180,CHAOS S/M: VASHTORR THE ARKIFANE,,GB,verified_uk,
gid://shopify/Product/15724538397056,gid://shopify/ProductVariant/57985964999040,gid://shopify/InventoryItem/56145006166400,99120102190,COMBAT PATROL: CHAOS SPACE MARINES,,GB,verified_uk,
gid://shopify/Product/15724538528128,gid://shopify/ProductVariant/57985965392256,gid://shopify/InventoryItem/56145006559616,60030103013,CODEX: ORKS (HB) (ENGLISH),,GB,verified_uk,
gid://shopify/Product/15724538691968,gid://shopify/ProductVariant/57985965556096,gid://shopify/InventoryItem/56145006723456,99120103096,ORKS: WARBIKERS,,GB,verified_uk,
gid://shopify/Product/15724538823040,gid://shopify/ProductVariant/57985967915392,gid://shopify/InventoryItem/56145009082752,99120103089,ORKS: MEGANOBZ,,GB,verified_uk,
gid://shopify/Product/15724538954112,gid://shopify/ProductVariant/57985968046464,gid://shopify/InventoryItem/56145009213824,99120103083,ORKS: TRUKK,,GB,verified_uk,
gid://shopify/Product/15724539052416,gid://shopify/ProductVariant/57985968406912,gid://shopify/InventoryItem/56145009574272,99120103091,ORKS: BOYZ,,GB,verified_uk,
gid://shopify/Product/15724539216256,gid://shopify/ProductVariant/57985969062272,gid://shopify/InventoryItem/56145010196864,99120103094,ORKS: NOBZ,,GB,verified_uk,
gid://shopify/Product/15724539314560,gid://shopify/ProductVariant/57985969586560,gid://shopify/InventoryItem/56145010622848,99120103095,ORKS: STORMBOYZ,,GB,verified_uk,
gid://shopify/Product/15724539380096,gid://shopify/ProductVariant/57985969652096,gid://shopify/InventoryItem/56145010819456,99120103092,ORKS: RUNTHERD AND GRETCHIN,,GB,verified_uk,
gid://shopify/Product/15724539543936,gid://shopify/ProductVariant/57985970045312,gid://shopify/InventoryItem/56145011212672,99120103085,ORKS: KILLA KANS,,GB,verified_uk,
gid://shopify/Product/15724539675008,gid://shopify/ProductVariant/57985970176384,gid://shopify/InventoryItem/56145011343744,99120103088,ORKS: MORKANAUT,,GB,verified_uk,
gid://shopify/Product/15724539838848,gid://shopify/ProductVariant/57985970340224,gid://shopify/InventoryItem/56145011507584,99120103084,ORKS: BATTLEWAGON,,GB,verified_uk,
gid://shopify/Product/15724539969920,gid://shopify/ProductVariant/57985970700672,gid://shopify/InventoryItem/56145011868032,99120103093,ORKS: LOOTAS,,GB,verified_uk,
gid://shopify/Product/15724540166528,gid://shopify/ProductVariant/57985970897280,gid://shopify/InventoryItem/56145012064640,99120103087,ORKS: FLASH GITZ,,GB,verified_uk,
gid://shopify/Product/15724540297600,gid://shopify/ProductVariant/57985971257728,gid://shopify/InventoryItem/56145012425088,99070103005,ORKS: PAINBOY,,GB,verified_uk,
gid://shopify/Product/15724540461440,gid://shopify/ProductVariant/57985971421568,gid://shopify/InventoryItem/56145012588928,99120103086,ORKS: MEK GUN,,GB,verified_uk,
gid://shopify/Product/15724540625280,gid://shopify/ProductVariant/57985971814784,gid://shopify/InventoryItem/56145012982144,99120103079,ORKS: GHAZGHKULL THRAKA,,GB,verified_uk,
gid://shopify/Product/15724540854656,gid://shopify/ProductVariant/57985972044160,gid://shopify/InventoryItem/56145013211520,99120103090,ORKS: DAKKAJET,,GB,verified_uk,
gid://shopify/Product/15724540985728,gid://shopify/ProductVariant/57985972404608,gid://shopify/InventoryItem/56145013571968,99120103103,ORKS: SHOKKJUMP DRAGSTA,,GB,verified_uk,
gid://shopify/Product/15724541149568,gid://shopify/ProductVariant/57985972568448,gid://shopify/InventoryItem/56145013735808,99120103101,ORKS: MEGATRAKK SCRAPJET,,GB,verified_uk,
gid://shopify/Product/15724541378944,gid://shopify/ProductVariant/57985972994432,gid://shopify/InventoryItem/56145014161792,99120103099,ORKS: DEFFKILLA WARTRIKE,,GB,verified_uk,
gid://shopify/Product/15724541542784,gid://shopify/ProductVariant/57985973191040,gid://shopify/InventoryItem/56145014358400,99120103098,ORKS: BOOMDAKKA SNAZZWAGON,,GB,verified_uk,
gid://shopify/Product/15724541706624,gid://shopify/ProductVariant/57985973584256,gid://shopify/InventoryItem/56145014751616,99120103114,ORKS: BOSS SNIKROT,,GB,verified_uk,
gid://shopify/Product/15724541837696,gid://shopify/ProductVariant/57985973944704,gid://shopify/InventoryItem/56145015112064,99120103082,ORKS: BIG 'ED BOSSBUNKA,,GB,verified_uk,
gid://shopify/Product/15724542034304,gid://shopify/ProductVariant/57985974632832,gid://shopify/InventoryItem/56145015800192,99120103072,ORKS: KILL RIG,,GB,verified_uk,
gid://shopify/Product/15724542132608,gid://shopify/ProductVariant/57985974763904,gid://shopify/InventoryItem/56145015931264,99070103006,ORKS: PAINBOSS,,GB,verified_uk,
gid://shopify/Product/15724542361984,gid://shopify/ProductVariant/57985975550336,gid://shopify/InventoryItem/56145016422784,99120103073,ORKS: BEAST SNAGGA BOYZ,,GB,verified_uk,
gid://shopify/Product/15724542493056,gid://shopify/ProductVariant/57985975943552,gid://shopify/InventoryItem/56145017110912,99120103076,ORKS: SQUIGHOG BOYZ,,GB,verified_uk,
gid://shopify/Product/15724542755200,gid://shopify/ProductVariant/57985976664448,gid://shopify/InventoryItem/56145017831808,99120103075,ORKS: MOZROG SKRAGBAD,,GB,verified_uk,
gid://shopify/Product/15724542853504,gid://shopify/ProductVariant/57985976762752,gid://shopify/InventoryItem/56145017930112,99120103105,ORKS: ORK WARBOSS IN MEGA ARMOUR,,GB,verified_uk,
gid://shopify/Product/15724543050112,gid://shopify/ProductVariant/57985976959360,gid://shopify/InventoryItem/56145018126720,99120103106,ORKS: BOYZ (COMBAT PATROL),,GB,verified_uk,
gid://shopify/Product/15724543181184,gid://shopify/ProductVariant/57985977319808,gid://shopify/InventoryItem/56145018487168,99120103107,ORKS: DEFFKOPTAS,,GB,verified_uk,
gid://shopify/Product/15724543410560,gid://shopify/ProductVariant/57985977516416,gid://shopify/InventoryItem/56145018683776,99120103120,ORKS: BIG MEK,,GB,verified_uk,
gid://shopify/Product/15724543574400,gid://shopify/ProductVariant/57985977975168,gid://shopify/InventoryItem/56145019142528,99120103127,ORKS: KOMMANDOS,,GB,verified_uk,
gid://shopify/Product/15724543803776,gid://shopify/ProductVariant/57985978204544,gid://shopify/InventoryItem/56145019371904,99120103115,COMBAT PATROL: ORKS,,GB,verified_uk,
gid://shopify/Product/15724543967616,gid://shopify/ProductVariant/57985978663296,gid://shopify/InventoryItem/56145019830656,60030104013,CODEX: AELDARI (ENGLISH),,GB,verified_uk,
gid://shopify/Product/15724544229760,gid://shopify/ProductVariant/57985979056512,gid://shopify/InventoryItem/56145020223872,99120104082,AELDARI: WINDRIDERS,,GB,verified_uk,
gid://shopify/Product/15724544393600,gid://shopify/ProductVariant/57985979416960,gid://shopify/InventoryItem/56145020584320,99120104091,AELDARI: GUARDIANS,,GB,verified_uk,
gid://shopify/Product/15724544590208,gid://shopify/ProductVariant/57985979711872,gid://shopify/InventoryItem/56145020879232,99120104083,AELDARI: WRAITHGUARD,,GB,verified_uk,
gid://shopify/Product/15724544688512,gid://shopify/ProductVariant/57985980039552,gid://shopify/InventoryItem/56145021206912,99120104079,AELDARI: DIRE AVENGERS,,GB,verified_uk,
gid://shopify/Product/15724544852352,gid://shopify/ProductVariant/57985980301696,gid://shopify/InventoryItem/56145021469056,99120104066,AELDARI: WARLOCKS,,GB,verified_uk,
gid://shopify/Product/15724545016192,gid://shopify/ProductVariant/57985980727680,gid://shopify/InventoryItem/56145021895040,99120104085,AELDARI: WRAITHLORD,,GB,verified_uk,
gid://shopify/Product/15724545180032,gid://shopify/ProductVariant/57985980825984,gid://shopify/InventoryItem/56145021993344,99120104107,AELDARI: WAR WALKERS,,GB,verified_uk,
gid://shopify/Product/15724545343872,gid://shopify/ProductVariant/57985982366080,gid://shopify/InventoryItem/56145023533440,99070104012,AELDARI: FARSEER SKYRUNNER,,GB,verified_uk,
gid://shopify/Product/15724545507712,gid://shopify/ProductVariant/57985982759296,gid://shopify/InventoryItem/56145023926656,99120104106,AELDARI: WAVE SERPENT,,GB,verified_uk,
gid://shopify/Product/15724545737088,gid://shopify/ProductVariant/57985982955904,gid://shopify/InventoryItem/56145024156032,99120104068,AELDARI: DARK REAPERS,,GB,verified_uk,
gid://shopify/Product/15724545835392,gid://shopify/ProductVariant/57985983381888,gid://shopify/InventoryItem/56145024549248,99120104084,AELDARI: WRAITHKNIGHT,,GB,verified_uk,
gid://shopify/Product/15724546032000,gid://shopify/ProductVariant/57985983578496,gid://shopify/InventoryItem/56145024745856,99120104071,AELDARI: SHINING SPEARS,,GB,verified_uk,
gid://shopify/Product/15724546228608,gid://shopify/ProductVariant/57985986527616,gid://shopify/InventoryItem/56145025171840,99120104073,AELDARI: RANGERS,,GB,verified_uk,
gid://shopify/Product/15724546359680,gid://shopify/ProductVariant/57985986920832,gid://shopify/InventoryItem/56145028088192,99120104077,AELDARI: AUTARCH,,GB,verified_uk,
gid://shopify/Product/15724546523520,gid://shopify/ProductVariant/57985987084672,gid://shopify/InventoryItem/56145028252032,99120104069,AELDARI: MAUGAN RA,,GB,verified_uk,
gid://shopify/Product/15724546654592,gid://shopify/ProductVariant/57985987215744,gid://shopify/InventoryItem/56145028383104,99120104100,AELDARI: WARP SPIDERS,,GB,verified_uk,
gid://shopify/Product/15724546818432,gid://shopify/ProductVariant/57985987379584,gid://shopify/InventoryItem/56145028546944,99120104086,AELDARI: HOWLING BANSHEES,,GB,verified_uk,
gid://shopify/Product/15724546916736,gid://shopify/ProductVariant/57985987740032,gid://shopify/InventoryItem/56145028907392,99120104102,AELDARI: FIRE DRAGONS,,GB,verified_uk,
gid://shopify/Product/15724547080576,gid://shopify/ProductVariant/57985987903872,gid://shopify/InventoryItem/56145029071232,99120104098,AELDARI: SWOOPING HAWKS,,GB,verified_uk,
gid://shopify/Product/15724547277184,gid://shopify/ProductVariant/57985988428160,gid://shopify/InventoryItem/56145029595520,99120104087,AELDARI: JAIN ZAR,,GB,verified_uk,
gid://shopify/Product/15724547473792,gid://shopify/ProductVariant/57985988919680,gid://shopify/InventoryItem/56145029824896,99120104089,AELDARI: ASURMEN,,GB,verified_uk,
gid://shopify/Product/15724547572096,gid://shopify/ProductVariant/57985989017984,gid://shopify/InventoryItem/56145030185344,99120104101,AELDARI: LHYKHIS,,GB,verified_uk,
gid://shopify/Product/15724547735936,gid://shopify/ProductVariant/57985990033792,gid://shopify/InventoryItem/56145031201152,99120104099,AELDARI: PHOENIX LORD BAHARROTH,,GB,verified_uk,
gid://shopify/Product/15724547932544,gid://shopify/ProductVariant/57985990230400,gid://shopify/InventoryItem/56145031397760,99120104103,AELDARI: PHOENIX LORD FUEGAN,,GB,verified_uk,
gid://shopify/Product/15724548096384,gid://shopify/ProductVariant/57985990623616,gid://shopify/InventoryItem/56145031790976,99070104008,AELDARI: ELDRAD ULTHRAN,,GB,verified_uk,
gid://shopify/Product/15724548227456,gid://shopify/ProductVariant/57985990787456,gid://shopify/InventoryItem/56145031954816,99070104013,AELDARI: SPIRITSEER,,GB,verified_uk,
gid://shopify/Product/15724548358528,gid://shopify/ProductVariant/57985991180672,gid://shopify/InventoryItem/56145032348032,99120104072,AELDARI: AVATAR OF KHAINE,,GB,verified_uk,
gid://shopify/Product/15724548587904,gid://shopify/ProductVariant/57985991410048,gid://shopify/InventoryItem/56145032577408,99120104074,AELDARI: SHROUD RUNNERS,,GB,verified_uk,
gid://shopify/Product/15724548751744,gid://shopify/ProductVariant/57985991836032,gid://shopify/InventoryItem/56145033003392,99120111007,AELDARI: HARLEQUIN TROUPE,,GB,verified_uk,
gid://shopify/Product/15724548882816,gid://shopify/ProductVariant/57985991967104,gid://shopify/InventoryItem/56145033134464,99120111005,AELDARI: SKYWEAVERS,,GB,verified_uk,
gid://shopify/Product/15724549013888,gid://shopify/ProductVariant/57985992163712,gid://shopify/InventoryItem/56145033331072,99120111006,AELDARI: STARWEAVER,,GB,verified_uk,
gid://shopify/Product/15724549177728,gid://shopify/ProductVariant/57985992327552,gid://shopify/InventoryItem/56145033494912,99070111005,AELDARI: SHADOWSEER,,GB,verified_uk,
gid://shopify/Product/15724549341568,gid://shopify/ProductVariant/57985992688000,gid://shopify/InventoryItem/56145033855360,99070111004,AELDARI: DEATH JESTER,,GB,verified_uk,
gid://shopify/Product/15724549505408,gid://shopify/ProductVariant/57985992851840,gid://shopify/InventoryItem/56145034019200,99120104097,COMBAT PATROL: AELDARI,,GB,verified_uk,
gid://shopify/Product/15724549636480,gid://shopify/ProductVariant/57985993212288,gid://shopify/InventoryItem/56145034379648,60030105013,CODEX: ASTRA MILITARUM (ENG),,GB,verified_uk,
gid://shopify/Product/15724549800320,gid://shopify/ProductVariant/57985993572736,gid://shopify/InventoryItem/56145034740096,99120105111,ASTRA MILITARUM LEMAN RUSS BATTLE TANK,,GB,verified_uk,
gid://shopify/Product/15724549996928,gid://shopify/ProductVariant/57985993965952,gid://shopify/InventoryItem/56145035133312,99120105114,ASTRA MILITARUM CHIMERA,,GB,verified_uk,
gid://shopify/Product/15724550128000,gid://shopify/ProductVariant/57985994129792,gid://shopify/InventoryItem/56145035297152,99120105102,ASTRA MILITARUM: CADIAN COMMAND SQUAD,,GB,verified_uk,
gid://shopify/Product/15724550259072,gid://shopify/ProductVariant/57985994457472,gid://shopify/InventoryItem/56145035624832,99120105113,ASTRA MILITARUM VALKYRIE,,GB,verified_uk,
gid://shopify/Product/15724550357376,gid://shopify/ProductVariant/57985994555776,gid://shopify/InventoryItem/56145035723136,99120105103,ASTRA MILITARUM: SENTINEL,,GB,verified_uk,
gid://shopify/Product/15724550521216,gid://shopify/ProductVariant/57985994948992,gid://shopify/InventoryItem/56145036116352,99120105117,ASTRA MILITARUM: BULLGRYNS,,GB,verified_uk,
gid://shopify/Product/15724550685056,gid://shopify/ProductVariant/57985995112832,gid://shopify/InventoryItem/56145036280192,99120105116,ASTRA MILITARUM: TEMPESTUS SCIONS,,GB,verified_uk,
gid://shopify/Product/15724550881664,gid://shopify/ProductVariant/57985995571584,gid://shopify/InventoryItem/56145036738944,99120105097,A/MILITARUM: CADIAN HEAVY WEAPONS SQUAD,,GB,verified_uk,
gid://shopify/Product/15724551012736,gid://shopify/ProductVariant/57985995702656,gid://shopify/InventoryItem/56145036870016,99120105115,ASTRA MILITARUM HYDRA,,GB,verified_uk,
gid://shopify/Product/15724551143808,gid://shopify/ProductVariant/57985995833728,gid://shopify/InventoryItem/56145037001088,99120105107,ASTRA MILITARUM: BANEBLADE,,GB,verified_uk,
gid://shopify/Product/15724551307648,gid://shopify/ProductVariant/57985996718464,gid://shopify/InventoryItem/56145037885824,99120105118,ASTRA MILITARUM: GAUNT'S GHOSTS,,GB,verified_uk,
gid://shopify/Product/15724551438720,gid://shopify/ProductVariant/57985996915072,gid://shopify/InventoryItem/56145038082432,99120105098,A/MILITARUM: ROGAL DORN BATTLE TANK,,GB,verified_uk,
gid://shopify/Product/15724551602560,gid://shopify/ProductVariant/57985997341056,gid://shopify/InventoryItem/56145038508416,99120105096,A/MILITARUM: LORD CASTELLAN URSULA CREED,,GB,verified_uk,
gid://shopify/Product/15724551831936,gid://shopify/ProductVariant/57985997537664,gid://shopify/InventoryItem/56145038737792,99120105101,ASTRA MILITARUM: CADIAN SHOCK TROOPS,,GB,verified_uk,
gid://shopify/Product/15724551963008,gid://shopify/ProductVariant/57985997963648,gid://shopify/InventoryItem/56145039131008,99120105100,ASTRA MILITARUM: CADIAN CASTELLAN,,GB,verified_uk,
gid://shopify/Product/15724552192384,gid://shopify/ProductVariant/57985998520704,gid://shopify/InventoryItem/56145039688064,99120105095,ASTRA MILITARUM: LORD SOLAR LEONTUS,,GB,verified_uk,
gid://shopify/Product/15724552356224,gid://shopify/ProductVariant/57985999143296,gid://shopify/InventoryItem/56145040310656,99120105092,ASTRA MILITARUM: ATTILAN ROUGH RIDERS,,GB,verified_uk,
gid://shopify/Product/15724552585600,gid://shopify/ProductVariant/57985999372672,gid://shopify/InventoryItem/56145040540032,99120105106,ASTRA MILITARUM: CADIAN UPGRADES,,GB,verified_uk,
gid://shopify/Product/15724552749440,gid://shopify/ProductVariant/57985999798656,gid://shopify/InventoryItem/56145040966016,99120105104,ASTRA MILITARUM: FIELD ORDNANCE BATTERY,,GB,verified_uk,
gid://shopify/Product/15724552946048,gid://shopify/ProductVariant/57985999995264,gid://shopify/InventoryItem/56145041162624,99120105099,ASTRA MILITARUM: COMMISSAR,,GB,verified_uk,
gid://shopify/Product/15724553077120,gid://shopify/ProductVariant/57986000388480,gid://shopify/InventoryItem/56145041555840,99120105127,ASTRA MILITARUM: KRIEG COMMAND SQUAD,,GB,verified_uk,
gid://shopify/Product/15724553273728,gid://shopify/ProductVariant/57986000585088,gid://shopify/InventoryItem/56145041752448,99120105130,A/MILITARUM: KRIEG HEAVY WEAPONS SQUAD,,GB,verified_uk,
gid://shopify/Product/15724553437568,gid://shopify/ProductVariant/57986001011072,gid://shopify/InventoryItem/56145041916288,99120105128,ASTRA MILITARUM: DEATH RIDERS,,GB,verified_uk,
gid://shopify/Product/15724553666944,gid://shopify/ProductVariant/57986001305984,gid://shopify/InventoryItem/56145042473344,99120105129,ASTRA MILITARUM: KRIEG COMBAT ENGINEERS,,GB,verified_uk,
gid://shopify/Product/15724553765248,gid://shopify/ProductVariant/57986001699200,gid://shopify/InventoryItem/56145042866560,99120105125,A/MILITARUM: KRIEG LORD-MARSHAL DREIR,,GB,verified_uk,
gid://shopify/Product/15724553929088,gid://shopify/ProductVariant/57986001863040,gid://shopify/InventoryItem/56145043030400,99120105126,ASTRA MILITARUM: KRIEG ARTILLERY TEAM,,GB,verified_uk,
gid://shopify/Product/15724554125696,gid://shopify/ProductVariant/57986002321792,gid://shopify/InventoryItem/56145043489152,99120105135,A/MILITARUM: DEATH KORPS OF KRIEG,,GB,verified_uk,
gid://shopify/Product/15724554289536,gid://shopify/ProductVariant/57986002747776,gid://shopify/InventoryItem/56145043652992,99120105124,COMBAT PATROL: ASTRA MILITARUM,,GB,verified_uk,
gid://shopify/Product/15724554453376,gid://shopify/ProductVariant/57986003140992,gid://shopify/InventoryItem/56145044308352,60030106010,CODEX: TYRANIDS (ENGLISH),,GB,verified_uk,
gid://shopify/Product/15724554584448,gid://shopify/ProductVariant/57986003304832,gid://shopify/InventoryItem/56145044439424,99120106068,TYRANIDS: GENESTEALERS,,GB,verified_uk,
gid://shopify/Product/15724554715520,gid://shopify/ProductVariant/57986004484480,gid://shopify/InventoryItem/56145045651840,99120106055,TYRANIDS: HIVE GUARD,,GB,verified_uk,
gid://shopify/Product/15724554846592,gid://shopify/ProductVariant/57986004615552,gid://shopify/InventoryItem/56145045782912,99120106060,TYRANIDS: WINGED HIVE TYRANT,,GB,verified_uk,
gid://shopify/Product/15724555043200,gid://shopify/ProductVariant/57986005107072,gid://shopify/InventoryItem/56145046274432,99120106054,TYRANIDS: TYRANNOFEX,,GB,verified_uk,
gid://shopify/Product/15724555174272,gid://shopify/ProductVariant/57986005238144,gid://shopify/InventoryItem/56145046405504,99120106052,TYRANIDS: GARGOYLES,,GB,verified_uk,
gid://shopify/Product/15724555305344,gid://shopify/ProductVariant/57986005565824,gid://shopify/InventoryItem/56145046733184,99120106073,TYRANIDS: HORMAGAUNTS,,GB,verified_uk,
gid://shopify/Product/15724555501952,gid://shopify/ProductVariant/57986005762432,gid://shopify/InventoryItem/56145046929792,99120106058,TYRANIDS: WARRIORS,,GB,verified_uk,
gid://shopify/Product/15724555633024,gid://shopify/ProductVariant/57986006090112,gid://shopify/InventoryItem/56145047257472,99120106057,TYRANIDS: VENOMTHROPES,,GB,verified_uk,
gid://shopify/Product/15724555796864,gid://shopify/ProductVariant/57986006253952,gid://shopify/InventoryItem/56145047421312,99120106059,TYRANIDS: BROODLORD,,GB,verified_uk,
gid://shopify/Product/15724555895168,gid://shopify/ProductVariant/57986006548864,gid://shopify/InventoryItem/56145047716224,99120106050,TYRANIDS: PARASITE OF MORTREX,,GB,verified_uk,
gid://shopify/Product/15724556091776,gid://shopify/ProductVariant/57986006942080,gid://shopify/InventoryItem/56145047912832,99120106069,TYRANIDS: LICTOR,,GB,verified_uk,
gid://shopify/Product/15724556255616,gid://shopify/ProductVariant/57986007105920,gid://shopify/InventoryItem/56145048273280,99120106067,TYRANIDS: DEATHLEAPER,,GB,verified_uk,
gid://shopify/Product/15724556419456,gid://shopify/ProductVariant/57986007531904,gid://shopify/InventoryItem/56145048699264,99120106064,TYRANIDS: NORN EMISSARY,,GB,verified_uk,
gid://shopify/Product/15724556517760,gid://shopify/ProductVariant/57986007630208,gid://shopify/InventoryItem/56145048797568,99120106072,TYRANIDS: NEUROLICTOR,,GB,verified_uk,
gid://shopify/Product/15724556681600,gid://shopify/ProductVariant/57986008056192,gid://shopify/InventoryItem/56145048961408,99120106071,TYRANIDS: NEUROGAUNTS,,GB,verified_uk,
gid://shopify/Product/15724556779904,gid://shopify/ProductVariant/57986008154496,gid://shopify/InventoryItem/56145049321856,99120106066,TYRANIDS: TERMAGANTS,,GB,verified_uk,
gid://shopify/Product/15724557009280,gid://shopify/ProductVariant/57986008646016,gid://shopify/InventoryItem/56145049813376,99120106070,TYRANIDS: VON RYAN'S LEAPERS,,GB,verified_uk,
gid://shopify/Product/15724557173120,gid://shopify/ProductVariant/57986008809856,gid://shopify/InventoryItem/56145049977216,99120106065,TYRANIDS: BIOVORE,,GB,verified_uk,
gid://shopify/Product/15724557336960,gid://shopify/ProductVariant/57986009235840,gid://shopify/InventoryItem/56145050403200,52170106001,TYRANID PAINT SET+ ENG/SPA/PORT/LATV/ROM,,GB,verified_uk,
gid://shopify/Product/15724557468032,gid://shopify/ProductVariant/57986009956736,gid://shopify/InventoryItem/56145051124096,99120106081,COMBAT PATROL: TYRANID ASSAULT BROOD,,GB,verified_uk,
gid://shopify/Product/15724557664640,gid://shopify/ProductVariant/57986010415488,gid://shopify/InventoryItem/56145051582848,60030107008,CODEX: GREY KNIGHTS (ENGLISH),,GB,verified_uk,
gid://shopify/Product/15724557828480,gid://shopify/ProductVariant/57986010579328,gid://shopify/InventoryItem/56145051746688,99120107023,G/K: GRAND MASTER IN NEMESIS DREADKNIGHT,,GB,verified_uk,
gid://shopify/Product/15724557992320,gid://shopify/ProductVariant/57986011005312,gid://shopify/InventoryItem/56145052172672,99120107018,GREY KNIGHTS: STRIKE SQUAD,,GB,verified_uk,
gid://shopify/Product/15724558156160,gid://shopify/ProductVariant/57986011169152,gid://shopify/InventoryItem/56145052336512,99120107019,G/KNIGHTS BROTHERHOOD TERMINATOR SQUAD,,GB,verified_uk,
gid://shopify/Product/15724558254464,gid://shopify/ProductVariant/57986011529600,gid://shopify/InventoryItem/56145052696960,99070107002,GREY KNIGHTS GRAND MASTER VOLDUS,,GB,verified_uk,
gid://shopify/Product/15724558418304,gid://shopify/ProductVariant/57986011660672,gid://shopify/InventoryItem/56145052828032,99120107015,GREY KNIGHTS: CASTELLAN CROWE,,GB,verified_uk,
gid://shopify/Product/15724558582144,gid://shopify/ProductVariant/57986011857280,gid://shopify/InventoryItem/56145053024640,99120107021,COMBAT PATROL: GREY KNIGHTS,,GB,verified_uk,
gid://shopify/Product/15724558680448,gid://shopify/ProductVariant/57986012250496,gid://shopify/InventoryItem/56145053417856,99070108017,IMPERIAL AGENTS: VINDICARE ASSASSIN,,GB,verified_uk,
gid://shopify/Product/15724558811520,gid://shopify/ProductVariant/57986012381568,gid://shopify/InventoryItem/56145053548928,99070108016,IMPERIAL AGENTS: CULEXUS ASSASSIN,,GB,verified_uk,
gid://shopify/Product/15724559008128,gid://shopify/ProductVariant/57986012840320,gid://shopify/InventoryItem/56145053974912,99070108018,IMPERIAL AGENTS: CALLIDUS ASSASSIN,,GB,verified_uk,
gid://shopify/Product/15724559139200,gid://shopify/ProductVariant/57986012971392,gid://shopify/InventoryItem/56145054105984,99070108015,IMPERIAL AGENTS: EVERSOR ASSASSIN,,GB,verified_uk,
gid://shopify/Product/15724559270272,gid://shopify/ProductVariant/57986013364608,gid://shopify/InventoryItem/56145054499200,99070108020,IMPERIAL AGENTS: INQUISITOR DRAXUS,,GB,verified_uk,
gid://shopify/Product/15724559401344,gid://shopify/ProductVariant/57986013495680,gid://shopify/InventoryItem/56145054663040,99070108019,IMPERIAL AGENTS: INQUISITOR GREYFAX,,GB,verified_uk,
gid://shopify/Product/15724559565184,gid://shopify/ProductVariant/57986013921664,gid://shopify/InventoryItem/56145055089024,99070108014,IMPERIAL AGENTS: NAVIGATOR,,GB,verified_uk,
gid://shopify/Product/15724559794560,gid://shopify/ProductVariant/57986014151040,gid://shopify/InventoryItem/56145055318400,99070108022,IMP. AGENTS: DEATHWATCH CAPTAIN ARTEMIS,,GB,verified_uk,
gid://shopify/Product/15724559925632,gid://shopify/ProductVariant/57986014511488,gid://shopify/InventoryItem/56145055678848,60030108021,CODEX: IMPERIAL AGENTS (ENGLISH),,GB,verified_uk,
gid://shopify/Product/15724560056704,gid://shopify/ProductVariant/57986014675328,gid://shopify/InventoryItem/56145055842688,99120108101,COMBAT PATROL: IMPERIAL AGENTS,,GB,verified_uk,
gid://shopify/Product/15724560253312,gid://shopify/ProductVariant/57986015887744,gid://shopify/InventoryItem/56145057055104,99120108031,ADEPTUS CUSTODES: VALERIAN AND ALEYA,,GB,verified_uk,
gid://shopify/Product/15724560449920,gid://shopify/ProductVariant/57986016084352,gid://shopify/InventoryItem/56145057251712,99120109016,DEATHWATCH: CORVUS BLACKSTAR,,GB,verified_uk,
gid://shopify/Product/15724560548224,gid://shopify/ProductVariant/57986016477568,gid://shopify/InventoryItem/56145057644928,99070109008,DEATHWATCH WATCH MASTER,,GB,verified_uk,
gid://shopify/Product/15724560712064,gid://shopify/ProductVariant/57986016903552,gid://shopify/InventoryItem/56145057808768,99070109007,DEATHWATCH UPGRADES,,GB,verified_uk,
gid://shopify/Product/15724560875904,gid://shopify/ProductVariant/57986017558912,gid://shopify/InventoryItem/56145058726272,60030110008,CODEX: NECRONS (ENG),,GB,verified_uk,
gid://shopify/Product/15724561072512,gid://shopify/ProductVariant/57986018017664,gid://shopify/InventoryItem/56145059185024,99120110052,NECRONS: NECRON WARRIORS,,GB,verified_uk,
gid://shopify/Product/15724561203584,gid://shopify/ProductVariant/57986018148736,gid://shopify/InventoryItem/56145059316096,99120110058,NECRONS: TRIARCH PRAETORIANS,,GB,verified_uk,
gid://shopify/Product/15724561432960,gid://shopify/ProductVariant/57986019131776,gid://shopify/InventoryItem/56145059479936,99120110043,NECRONS MONOLITH,,GB,verified_uk,
gid://shopify/Product/15724561531264,gid://shopify/ProductVariant/57986019524992,gid://shopify/InventoryItem/56145060692352,99120110057,NECRONS: IMMORTALS,,GB,verified_uk,
gid://shopify/Product/15724561727872,gid://shopify/ProductVariant/57986019721600,gid://shopify/InventoryItem/56145060888960,99120110063,NECRONS: GHOST ARK,,GB,verified_uk,
gid://shopify/Product/15724561858944,gid://shopify/ProductVariant/57986020082048,gid://shopify/InventoryItem/56145061249408,99120110064,NECRONS: CATACOMB COMMAND BARGE,,GB,verified_uk,
gid://shopify/Product/15724562055552,gid://shopify/ProductVariant/57986020311424,gid://shopify/InventoryItem/56145061478784,99120110059,NECRONS: TOMB BLADES,,GB,verified_uk,
gid://shopify/Product/15724562186624,gid://shopify/ProductVariant/57986020704640,gid://shopify/InventoryItem/56145061872000,99120110060,NECRONS: CANOPTEK WRAITHS,,GB,verified_uk,
gid://shopify/Product/15724562383232,gid://shopify/ProductVariant/57986021163392,gid://shopify/InventoryItem/56145062330752,99120110065,NECRONS: DOOM SCYTHE,,GB,verified_uk,
gid://shopify/Product/15724562514304,gid://shopify/ProductVariant/57986021294464,gid://shopify/InventoryItem/56145062461824,99120110061,NECRONS: CANOPTEK SPYDER,,GB,verified_uk,
gid://shopify/Product/15724562678144,gid://shopify/ProductVariant/57986021720448,gid://shopify/InventoryItem/56145062887808,99120110062,NECRONS: TRIARCH STALKER,,GB,verified_uk,
gid://shopify/Product/15724562841984,gid://shopify/ProductVariant/57986021851520,gid://shopify/InventoryItem/56145063018880,99070110005,NECRONS: CRYPTEK,,GB,verified_uk,
gid://shopify/Product/15724563005824,gid://shopify/ProductVariant/57986022211968,gid://shopify/InventoryItem/56145063379328,99120110047,NECRONS: SZAREKH THE SILENT KING,,GB,verified_uk,
gid://shopify/Product/15724563169664,gid://shopify/ProductVariant/57986022343040,gid://shopify/InventoryItem/56145063510400,99120110048,NECRONS HEXMARK DESTROYER,,GB,verified_uk,
gid://shopify/Product/15724563300736,gid://shopify/ProductVariant/57986022736256,gid://shopify/InventoryItem/56145063903616,99120110044,NECRONS LOKHUSTS HEAVY DESTROYER,,GB,verified_uk,
gid://shopify/Product/15724563497344,gid://shopify/ProductVariant/57986022834560,gid://shopify/InventoryItem/56145064001920,99120110045,NECRONS CANOPTEK DOOMSTALKER,,GB,verified_uk,
gid://shopify/Product/15724563661184,gid://shopify/ProductVariant/57986023227776,gid://shopify/InventoryItem/56145064395136,99120110054,NECRONS: C'TAN SHARD OF THE VOID DRAGON,,GB,verified_uk,
gid://shopify/Product/15724563825024,gid://shopify/ProductVariant/57986023358848,gid://shopify/InventoryItem/56145064526208,99120110051,NECRONS SKORPEKH DESTROYERS,,GB,verified_uk,
gid://shopify/Product/15724563923328,gid://shopify/ProductVariant/57986023489920,gid://shopify/InventoryItem/56145064657280,99120110053,NECRONS OPHYDIAN DESTROYERS,,GB,verified_uk,
gid://shopify/Product/15724564054400,gid://shopify/ProductVariant/57986023850368,gid://shopify/InventoryItem/56145065017728,99120110073,NECRONS PSYCHOMANCER,,GB,verified_uk,
gid://shopify/Product/15724564185472,gid://shopify/ProductVariant/57986023948672,gid://shopify/InventoryItem/56145065116032,99120110056,NECRONS: FLAYED ONES,,GB,verified_uk,
gid://shopify/Product/15724564283776,gid://shopify/ProductVariant/57986025193856,gid://shopify/InventoryItem/56145066328448,99070110003,NECRONS CHRONOMANCER,,GB,verified_uk,
gid://shopify/Product/15724564414848,gid://shopify/ProductVariant/57986025587072,gid://shopify/InventoryItem/56145066754432,99120110088,NECRONS: CTAN SHARD OF THE NIGHTBRINGER,,GB,verified_uk,
gid://shopify/Product/15724564578688,gid://shopify/ProductVariant/57986025750912,gid://shopify/InventoryItem/56145066918272,99120110089,NECRONS: NEKROSOR AMMENTAR,,GB,verified_uk,
gid://shopify/Product/15724564676992,gid://shopify/ProductVariant/57986026111360,gid://shopify/InventoryItem/56145067278720,99120110078,NECRONS: IMOTEKH THE STORMLORD,,GB,verified_uk,
gid://shopify/Product/15724564808064,gid://shopify/ProductVariant/57986026275200,gid://shopify/InventoryItem/56145067442560,99120110049,NECRONS ILLUMINOR SZERAS,,GB,verified_uk,
gid://shopify/Product/15724564906368,gid://shopify/ProductVariant/57986026668416,gid://shopify/InventoryItem/56145067835776,99120110081,NECRONS: ORIKAN THE DIVINER,,GB,verified_uk,
gid://shopify/Product/15724565037440,gid://shopify/ProductVariant/57986026799488,gid://shopify/InventoryItem/56145067934080,99120110079,NECRONS: OVERLORD + TRANSLOCATION SHROUD,,GB,verified_uk,
gid://shopify/Product/15724565201280,gid://shopify/ProductVariant/57986026963328,gid://shopify/InventoryItem/56145068130688,99120110077,COMBAT PATROL: NECRONS,,GB,verified_uk,
gid://shopify/Product/15724565299584,gid://shopify/ProductVariant/57986027323776,gid://shopify/InventoryItem/56145068491136,60030108022,CODEX: IMPERIAL KNIGHTS (ENGLISH),,GB,verified_uk,
gid://shopify/Product/15724565463424,gid://shopify/ProductVariant/57986027454848,gid://shopify/InventoryItem/56145068622208,99120108080,IMPERIAL KNIGHTS: KNIGHT ARMIGERS,,GB,verified_uk,
gid://shopify/Product/15724565594496,gid://shopify/ProductVariant/57986027848064,gid://shopify/InventoryItem/56145069015424,99120108081,IMPERIAL KNIGHTS: KNIGHT DOMINUS,,GB,verified_uk,
gid://shopify/Product/15724565692800,gid://shopify/ProductVariant/57986027979136,gid://shopify/InventoryItem/56145069146496,99120108105,IMPERIAL KNIGHTS: KNIGHT QUESTORIS,,GB,verified_uk,
gid://shopify/Product/15724565823872,gid://shopify/ProductVariant/57986028372352,gid://shopify/InventoryItem/56145069539712,60030112009,CODEX: DRUKHARI (HB) (ENGLISH),,GB,verified_uk,
gid://shopify/Product/15724565987712,gid://shopify/ProductVariant/57986028503424,gid://shopify/InventoryItem/56145069670784,99120112044,DRUKHARI WYCHES,,GB,verified_uk,
gid://shopify/Product/15724566118784,gid://shopify/ProductVariant/57986028929408,gid://shopify/InventoryItem/56145070096768,99120112048,DRUKHARI TALOS,,GB,verified_uk,
gid://shopify/Product/15724566249856,gid://shopify/ProductVariant/57986029060480,gid://shopify/InventoryItem/56145070227840,99120112047,DRUKHARI SCOURGES,,GB,verified_uk,
gid://shopify/Product/15724566413696,gid://shopify/ProductVariant/57986029486464,gid://shopify/InventoryItem/56145070653824,99120112049,DRUKHARI VENOM,,GB,verified_uk,
gid://shopify/Product/15724566577536,gid://shopify/ProductVariant/57986029650304,gid://shopify/InventoryItem/56145070817664,99120112060,DRUKHARI: ARCHON,,GB,verified_uk,
gid://shopify/Product/15724566741376,gid://shopify/ProductVariant/57986029814144,gid://shopify/InventoryItem/56145070981504,99120112042,DRUKHARI LELITH HESPERAX,,GB,verified_uk,
gid://shopify/Product/15724566872448,gid://shopify/ProductVariant/57986030141824,gid://shopify/InventoryItem/56145071309184,99120112051,DRUKHARI INCUBI,,GB,verified_uk,
gid://shopify/Product/15724567036288,gid://shopify/ProductVariant/57986030305664,gid://shopify/InventoryItem/56145071473024,99120112054,DRUKHARI: LADY MALYS,,GB,verified_uk,
gid://shopify/Product/15724567167360,gid://shopify/ProductVariant/57986030698880,gid://shopify/InventoryItem/56145071866240,99120112057,COMBAT PATROL: DRUKHARI,,GB,verified_uk,
gid://shopify/Product/15724567298432,gid://shopify/ProductVariant/57986030895488,gid://shopify/InventoryItem/56145072062848,60030113014,CODEX: T'AU EMPIRE (ENGLISH),,GB,verified_uk,
gid://shopify/Product/15724567429504,gid://shopify/ProductVariant/57986031354240,gid://shopify/InventoryItem/56145072521600,99120113076,T'AU EMPIRE: FIRE WARRIORS,,GB,verified_uk,
gid://shopify/Product/15724567593344,gid://shopify/ProductVariant/57986031485312,gid://shopify/InventoryItem/56145072652672,99120113072,T'AU EMPIRE: CRISIS BATTLESUITS,,GB,verified_uk,
gid://shopify/Product/15724567691648,gid://shopify/ProductVariant/57986031845760,gid://shopify/InventoryItem/56145073013120,99120113080,T'AU EMPIRE: PATHFINDER TEAM,,GB,verified_uk,
gid://shopify/Product/15724567888256,gid://shopify/ProductVariant/57986032042368,gid://shopify/InventoryItem/56145073209728,99120113074,T'AU EMPIRE: DEVILFISH,,GB,verified_uk,
gid://shopify/Product/15724567986560,gid://shopify/ProductVariant/57986032435584,gid://shopify/InventoryItem/56145073602944,99120113070,T'AU EMPIRE: HAMMERHEAD GUNSHIP,,GB,verified_uk,
gid://shopify/Product/15724568183168,gid://shopify/ProductVariant/57986032632192,gid://shopify/InventoryItem/56145073799552,99120113077,T'AU EMPIRE: RIPTIDE BATTLESUIT,,GB,verified_uk,
gid://shopify/Product/15724568314240,gid://shopify/ProductVariant/57986033058176,gid://shopify/InventoryItem/56145074225536,99120113082,T'AU EMPIRE: BROADSIDE BATTLESUIT,,GB,verified_uk,
gid://shopify/Product/15724568478080,gid://shopify/ProductVariant/57986033254784,gid://shopify/InventoryItem/56145074422144,99070113006,T'AU EMPIRE: CADRE FIREBLADE,,GB,verified_uk,
gid://shopify/Product/15724568641920,gid://shopify/ProductVariant/57986033713536,gid://shopify/InventoryItem/56145074880896,99120113071,T'AU EMPIRE: STORMSURGE,,GB,verified_uk,
gid://shopify/Product/15724568838528,gid://shopify/ProductVariant/57986033910144,gid://shopify/InventoryItem/56145075077504,99120113073,T'AU EMPIRE: PIRANHA,,GB,verified_uk,
gid://shopify/Product/15724569002368,gid://shopify/ProductVariant/57986034336128,gid://shopify/InventoryItem/56145075208576,99120113078,T'AU EMPIRE: GHOSTKEEL BATTLESUIT,,GB,verified_uk,
gid://shopify/Product/15724569100672,gid://shopify/ProductVariant/57986036826496,gid://shopify/InventoryItem/56145077993856,99120113079,T'AU EMPIRE: COMMANDER,,GB,verified_uk,
gid://shopify/Product/15724569264512,gid://shopify/ProductVariant/57986036990336,gid://shopify/InventoryItem/56145078157696,99120113083,T'AU EMPIRE: COMMANDER SHADOWSUN,,GB,verified_uk,
gid://shopify/Product/15724569395584,gid://shopify/ProductVariant/57986037416320,gid://shopify/InventoryItem/56145078583680,99070113005,T'AU EMPIRE: DARKSTRIDER,,GB,verified_uk,
gid://shopify/Product/15724569526656,gid://shopify/ProductVariant/57986037776768,gid://shopify/InventoryItem/56145078944128,99120113086,T'AU EMPIRE: COMMANDER FARSIGHT,,GB,verified_uk,
gid://shopify/Product/15724569657728,gid://shopify/ProductVariant/57986038169984,gid://shopify/InventoryItem/56145079337344,99120113089,T'AU EMPIRE: KROOT CARNIVORE SQUAD,,GB,verified_uk,
gid://shopify/Product/15724569788800,gid://shopify/ProductVariant/57986038333824,gid://shopify/InventoryItem/56145079501184,99120113088,T'AU EMPIRE: KROOTOX RAMPAGERS,,GB,verified_uk,
gid://shopify/Product/15724569952640,gid://shopify/ProductVariant/57986038759808,gid://shopify/InventoryItem/56145079927168,99120113087,T'AU EMPIRE: KROOTOX RIDER,,GB,verified_uk,
gid://shopify/Product/15724570116480,gid://shopify/ProductVariant/57986039153024,gid://shopify/InventoryItem/56145080091008,99120113090,T'AU EMPIRE: KROOT HOUNDS,,GB,verified_uk,
gid://shopify/Product/15724570313088,gid://shopify/ProductVariant/57986039644544,gid://shopify/InventoryItem/56145080844672,99120113092,T'AU EMPIRE: KROOT LONE-SPEAR,,GB,verified_uk,
gid://shopify/Product/15724570608000,gid://shopify/ProductVariant/57986039906688,gid://shopify/InventoryItem/56145081074048,99120113091,COMBAT PATROL: T'AU EMPIRE,,GB,verified_uk,
gid://shopify/Product/15724570706304,gid://shopify/ProductVariant/57986040299904,gid://shopify/InventoryItem/56145081467264,60030116008,CODEX: ADEPTUS MECHANICUS (ENG),,GB,verified_uk,
gid://shopify/Product/15724570935680,gid://shopify/ProductVariant/57986040889728,gid://shopify/InventoryItem/56145082057088,99120116033,ADEPTUS MECHANICUS: SKITARII,,GB,verified_uk,
gid://shopify/Product/15724571165056,gid://shopify/ProductVariant/57986041545088,gid://shopify/InventoryItem/56145082712448,99120116035,ADEPTUS MECHANICUS: SICARIANS,,GB,verified_uk,
gid://shopify/Product/15724571427200,gid://shopify/ProductVariant/57986041741696,gid://shopify/InventoryItem/56145082909056,99120116034,ADEPTUS MECHANICUS: IRONSTRIDER,,GB,verified_uk,
gid://shopify/Product/15724571591040,gid://shopify/ProductVariant/57986042200448,gid://shopify/InventoryItem/56145083367808,99120116030,ADEPTUS MECHANICUS: ONAGER DUNECRAWLER,,GB,verified_uk,
gid://shopify/Product/15724571820416,gid://shopify/ProductVariant/57986042429824,gid://shopify/InventoryItem/56145083597184,99120116037,AD/MECHANICUS:KATAPHRON BATTLE SERVITORS,,GB,verified_uk,
gid://shopify/Product/15724571951488,gid://shopify/ProductVariant/57986042855808,gid://shopify/InventoryItem/56145084023168,99120116036,ADEPTUS MECHANICUS: KASTELAN ROBOTS,,GB,verified_uk,
gid://shopify/Product/15724572148096,gid://shopify/ProductVariant/57986043085184,gid://shopify/InventoryItem/56145084252544,99120116032,ADEPTUS MECHANICUS: BELISARIUS CAWL,,GB,verified_uk,
gid://shopify/Product/15724572344704,gid://shopify/ProductVariant/57986043576704,gid://shopify/InventoryItem/56145084744064,99070116005,ADEPTUS MECHANICUS TECH-PRIEST DOMINUS,,GB,verified_uk,
gid://shopify/Product/15724572508544,gid://shopify/ProductVariant/57986043740544,gid://shopify/InventoryItem/56145084907904,99120116038,ADEPT/MECHANICUS: SKORPIUS DISINTEGRATOR,,GB,verified_uk,
gid://shopify/Product/15724572705152,gid://shopify/ProductVariant/57986044395904,gid://shopify/InventoryItem/56145085563264,99070116006,ADEPTUS MECHANICUS TECH-PRIEST MANIPULUS,,GB,verified_uk,
gid://shopify/Product/15724572901760,gid://shopify/ProductVariant/57986044592512,gid://shopify/InventoryItem/56145085759872,99120116040,ADEPTUS MECHANICUS: PTERAXII,,GB,verified_uk,
gid://shopify/Product/15724573098368,gid://shopify/ProductVariant/57986044756352,gid://shopify/InventoryItem/56145085923712,99120116041,ADEPTUS MECHANICUS: SERBERYS RAIDERS,,GB,verified_uk,
gid://shopify/Product/15724573327744,gid://shopify/ProductVariant/57986045215104,gid://shopify/InventoryItem/56145086382464,99070116003,ADEPTUS MECHANICUS: SKITARII MARSHALL,,GB,verified_uk,
gid://shopify/Product/15724573491584,gid://shopify/ProductVariant/57986045378944,gid://shopify/InventoryItem/56145086546304,99070116004,ADEPTUS MECHANICUS TECH-PRIEST ENGINSEER,,GB,verified_uk,
gid://shopify/Product/15724573655424,gid://shopify/ProductVariant/57986045804928,gid://shopify/InventoryItem/56145086972288,99120116044,COMBAT PATROL: ADEPTUS MECHANICUS,,GB,verified_uk,
gid://shopify/Product/15724573819264,gid://shopify/ProductVariant/57986045968768,gid://shopify/InventoryItem/56145087136128,60030117005,CODEX: GENESTEALER CULTS (ENGLISH),,GB,verified_uk,
gid://shopify/Product/15724574015872,gid://shopify/ProductVariant/57986046361984,gid://shopify/InventoryItem/56145087529344,99120117017,GENESTEALER CULTS: BROODCOVEN,,GB,verified_uk,
gid://shopify/Product/15724574245248,gid://shopify/ProductVariant/57986046591360,gid://shopify/InventoryItem/56145087725952,99120117020,GENESTEALER CULTS: NEOPHYTE HYBRIDS,,GB,verified_uk,
gid://shopify/Product/15724574376320,gid://shopify/ProductVariant/57986047345024,gid://shopify/InventoryItem/56145088512384,99120117018,GENESTEALER CULTS: GOLIATH,,GB,verified_uk,
gid://shopify/Product/15724574540160,gid://shopify/ProductVariant/57986047541632,gid://shopify/InventoryItem/56145088708992,99120117022,GENESTEALER CULTS: ABERRANTS,,GB,verified_uk,
gid://shopify/Product/15724574638464,gid://shopify/ProductVariant/57986047902080,gid://shopify/InventoryItem/56145089069440,99120117025,GENESTEALER CULTS: ACHILLES RIDGERUNNER,,GB,verified_uk,
gid://shopify/Product/15724574835072,gid://shopify/ProductVariant/57986048098688,gid://shopify/InventoryItem/56145089266048,99120117024,GENESTEALER CULTS: ATALAN JACKALS,,GB,verified_uk,
gid://shopify/Product/15724574933376,gid://shopify/ProductVariant/57986048459136,gid://shopify/InventoryItem/56145089626496,99120117028,COMBAT PATROL: GENESTEALER CULTS,,GB,verified_uk,
gid://shopify/Product/15724575031680,gid://shopify/ProductVariant/57986048557440,gid://shopify/InventoryItem/56145089724800,60030118002,CODEX: LEAGUES OF VOTANN (ENGLISH),,GB,verified_uk,
gid://shopify/Product/15724575195520,gid://shopify/ProductVariant/57986048983424,gid://shopify/InventoryItem/56145090150784,99120118001,LEAGUES OF VOTANN: EINHYR HEARTHGUARD,,GB,verified_uk,
gid://shopify/Product/15724575326592,gid://shopify/ProductVariant/57986049114496,gid://shopify/InventoryItem/56145090281856,99120118002,LEAGUES OF VOTANN: CTHONIAN BESERKS,,GB,verified_uk,
gid://shopify/Product/15724575490432,gid://shopify/ProductVariant/57986049278336,gid://shopify/InventoryItem/56145090445696,99120118003,LEAGUES OF VOTANN: SAGITAUR,,GB,verified_uk,
gid://shopify/Product/15724575621504,gid://shopify/ProductVariant/57986049671552,gid://shopify/InventoryItem/56145090838912,99120118005,LEAGUES OF VOTANN: BROKHYR THUNDERKYN,,GB,verified_uk,
gid://shopify/Product/15724575785344,gid://shopify/ProductVariant/57986049835392,gid://shopify/InventoryItem/56145091002752,99120118006,LEAGUES OF VOTANN: HEKATON LAND FORTRESS,,GB,verified_uk,
gid://shopify/Product/15724576014720,gid://shopify/ProductVariant/57986050326912,gid://shopify/InventoryItem/56145091494272,99120118007,LEAGUES OF VOTANN: HEARTHKYN WARRIORS,,GB,verified_uk,
gid://shopify/Product/15724576211328,gid://shopify/ProductVariant/57986050523520,gid://shopify/InventoryItem/56145091690880,99120118008,LEAGUES OF VOTANN: HERNKYN PIONEERS,,GB,verified_uk,
gid://shopify/Product/15724576342400,gid://shopify/ProductVariant/57986050916736,gid://shopify/InventoryItem/56145092084096,99120118010,LEAGUES OF VOTANN: BROKHYR IRON-MASTER,,GB,verified_uk,
gid://shopify/Product/15724576473472,gid://shopify/ProductVariant/57986051244416,gid://shopify/InventoryItem/56145092411776,99120118012,LEAGUES OF VOTANN: EINHYR CHAMPION,,GB,verified_uk,
gid://shopify/Product/15724576670080,gid://shopify/ProductVariant/57986051670400,gid://shopify/InventoryItem/56145092837760,99120118026,LEAGUES OF VOTANN: MEMNYR STRATEGIST,,GB,verified_uk,
gid://shopify/Product/15724576801152,gid://shopify/ProductVariant/57986051801472,gid://shopify/InventoryItem/56145092968832,99120118025,LEAGUES OF VOTANN: ARKANYST EVALUATOR,,GB,verified_uk,
gid://shopify/Product/15724576997760,gid://shopify/ProductVariant/57986052227456,gid://shopify/InventoryItem/56145093165440,99120118019,LEAGUES OF VOTANN: BURI AEGNIRSSEN,,GB,verified_uk,
gid://shopify/Product/15724577128832,gid://shopify/ProductVariant/57986052358528,gid://shopify/InventoryItem/56145093525888,99120118020,LEAGUES OF VOTANN: IRONKIN STEELJACKS,,GB,verified_uk,
gid://shopify/Product/15724577325440,gid://shopify/ProductVariant/57986052784512,gid://shopify/InventoryItem/56145093951872,99120118021,LEAGUES OF VOTANN: CTHONIAN EARTHSHAKERS,,GB,verified_uk,
gid://shopify/Product/15724577456512,gid://shopify/ProductVariant/57986052915584,gid://shopify/InventoryItem/56145094082944,99120118022,LEAGUES OF VOTANN: KAPRICUS,,GB,verified_uk,
gid://shopify/Product/15724577653120,gid://shopify/ProductVariant/57986053079424,gid://shopify/InventoryItem/56145094246784,99120118024,COMBAT PATROL: LEAGUES OF VOTANN,,GB,verified_uk,
gid://shopify/Product/15724577784192,gid://shopify/ProductVariant/57986053472640,gid://shopify/InventoryItem/56145094640000,99120101327,ULTRAMARINES ROBOUTE GUILLIMAN,,GB,verified_uk,
gid://shopify/Product/15724578013568,gid://shopify/ProductVariant/57986053734784,gid://shopify/InventoryItem/56145094902144,99120101451,ULTRAMARINES: UPGRADES AND TRANSFERS,,GB,verified_uk,
gid://shopify/Product/15724578111872,gid://shopify/ProductVariant/57986054095232,gid://shopify/InventoryItem/56145095262592,99120101452,ULTRAMARINES: CATO SICARIUS,,GB,verified_uk,
gid://shopify/Product/15724578275712,gid://shopify/ProductVariant/57986054488448,gid://shopify/InventoryItem/56145095655808,99120101450,MARNEUS CALGAR IN ARMOUR OF ANTILOCHUS,,GB,verified_uk,
gid://shopify/Product/15724578406784,gid://shopify/ProductVariant/57986054914432,gid://shopify/InventoryItem/56145096081792,99120101453,ULTRAMARINES: VICTRIX HONOUR GUARD,,GB,verified_uk,
gid://shopify/Product/15724578636160,gid://shopify/ProductVariant/57986055373184,gid://shopify/InventoryItem/56145096540544,99120101459,CAPTAIN TITUS & THE WARDENS OF ULTRAMAR,,GB,verified_uk,
gid://shopify/Product/15724578800000,gid://shopify/ProductVariant/57986055504256,gid://shopify/InventoryItem/56145096671616,99120101448,WHITE SCARS: SUBODEN KHAN,,GB,verified_uk,
gid://shopify/Product/15724578931072,gid://shopify/ProductVariant/57986055930240,gid://shopify/InventoryItem/56145097097600,99120101339,SPACE MARINES STORMRAVEN GUNSHIP,,GB,verified_uk,
gid://shopify/Product/15724579062144,gid://shopify/ProductVariant/57986056061312,gid://shopify/InventoryItem/56145097228672,99070101050,RAVEN GUARD PRIMARIS UPGRADES & TRANSFRS,,GB,verified_uk,
gid://shopify/Product/15724579225984,gid://shopify/ProductVariant/57986056454528,gid://shopify/InventoryItem/56145097621888,99120101292,RAVEN GUARD KAYVAAN SHRIKE,,GB,verified_uk,
gid://shopify/Product/15724579389824,gid://shopify/ProductVariant/57986056618368,gid://shopify/InventoryItem/56145097785728,99120101445,RAVEN GUARD: AETHON SHAAN,,GB,verified_uk,
gid://shopify/Product/15724579553664,gid://shopify/ProductVariant/57986059633024,gid://shopify/InventoryItem/56145098178944,99070101049,IRON HANDS PRIMARIS UPGRADES & TRANSFERS,,GB,verified_uk,
gid://shopify/Product/15724579684736,gid://shopify/ProductVariant/57986060255616,gid://shopify/InventoryItem/56145101422976,99120101291,IRON HANDS: IRON FATHER FEIRROS,,GB,verified_uk,
gid://shopify/Product/15724579848576,gid://shopify/ProductVariant/57986060648832,gid://shopify/InventoryItem/56145101816192,99120101447,IRON HANDS: CAANOK VAR,,GB,verified_uk,
gid://shopify/Product/15724580012416,gid://shopify/ProductVariant/57986060812672,gid://shopify/InventoryItem/56145101980032,99120101342,IMPERIAL FISTS TOR GARADON,,GB,verified_uk,
gid://shopify/Product/15724580209024,gid://shopify/ProductVariant/57986061238656,gid://shopify/InventoryItem/56145102406016,99070101075,IMP. FISTS PRIMARIS UPGRADES & TRANSFERS,,GB,verified_uk,
gid://shopify/Product/15724580307328,gid://shopify/ProductVariant/57986061336960,gid://shopify/InventoryItem/56145102504320,99120101446,IMPERIAL FISTS: DARNATH LYSANDER,,GB,verified_uk,
gid://shopify/Product/15724580536704,gid://shopify/ProductVariant/57986061566336,gid://shopify/InventoryItem/56145102733696,99070101051,SALAMANDERS PRIMARIS UPGRADES & TRANSFRS,,GB,verified_uk,
gid://shopify/Product/15724580700544,gid://shopify/ProductVariant/57986061959552,gid://shopify/InventoryItem/56145103126912,99120101293,SALAMANDERS ADRAX AGATONE,,GB,verified_uk,
gid://shopify/Product/15724580897152,gid://shopify/ProductVariant/57986062156160,gid://shopify/InventoryItem/56145103323520,99120101444,SPACE MARINES: VULKAN HE'STAN,,GB,verified_uk,
gid://shopify/Product/15724581028224,gid://shopify/ProductVariant/57986062516608,gid://shopify/InventoryItem/56145103683968,60030101063,CODEX SUPPLEMENT: BLOOD ANGELS (ENG),,GB,verified_uk,
gid://shopify/Product/15724581192064,gid://shopify/ProductVariant/57986062975360,gid://shopify/InventoryItem/56145103847808,99070101070,BLOOD ANGELS CHAPLAIN WITH JUMP PACK,,GB,verified_uk,
gid://shopify/Product/15724581355904,gid://shopify/ProductVariant/57986063106432,gid://shopify/InventoryItem/56145104306560,99120101416,BLOOD ANGELS: CAPTAIN,,GB,verified_uk,
gid://shopify/Product/15724581552512,gid://shopify/ProductVariant/57986063335808,gid://shopify/InventoryItem/56145104503168,99120101413,BLOOD ANGELS: SANGUINARY GUARD,,GB,verified_uk,
gid://shopify/Product/15724581618048,gid://shopify/ProductVariant/57986063663488,gid://shopify/InventoryItem/56145104830848,99120101418,BLOOD ANGELS: LEMARTES,,GB,verified_uk,
gid://shopify/Product/15724581781888,gid://shopify/ProductVariant/57986063827328,gid://shopify/InventoryItem/56145104994688,99120101414,BLOOD ANGELS: THE SANGUINOR,,GB,verified_uk,
gid://shopify/Product/15724581912960,gid://shopify/ProductVariant/57986064187776,gid://shopify/InventoryItem/56145105355136,99120101419,BLOOD ANGELS: ASTORATH THE GRIM,,GB,verified_uk,
gid://shopify/Product/15724582109568,gid://shopify/ProductVariant/57986064384384,gid://shopify/InventoryItem/56145105551744,99120101358,BLOOD ANGELS: MEPHISTON,,GB,verified_uk,
gid://shopify/Product/15724582240640,gid://shopify/ProductVariant/57986064810368,gid://shopify/InventoryItem/56145105977728,99120101395,BLOOD ANGELS: COMMANDER DANTE,,GB,verified_uk,
gid://shopify/Product/15724582568320,gid://shopify/ProductVariant/57986065465728,gid://shopify/InventoryItem/56145106370944,99120101415,BLOOD ANGELS: SANGUINARY PRIEST,,GB,verified_uk,
gid://shopify/Product/15724582699392,gid://shopify/ProductVariant/57986065596800,gid://shopify/InventoryItem/56145106764160,99120101417,BLOOD ANGELS: UPGRADES & TRANSFERS,,GB,verified_uk,
gid://shopify/Product/15724582896000,gid://shopify/ProductVariant/57986065793408,gid://shopify/InventoryItem/56145106960768,99120101412,COMBAT PATROL: BLOOD ANGELS,,GB,verified_uk,
gid://shopify/Product/15724583027072,gid://shopify/ProductVariant/57986066317696,gid://shopify/InventoryItem/56145107485056,60030101062,CODEX SUPPLEMENT: DARK ANGELS (ENG),,GB,verified_uk,
gid://shopify/Product/15724583289216,gid://shopify/ProductVariant/57986066579840,gid://shopify/InventoryItem/56145107747200,99120101361,DARK ANGELS RAVENWING COMMAND SQUAD,,GB,verified_uk,
gid://shopify/Product/15724583387520,gid://shopify/ProductVariant/57986066973056,gid://shopify/InventoryItem/56145108107648,99120101379,DARK ANGELS AZRAEL,,GB,verified_uk,
gid://shopify/Product/15724583551360,gid://shopify/ProductVariant/57986067136896,gid://shopify/InventoryItem/56145108304256,99120101407,DARK ANGELS: INNER CIRCLE COMPANIONS,,GB,verified_uk,
gid://shopify/Product/15724583682432,gid://shopify/ProductVariant/57986067530112,gid://shopify/InventoryItem/56145108697472,99120101378,DARK ANGELS LION EL'JOHNSON,,GB,verified_uk,
gid://shopify/Product/15724583911808,gid://shopify/ProductVariant/57986067759488,gid://shopify/InventoryItem/56145108926848,99120101403,DARK ANGELS:ASMODAI MASTER OF REPENTANCE,,GB,verified_uk,
gid://shopify/Product/15724584042880,gid://shopify/ProductVariant/57986069135744,gid://shopify/InventoryItem/56145110303104,99120101405,DARK ANGELS: DEATHWING KNIGHTS,,GB,verified_uk,
gid://shopify/Product/15724584206720,gid://shopify/ProductVariant/57986069299584,gid://shopify/InventoryItem/56145110466944,99120101404,D/A:BELIAL GRAND MASTER OF THE DEATHWING,,GB,verified_uk,
gid://shopify/Product/15724584305024,gid://shopify/ProductVariant/57986069791104,gid://shopify/InventoryItem/56145110958464,99120101411,DARK ANGELS: UPGRADES AND TRANSFERS,,GB,verified_uk,
gid://shopify/Product/15724584436096,gid://shopify/ProductVariant/57986069922176,gid://shopify/InventoryItem/56145111089536,99120101406,COMBAT PATROL: DARK ANGELS,,GB,verified_uk,
gid://shopify/Product/15724584632704,gid://shopify/ProductVariant/57986070380928,gid://shopify/InventoryItem/56145111548288,60030101064,CODEX SUPPLEMENT: SPACE WOLVES (ENG),,GB,verified_uk,
gid://shopify/Product/15724584796544,gid://shopify/ProductVariant/57986070479232,gid://shopify/InventoryItem/56145111646592,99120101434,SPACE WOLVES: BLOOD CLAWS,,GB,verified_uk,
gid://shopify/Product/15724584927616,gid://shopify/ProductVariant/57986070937984,gid://shopify/InventoryItem/56145112105344,99120101350,SPACE WOLVES THUNDERWOLF CAVALRY,,GB,verified_uk,
gid://shopify/Product/15724585189760,gid://shopify/ProductVariant/57986071265664,gid://shopify/InventoryItem/56145112433024,99120101352,SPACE WOLVES FENRISIAN WOLVES,,GB,verified_uk,
gid://shopify/Product/15724585320832,gid://shopify/ProductVariant/57986071658880,gid://shopify/InventoryItem/56145112826240,99120101348,SPACE WOLVES VENERABLE DREADNOUGHT,,GB,verified_uk,
gid://shopify/Product/15724585517440,gid://shopify/ProductVariant/57986071855488,gid://shopify/InventoryItem/56145113022848,99120101349,SPACE WOLVES: WULFEN,,GB,verified_uk,
gid://shopify/Product/15724585648512,gid://shopify/ProductVariant/57986072281472,gid://shopify/InventoryItem/56145113448832,99070101066,SPACE WOLVES ULRIK THE SLAYER,,GB,verified_uk,
gid://shopify/Product/15724585845120,gid://shopify/ProductVariant/57986072478080,gid://shopify/InventoryItem/56145113645440,99070101065,SPACE WOLVES IRON PRIEST,,GB,verified_uk,
gid://shopify/Product/15724585976192,gid://shopify/ProductVariant/57986072838528,gid://shopify/InventoryItem/56145113973120,99120101433,SPACE WOLVES: GREY HUNTERS,,GB,verified_uk,
gid://shopify/Product/15724586140032,gid://shopify/ProductVariant/57986074149248,gid://shopify/InventoryItem/56145115349376,99070101067,SPACE WOLVES PRIMARIS UPGRADES,,GB,verified_uk,
gid://shopify/Product/15724586238336,gid://shopify/ProductVariant/57986074542464,gid://shopify/InventoryItem/56145115709824,99120101438,SPACE WOLVES: LOGAN GRIMNAR,,GB,verified_uk,
gid://shopify/Product/15724586336640,gid://shopify/ProductVariant/57986074608000,gid://shopify/InventoryItem/56145115775360,99120101437,SPACE WOLVES: WOLF GUARD HEADTAKERS,,GB,verified_uk,
gid://shopify/Product/15724586467712,gid://shopify/ProductVariant/57986075591040,gid://shopify/InventoryItem/56145116758400,99120101275,SPACE WOLVES: RAGNAR BLACKMANE,,GB,verified_uk,
gid://shopify/Product/15724586631552,gid://shopify/ProductVariant/57986075722112,gid://shopify/InventoryItem/56145116889472,99120101436,SPACE WOLVES: WOLF GUARD BATTLE LEADER,,GB,verified_uk,
gid://shopify/Product/15724586860928,gid://shopify/ProductVariant/57986076180864,gid://shopify/InventoryItem/56145117348224,99120101435,SPACE WOLVES: WOLF PRIEST,,GB,verified_uk,
gid://shopify/Product/15724586959232,gid://shopify/ProductVariant/57986076279168,gid://shopify/InventoryItem/56145117446528,99120101440,SPACE WOLVES: NJAL STORMCALLER,,GB,verified_uk,
gid://shopify/Product/15724587155840,gid://shopify/ProductVariant/57986076737920,gid://shopify/InventoryItem/56145117905280,99120101441,SPACE WOLVES: WOLF GUARD TERMINATORS,,GB,verified_uk,
gid://shopify/Product/15724587352448,gid://shopify/ProductVariant/57986076934528,gid://shopify/InventoryItem/56145118101888,99120101439,SPACE WOLVES: ARJAC ROCKFIST,,GB,verified_uk,
gid://shopify/Product/15724587549056,gid://shopify/ProductVariant/57986077426048,gid://shopify/InventoryItem/56145118560640,99120101426,COMBAT PATROL: SPACE WOLVES,,GB,verified_uk,
gid://shopify/Product/15724587680128,gid://shopify/ProductVariant/57986077557120,gid://shopify/InventoryItem/56145118724480,99120102198,DEATH GUARD: LORD OF POXES,,GB,verified_uk,
gid://shopify/Product/15724587843968,gid://shopify/ProductVariant/57986077786496,gid://shopify/InventoryItem/56145118953856,60030102032,CODEX: DEATH GUARD (HB) (ENGLISH),,GB,verified_uk,
gid://shopify/Product/15724587975040,gid://shopify/ProductVariant/57986078179712,gid://shopify/InventoryItem/56145119347072,99070102020,DEATH GUARD: BIOLOGUS PUTRIFIER,,GB,verified_uk,
gid://shopify/Product/15724588138880,gid://shopify/ProductVariant/57986078376320,gid://shopify/InventoryItem/56145119543680,99070102019,DEATH GUARD: NAUSEOUS ROTBONE,,GB,verified_uk,
gid://shopify/Product/15724588269952,gid://shopify/ProductVariant/57986078802304,gid://shopify/InventoryItem/56145119936896,99070102018,D/G: SCRIBBUS WRETCH THE TALLYMAN,,GB,verified_uk,
gid://shopify/Product/15724588433792,gid://shopify/ProductVariant/57986078998912,gid://shopify/InventoryItem/56145120166272,99070102017,DEATH GUARD: FOUL BLIGHTSPAWN,,GB,verified_uk,
gid://shopify/Product/15724588532096,gid://shopify/ProductVariant/57986079392128,gid://shopify/InventoryItem/56145120559488,99070102021,DEATH GUARD: PLAGUE MARINE ICON BEARER,,GB,verified_uk,
gid://shopify/Product/15724588728704,gid://shopify/ProductVariant/57986079588736,gid://shopify/InventoryItem/56145120756096,99070102022,DEATH GUARD: PLAGUE MARINE CHAMPION,,GB,verified_uk,
gid://shopify/Product/15724588859776,gid://shopify/ProductVariant/57986080014720,gid://shopify/InventoryItem/56145121182080,99120102129,MORTARION: DAEMON PRIMARCH OF NURGLE,,GB,verified_uk,
gid://shopify/Product/15724588990848,gid://shopify/ProductVariant/57986080211328,gid://shopify/InventoryItem/56145121378688,99120102123,DEATH GUARD: DEATHSHROUD BODYGUARD,,GB,verified_uk,
gid://shopify/Product/15724589187456,gid://shopify/ProductVariant/57986081718656,gid://shopify/InventoryItem/56145122886016,99120102124,DEATH GUARD: BLIGHTLORD TERMINATORS,,GB,verified_uk,
gid://shopify/Product/15724589318528,gid://shopify/ProductVariant/57986082111872,gid://shopify/InventoryItem/56145123246464,99120102125,DEATH GUARD: PLAGUEBURST CRAWLER,,GB,verified_uk,
gid://shopify/Product/15724589449600,gid://shopify/ProductVariant/57986083193216,gid://shopify/InventoryItem/56145124360576,99120102126,D/GUARD: TYPHUS HERALD OF THE PLAGUE GOD,,GB,verified_uk,
gid://shopify/Product/15724589580672,gid://shopify/ProductVariant/57986083619200,gid://shopify/InventoryItem/56145124786560,99120102127,DEATH GUARD: FOETID BLOAT-DRONE,,GB,verified_uk,
gid://shopify/Product/15724589711744,gid://shopify/ProductVariant/57986083783040,gid://shopify/InventoryItem/56145124950400,99120102128,DEATH GUARD PLAGUE MARINES,,GB,verified_uk,
gid://shopify/Product/15724589875584,gid://shopify/ProductVariant/57986084209024,gid://shopify/InventoryItem/56145125376384,99120102112,DEATH GUARD: MYPHITIC BLIGHT-HAULER,,GB,verified_uk,
gid://shopify/Product/15724590039424,gid://shopify/ProductVariant/57986084438400,gid://shopify/InventoryItem/56145125605760,99120102115,DEATH GUARD: POXWALKERS,,GB,verified_uk,
gid://shopify/Product/15724590203264,gid://shopify/ProductVariant/57986084602240,gid://shopify/InventoryItem/56145125769600,99120102117,DEATH GUARD LORD OF VIRULENCE,,GB,verified_uk,
gid://shopify/Product/15724590334336,gid://shopify/ProductVariant/57986085060992,gid://shopify/InventoryItem/56145126228352,99120102194,COMBAT PATROL: DEATH GUARD,,GB,verified_uk,
gid://shopify/Product/15724590465408,gid://shopify/ProductVariant/57986085486976,gid://shopify/InventoryItem/56145126654336,60030102033,CODEX: THOUSAND SONS (HB) (ENGLISH),,GB,verified_uk,
gid://shopify/Product/15724590629248,gid://shopify/ProductVariant/57986085683584,gid://shopify/InventoryItem/56145126785408,99120102197,THOUSAND SONS: SEKHETAR ROBOTS,,GB,verified_uk,
gid://shopify/Product/15724590793088,gid://shopify/ProductVariant/57986086142336,gid://shopify/InventoryItem/56145127309696,99120102132,THOUSAND SONS: MAGNUS THE RED,,GB,verified_uk,
gid://shopify/Product/15724590924160,gid://shopify/ProductVariant/57986086306176,gid://shopify/InventoryItem/56145127440768,99120102130,THOUSAND SONS: RUBRIC MARINES,,GB,verified_uk,
gid://shopify/Product/15724591120768,gid://shopify/ProductVariant/57986086732160,gid://shopify/InventoryItem/56145127899520,99120102133,THOUSAND SONS SCARAB OCCULT TERMINATORS,,GB,verified_uk,
gid://shopify/Product/15724591284608,gid://shopify/ProductVariant/57986086928768,gid://shopify/InventoryItem/56145128096128,99120102134,THOUSAND SONS EXALTED SORCERERS,,GB,verified_uk,
gid://shopify/Product/15724591415680,gid://shopify/ProductVariant/57986087289216,gid://shopify/InventoryItem/56145128456576,99120102122,THOUSAND SONS: INFERNAL MASTER,,GB,verified_uk,
gid://shopify/Product/15724591579520,gid://shopify/ProductVariant/57986087485824,gid://shopify/InventoryItem/56145128653184,99120102195,COMBAT PATROL: THOUSAND SONS,,GB,verified_uk,
gid://shopify/Product/15724591743360,gid://shopify/ProductVariant/57986087911808,gid://shopify/InventoryItem/56145128849792,99120102191,CHAOS KNIGHTS: KNIGHT RUINATOR,,GB,verified_uk,
gid://shopify/Product/15724591841664,gid://shopify/ProductVariant/57986088010112,gid://shopify/InventoryItem/56145129177472,60030102031,CODEX: CHAOS KNIGHTS (ENG),,GB,verified_uk,
gid://shopify/Product/15724592005504,gid://shopify/ProductVariant/57986088206720,gid://shopify/InventoryItem/56145129374080,99120102139,CHAOS KNIGHTS: WARDOGS,,GB,verified_uk,
gid://shopify/Product/15724592169344,gid://shopify/ProductVariant/57986088567168,gid://shopify/InventoryItem/56145129734528,99120102153,WORLD EATERS: KHORNE BERSERKERS,,GB,verified_uk,
gid://shopify/Product/15724592333184,gid://shopify/ProductVariant/57986089779584,gid://shopify/InventoryItem/56145130946944,99120102184,WORLD EATERS: KHARN THE BETRAYER,,GB,verified_uk,
gid://shopify/Product/15724592464256,gid://shopify/ProductVariant/57986090140032,gid://shopify/InventoryItem/56145131307392,99120102155,WORLD EATERS: LORD INVOCATUS,,GB,verified_uk,
gid://shopify/Product/15724592660864,gid://shopify/ProductVariant/57986090336640,gid://shopify/InventoryItem/56145131504000,99120102152,W/E: ANGRON DAEMON PRIMARCH OF KHORNE,,GB,verified_uk,
gid://shopify/Product/15724592824704,gid://shopify/ProductVariant/57986090664320,gid://shopify/InventoryItem/56145131798912,99120102156,WORLD EATERS: JAKHALS,,GB,verified_uk,
gid://shopify/Product/15724592988544,gid://shopify/ProductVariant/57986090860928,gid://shopify/InventoryItem/56145132028288,99120102154,WORLD EATERS: EXALTED EIGHTBOUND,,GB,verified_uk,
gid://shopify/Product/15724593054080,gid://shopify/ProductVariant/57986091155840,gid://shopify/InventoryItem/56145132323200,60030102034,CODEX: WORLD EATERS (ENGLISH),,GB,verified_uk,
gid://shopify/Product/15724593152384,gid://shopify/ProductVariant/57986091254144,gid://shopify/InventoryItem/56145132421504,99120102199,WORLD EATERS: SLAUGHTER-BOUND,,GB,verified_uk,
gid://shopify/Product/15724593283456,gid://shopify/ProductVariant/57986091614592,gid://shopify/InventoryItem/56145132781952,99120102196,COMBAT PATROL: WORLD EATERS,,GB,verified_uk,
gid://shopify/Product/15724593480064,gid://shopify/ProductVariant/57986092728704,gid://shopify/InventoryItem/56145133896064,60030102035,CODEX: EMPEROR'S CHILDREN (ENGLISH),,GB,verified_uk,
gid://shopify/Product/15724593611136,gid://shopify/ProductVariant/57986093154688,gid://shopify/InventoryItem/56145134322048,99120102205,EMPEROR'S CHILDREN: LORD KAKOPHONIST,,GB,verified_uk,
gid://shopify/Product/15724593709440,gid://shopify/ProductVariant/57986093252992,gid://shopify/InventoryItem/56145134420352,99120102200,EMPERORS CHILDREN: FULGRIM,,GB,verified_uk,
gid://shopify/Product/15724593840512,gid://shopify/ProductVariant/57986093384064,gid://shopify/InventoryItem/56145134551424,99120102202,EMPEROR'S CHILDREN: FLAWLESS BLADES,,GB,verified_uk,
gid://shopify/Product/15724594004352,gid://shopify/ProductVariant/57986093810048,gid://shopify/InventoryItem/56145134977408,99120102201,EMPEROR'S CHILDREN: LUCIUS THE ETERNAL,,GB,verified_uk,
gid://shopify/Product/15724594135424,gid://shopify/ProductVariant/57986093941120,gid://shopify/InventoryItem/56145135108480,99120102206,EMPEROR'S CHILDREN: LORD EXULTANT,,GB,verified_uk,
gid://shopify/Product/15724594233728,gid://shopify/ProductVariant/57986094367104,gid://shopify/InventoryItem/56145135534464,99120102204,EMPEROR'S CHILDREN: NOISE MARINES,,GB,verified_uk,
gid://shopify/Product/15724594430336,gid://shopify/ProductVariant/57986094530944,gid://shopify/InventoryItem/56145135698304,99120102203,EMPEROR'S CHILDREN: TORMENTORS,,GB,verified_uk,
gid://shopify/Product/15724594561408,gid://shopify/ProductVariant/57986094989696,gid://shopify/InventoryItem/56145136157056,99120102207,COMBAT PATROL: EMPEROR'S CHILDREN,,GB,verified_uk,
gid://shopify/Product/15724594692480,gid://shopify/ProductVariant/57986095120768,gid://shopify/InventoryItem/56145136288128,60030101065,CODEX SUPPLEMENT: BLACK TEMPLARS (ENG),,GB,verified_uk,
gid://shopify/Product/15724594823552,gid://shopify/ProductVariant/57986095546752,gid://shopify/InventoryItem/56145136714112,99120101363,BLACK TEMPLARS: HIGH MARSHAL HELBRECHT,,GB,verified_uk,
gid://shopify/Product/15724595052928,gid://shopify/ProductVariant/57986095710592,gid://shopify/InventoryItem/56145136877952,99120101357,BLACK TEMPLARS SWORD BRETHREN,,GB,verified_uk,
gid://shopify/Product/15724595216768,gid://shopify/ProductVariant/57986096234880,gid://shopify/InventoryItem/56145137402240,99120101364,BLACK TEMPLARS: GRIMALDUS & RETINUE,,GB,verified_uk,
gid://shopify/Product/15724595380608,gid://shopify/ProductVariant/57986096431488,gid://shopify/InventoryItem/56145137598848,99120101351,BLACK TEMPLARS: PRIMARIS CRUSADER SQUAD,,GB,verified_uk,
gid://shopify/Product/15724595478912,gid://shopify/ProductVariant/57986096726400,gid://shopify/InventoryItem/56145137893760,99120101366,BLACK TEMPLARS: EMPEROR'S CHAMPION,,GB,verified_uk,
gid://shopify/Product/15724595609984,gid://shopify/ProductVariant/57986096857472,gid://shopify/InventoryItem/56145138024832,99120101367,BLACK TEMPLARS CASTELLAN,,GB,verified_uk,
gid://shopify/Product/15724595806592,gid://shopify/ProductVariant/57986097021312,gid://shopify/InventoryItem/56145138188672,99120101368,BLACK TEMPLARS: MARSHAL,,GB,verified_uk,
gid://shopify/Product/15724595904896,gid://shopify/ProductVariant/57986097152384,gid://shopify/InventoryItem/56145138319744,99120101369,BLACK TEMPLARS: UPGRADES AND TRANSFERS,,GB,verified_uk,
gid://shopify/Product/15724596068736,gid://shopify/ProductVariant/57986097611136,gid://shopify/InventoryItem/56145138778496,99120101443,BLACK TEMPLARS: EXECRATOR,,GB,verified_uk,
gid://shopify/Product/15724596232576,gid://shopify/ProductVariant/57986097774976,gid://shopify/InventoryItem/56145138942336,99120101442,BLACK TEMPLARS: CRUSADE ANCIENT,,GB,verified_uk,
gid://shopify/Product/15724596363648,gid://shopify/ProductVariant/57986098168192,gid://shopify/InventoryItem/56145139335552,99120101428,COMBAT PATROL: BLACK TEMPLARS,,GB,verified_uk,
gid://shopify/Product/15724596527488,gid://shopify/ProductVariant/57986098332032,gid://shopify/InventoryItem/56145139499392,99120108073,ADEPTUS CUSTODES: CUSTODIAN GUARD,,GB,verified_uk,
gid://shopify/Product/15724596658560,gid://shopify/ProductVariant/57986099741056,gid://shopify/InventoryItem/56145140908416,99120108074,ADEPTUS CUSTODES: SISTERS OF SILENCE,,GB,verified_uk,
gid://shopify/Product/15724596789632,gid://shopify/ProductVariant/57986099839360,gid://shopify/InventoryItem/56145141006720,99120108076,ADEPTUS CUSTODES: TRAJANN VALORIS,,GB,verified_uk,
gid://shopify/Product/15724596953472,gid://shopify/ProductVariant/57986100363648,gid://shopify/InventoryItem/56145141236096,99120108077,ADEPTUS CUSTODES: CUSTODIAN WARDENS,,GB,verified_uk,
gid://shopify/Product/15724597051776,gid://shopify/ProductVariant/57986100461952,gid://shopify/InventoryItem/56145141629312,99120108078,ADEPTUS CUSTODES: VERTUS PRAETORS,,GB,verified_uk,
gid://shopify/Product/15724597182848,gid://shopify/ProductVariant/57986100855168,gid://shopify/InventoryItem/56145142022528,99120108075,ADEPTUS CUSTODES: ALLARUS CUSTODIANS,,GB,verified_uk,
gid://shopify/Product/15724597281152,gid://shopify/ProductVariant/57986101019008,gid://shopify/InventoryItem/56145142186368,60030108019,CODEX: ADEPTUS CUSTODES (ENG),,GB,verified_uk,
gid://shopify/Product/15724597477760,gid://shopify/ProductVariant/57986101248384,gid://shopify/InventoryItem/56145142382976,99070108010,ADEPTUS CUSTODES: BLADE CHAMPION,,GB,verified_uk,
gid://shopify/Product/15724597641600,gid://shopify/ProductVariant/57986101379456,gid://shopify/InventoryItem/56145142546816,99120108099,ADEPTUS CUSTODES: SHIELD CAPTAIN,,GB,verified_uk,
gid://shopify/Product/15724597772672,gid://shopify/ProductVariant/57986101608832,gid://shopify/InventoryItem/56145142776192,99120108094,COMBAT PATROL: ADEPTUS CUSTODES,,GB,verified_uk,
gid://shopify/Product/15724597969280,gid://shopify/ProductVariant/57986101805440,gid://shopify/InventoryItem/56145142972800,99120108065,ADEPTA SORORITAS EPHRAEL STERN & KYGANIL,,GB,verified_uk,
gid://shopify/Product/15724598067584,gid://shopify/ProductVariant/57986102133120,gid://shopify/InventoryItem/56145143300480,60030108020,CODEX: ADEPTA SORORITAS (HB) (ENGLISH),,GB,verified_uk,
gid://shopify/Product/15724598231424,gid://shopify/ProductVariant/57986102264192,gid://shopify/InventoryItem/56145143431552,99120108054,ADEPTA SORORITAS: IMMOLATOR,,GB,verified_uk,
gid://shopify/Product/15724598362496,gid://shopify/ProductVariant/57986102657408,gid://shopify/InventoryItem/56145143824768,99120108052,ADEPTA SORORITAS: EXORCIST,,GB,verified_uk,
gid://shopify/Product/15724598493568,gid://shopify/ProductVariant/57986102788480,gid://shopify/InventoryItem/56145143955840,99070108009,ADEPTA SORORITAS IMAGIFIER,,GB,verified_uk,
gid://shopify/Product/15724598624640,gid://shopify/ProductVariant/57986102919552,gid://shopify/InventoryItem/56145144086912,99120108055,ADEPTA SORORITAS JUNITH ERUITA,,GB,verified_uk,
gid://shopify/Product/15724598821248,gid://shopify/ProductVariant/57986103280000,gid://shopify/InventoryItem/56145144447360,99120108053,ADEPTA SORORITAS: HOSPITALLER,,GB,verified_uk,
gid://shopify/Product/15724598985088,gid://shopify/ProductVariant/57986103476608,gid://shopify/InventoryItem/56145144643968,99120108057,ADEPTA SORORITAS: BATTLE SISTERS SQUAD,,GB,verified_uk,
gid://shopify/Product/15724599181696,gid://shopify/ProductVariant/57986103902592,gid://shopify/InventoryItem/56145144840576,99120108059,ADEPTA SORORITAS: ENGINES OF REDEMPTION,,GB,verified_uk,
gid://shopify/Product/15724599280000,gid://shopify/ProductVariant/57986104000896,gid://shopify/InventoryItem/56145145168256,99120108060,ADEPTA SORORITAS REPENTIA SQUAD,,GB,verified_uk,
gid://shopify/Product/15724599476608,gid://shopify/ProductVariant/57986104197504,gid://shopify/InventoryItem/56145145364864,99120108061,A/S: THE TRIUMPH OF SAINT KATHERINE,,GB,verified_uk,
gid://shopify/Product/15724599574912,gid://shopify/ProductVariant/57986104525184,gid://shopify/InventoryItem/56145145692544,99120108062,ADEPTA SORORITAS: RETRIBUTOR SQUAD,,GB,verified_uk,
gid://shopify/Product/15724599771520,gid://shopify/ProductVariant/57986104689024,gid://shopify/InventoryItem/56145145856384,99120108063,ADEPTA SORORITAS RHINO,,GB,verified_uk,
gid://shopify/Product/15724599902592,gid://shopify/ProductVariant/57986105049472,gid://shopify/InventoryItem/56145146216832,99120108064,ADEPTA SORORITAS: SERAPHIM SQUAD,,GB,verified_uk,
gid://shopify/Product/15724600066432,gid://shopify/ProductVariant/57986105606528,gid://shopify/InventoryItem/56145146773888,99070108007,ADEPTA SORORITAS: PALATINE,,GB,verified_uk,
gid://shopify/Product/15724600164736,gid://shopify/ProductVariant/57986105901440,gid://shopify/InventoryItem/56145147068800,99120108048,ADEPTA SORORITAS: CASTIGATOR,,GB,verified_uk,
gid://shopify/Product/15724600295808,gid://shopify/ProductVariant/57986106130816,gid://shopify/InventoryItem/56145147298176,99120108046,ADEPTA SORORITAS: PARAGON WARSUIT,,GB,verified_uk,
gid://shopify/Product/15724600492416,gid://shopify/ProductVariant/57986106589568,gid://shopify/InventoryItem/56145147756928,99120108045,ADEPTA SORORITAS CELESTIAN SACRESANTS,,GB,verified_uk,
gid://shopify/Product/15724600656256,gid://shopify/ProductVariant/57986106786176,gid://shopify/InventoryItem/56145147953536,99120108047,A/S: MORVENN VAHL ABBESS SANCTORUM,,GB,verified_uk,
gid://shopify/Product/15724600820096,gid://shopify/ProductVariant/57986107179392,gid://shopify/InventoryItem/56145148346752,99070108012,A/S: MINISTORUM PRIEST WITH VINDICTOR,,GB,verified_uk,
gid://shopify/Product/15724600885632,gid://shopify/ProductVariant/57986107277696,gid://shopify/InventoryItem/56145148445056,99120108066,ADEPTA SORORITAS: SAINT CELESTINE,,GB,verified_uk,
gid://shopify/Product/15724601049472,gid://shopify/ProductVariant/57986108227968,gid://shopify/InventoryItem/56145148608896,99120108103,ADEPTA SORORITAS: CANONESS W/JUMP PACK,,GB,verified_uk,
gid://shopify/Product/15724601213312,gid://shopify/ProductVariant/57986108588416,gid://shopify/InventoryItem/56145149755776,99120108121,ADEPTA SORORITAS: SISTERS NOVITIATE SQD,,GB,verified_uk,
gid://shopify/Product/15724601377152,gid://shopify/ProductVariant/57986108785024,gid://shopify/InventoryItem/56145149952384,99120108100,COMBAT PATROL: ADEPTA SORORITAS,,GB,verified_uk,
gid://shopify/Product/15724601508224,gid://shopify/ProductVariant/57986109211008,gid://shopify/InventoryItem/56145150378368,60030101061,CODEX: SPACE MARINES (HB) (ENGLISH),,GB,verified_uk,
gid://shopify/Product/15724601672064,gid://shopify/ProductVariant/57986109374848,gid://shopify/InventoryItem/56145150542208,99120101387,SM LIBRARIAN IN TERMINATOR ARMOUR,,GB,verified_uk,
gid://shopify/Product/15724601803136,gid://shopify/ProductVariant/57986109800832,gid://shopify/InventoryItem/56145150968192,99120101316,SPACE MARINES TACTICAL SQUAD,,GB,verified_uk,
gid://shopify/Product/15724601966976,gid://shopify/ProductVariant/57986109964672,gid://shopify/InventoryItem/56145151132032,99120101389,SPACE MARINES: COMPANY HEROES,,GB,verified_uk,
gid://shopify/Product/15724602163584,gid://shopify/ProductVariant/57986110456192,gid://shopify/InventoryItem/56145151623552,99120101423,SPACE MARINES: DROP PODS,,GB,verified_uk,
gid://shopify/Product/15724602294656,gid://shopify/ProductVariant/57986110587264,gid://shopify/InventoryItem/56145151754624,99120101492,S/M: CAPTAIN W/JUMP PACK & RELIC SHIELD,,GB,verified_uk,
gid://shopify/Product/15724602425728,gid://shopify/ProductVariant/57986111013248,gid://shopify/InventoryItem/56145152180608,99120101455,S/MARINES: ANCIENT IN TERMINATOR ARMOUR,,GB,verified_uk,
gid://shopify/Product/15724602589568,gid://shopify/ProductVariant/57986111177088,gid://shopify/InventoryItem/56145152344448,99120101393,SPACE MARINES: BALLISTUS DREADNOUGHT,,GB,verified_uk,
gid://shopify/Product/15724602720640,gid://shopify/ProductVariant/57986111570304,gid://shopify/InventoryItem/56145152737664,99120101392,S/M:ASSAULT INTERCESSORS WITH JUMP PACKS,,GB,verified_uk,
gid://shopify/Product/15724602851712,gid://shopify/ProductVariant/57986111963520,gid://shopify/InventoryItem/56145153130880,99120101317,SPACE MARINES DEVASTATOR SQUAD,,GB,verified_uk,
gid://shopify/Product/15724603048320,gid://shopify/ProductVariant/57986112455040,gid://shopify/InventoryItem/56145153622400,99120101394,SPACE MARINES: CAPTAIN WITH JUMP PACK,,GB,verified_uk,
gid://shopify/Product/15724603146624,gid://shopify/ProductVariant/57986112586112,gid://shopify/InventoryItem/56145153753472,99120101300,SPACE MARINES VANGUARD VETERAN SQUAD,,GB,verified_uk,
gid://shopify/Product/15724603343232,gid://shopify/ProductVariant/57986113077632,gid://shopify/InventoryItem/56145154244992,99120101319,SPACE MARINES RAZORBACK,,GB,verified_uk,
gid://shopify/Product/15724603507072,gid://shopify/ProductVariant/57986113241472,gid://shopify/InventoryItem/56145154408832,99120101294,SPACE MARINES: HAMMERFALL BUNKER,,GB,verified_uk,
gid://shopify/Product/15724603638144,gid://shopify/ProductVariant/57986113372544,gid://shopify/InventoryItem/56145154539904,99120101320,SPACE MARINES PREDATOR,,GB,verified_uk,
gid://shopify/Product/15724603769216,gid://shopify/ProductVariant/57986113798528,gid://shopify/InventoryItem/56145154965888,99120101313,SPACE MARINES CENTURION ASSAULT SQUAD,,GB,verified_uk,
gid://shopify/Product/15724603900288,gid://shopify/ProductVariant/57986113929600,gid://shopify/InventoryItem/56145155096960,99120101341,SPACE MARINES VINDICATOR,,GB,verified_uk,
gid://shopify/Product/15724604064128,gid://shopify/ProductVariant/57986114355584,gid://shopify/InventoryItem/56145155522944,99120101391,SPACE MARINES: INFERNUS SQUAD,,GB,verified_uk,
gid://shopify/Product/15724604162432,gid://shopify/ProductVariant/57986114781568,gid://shopify/InventoryItem/56145155948928,99120101371,SPACE MARINES: BRUTALIS DREADNOUGHT,,GB,verified_uk,
gid://shopify/Product/15724604293504,gid://shopify/ProductVariant/57986114912640,gid://shopify/InventoryItem/56145156080000,99120101344,S/MARINES LAND RAIDER CRUSADER/REDEEMER,,GB,verified_uk,
gid://shopify/Product/15724604457344,gid://shopify/ProductVariant/57986115371392,gid://shopify/InventoryItem/56145156538752,99120101273,SPACE MARINES: CHAPLAIN ON BIKE,,GB,verified_uk,
gid://shopify/Product/15724604719488,gid://shopify/ProductVariant/57986115928448,gid://shopify/InventoryItem/56145157095808,99120101299,SPACE MARINES VENERABLE DREADNOUGHT,,GB,verified_uk,
gid://shopify/Product/15724604948864,gid://shopify/ProductVariant/57986116452736,gid://shopify/InventoryItem/56145157620096,99120101454,SPACE MARINES: TERMINATOR ASSAULT SQUAD,,GB,verified_uk,
gid://shopify/Product/15724605243776,gid://shopify/ProductVariant/57986117042560,gid://shopify/InventoryItem/56145158209920,99120101283,SPACE MARINES: ASSAULT INTERCESSORS,,GB,verified_uk,
gid://shopify/Product/15724605473152,gid://shopify/ProductVariant/57986117599616,gid://shopify/InventoryItem/56145158439296,99120101282,SPACE MARINES GLADIATOR,,GB,verified_uk,
gid://shopify/Product/15724605636992,gid://shopify/ProductVariant/57986118058368,gid://shopify/InventoryItem/56145159225728,99120101278,SPACE MARINES PRIMARIS TECHMARINE,,GB,verified_uk,
gid://shopify/Product/15724605899136,gid://shopify/ProductVariant/57986118615424,gid://shopify/InventoryItem/56145159782784,99120101285,SPACE MARINES OUTRIDERS,,GB,verified_uk,
gid://shopify/Product/15724606161280,gid://shopify/ProductVariant/57986122514816,gid://shopify/InventoryItem/56145163387264,99120101315,SPACE MARINES STORMHAWK INTERCEPTOR,,GB,verified_uk,
gid://shopify/Product/15724606325120,gid://shopify/ProductVariant/57986122678656,gid://shopify/InventoryItem/56145163846016,99120101286,SPACE MARINES PRIMARIS ERADICATORS,,GB,verified_uk,
gid://shopify/Product/15724606521728,gid://shopify/ProductVariant/57986123170176,gid://shopify/InventoryItem/56145164337536,99120101284,SPACE MARINES BLADEGUARD VETERANS,,GB,verified_uk,
gid://shopify/Product/15724606718336,gid://shopify/ProductVariant/57986123334016,gid://shopify/InventoryItem/56145164501376,99120101274,SPACE MARINES STORM SPEEDER,,GB,verified_uk,
gid://shopify/Product/15724606849408,gid://shopify/ProductVariant/57986123792768,gid://shopify/InventoryItem/56145164960128,99070101048,S/M CAPTAIN W/ MASTER-CRAFTED BOLT RIFLE,,GB,verified_uk,
gid://shopify/Product/15724607046016,gid://shopify/ProductVariant/57986124022144,gid://shopify/InventoryItem/56145165189504,99120101390,S/MARINES: STERNGUARD VETERAN SQUAD,,GB,verified_uk,
gid://shopify/Product/15724607144320,gid://shopify/ProductVariant/57986124415360,gid://shopify/InventoryItem/56145165582720,99120101271,SPACE MARINES PRIMARIS INVADER ATV,,GB,verified_uk,
gid://shopify/Product/15724607340928,gid://shopify/ProductVariant/57986124906880,gid://shopify/InventoryItem/56145165746560,99120101272,SPACE MARINES FIRESTRIKE SERVO-TURRET,,GB,verified_uk,
gid://shopify/Product/15724607439232,gid://shopify/ProductVariant/57986125037952,gid://shopify/InventoryItem/56145166205312,99120101322,S/MARINES PRIMARIS REPULSOR EXECUTIONER,,GB,verified_uk,
gid://shopify/Product/15724607635840,gid://shopify/ProductVariant/57986125496704,gid://shopify/InventoryItem/56145166369152,99070101060,SPACE MARINES PRIMARIS APOTHECARY,,GB,verified_uk,
gid://shopify/Product/15724607799680,gid://shopify/ProductVariant/57986125693312,gid://shopify/InventoryItem/56145166860672,99070101061,SPACE MARINES PRIMARIS CAPTAIN,,GB,verified_uk,
gid://shopify/Product/15724607963520,gid://shopify/ProductVariant/57986125922688,gid://shopify/InventoryItem/56145167122816,99070101062,SPACE MARINES PRIMARIS CHAPLAIN,,GB,verified_uk,
gid://shopify/Product/15724608061824,gid://shopify/ProductVariant/57986126315904,gid://shopify/InventoryItem/56145167516032,99070101063,SPACE MARINES PRIMARIS LIBRARIAN,,GB,verified_uk,
gid://shopify/Product/15724608225664,gid://shopify/ProductVariant/57986126479744,gid://shopify/InventoryItem/56145167679872,99070101054,PRIMARIS LIEUTENANT IN REIVER ARMOUR,,GB,verified_uk,
gid://shopify/Product/15724608389504,gid://shopify/ProductVariant/57986126938496,gid://shopify/InventoryItem/56145168138624,99070101055,PRIMARIS LIBRARIAN IN PHOBOS ARMOUR,,GB,verified_uk,
gid://shopify/Product/15724608553344,gid://shopify/ProductVariant/57986127069568,gid://shopify/InventoryItem/56145168269696,99070101056,SPACE MARINES CAPTAIN IN PHOBOS ARMOUR,,GB,verified_uk,
gid://shopify/Product/15724608749952,gid://shopify/ProductVariant/57986127298944,gid://shopify/InventoryItem/56145168499072,99120101306,SPACE MARINES PRIMARIS AGGRESSORS,,GB,verified_uk,
gid://shopify/Product/15724608946560,gid://shopify/ProductVariant/57986127856000,gid://shopify/InventoryItem/56145169056128,99070101077,SPACE MARINES CAPTAIN IN GRAVIS ARMOUR,,GB,verified_uk,
gid://shopify/Product/15724609143168,gid://shopify/ProductVariant/57986128052608,gid://shopify/InventoryItem/56145169252736,99120101307,SPACE MARINES PRIMARIS REIVERS,,GB,verified_uk,
gid://shopify/Product/15724609274240,gid://shopify/ProductVariant/57986128478592,gid://shopify/InventoryItem/56145169678720,99070101079,SPACE MARINES: LIEUTENANT,,GB,verified_uk,
gid://shopify/Product/15724609438080,gid://shopify/ProductVariant/57986128609664,gid://shopify/InventoryItem/56145169809792,99120101377,SPACE MARINES: DESOLATION SQUAD,,GB,verified_uk,
gid://shopify/Product/15724609667456,gid://shopify/ProductVariant/57986129166720,gid://shopify/InventoryItem/56145170366848,99120101309,SPACE MARINES PRIMARIS INTERCESSORS,,GB,verified_uk,
gid://shopify/Product/15724609798528,gid://shopify/ProductVariant/57986129297792,gid://shopify/InventoryItem/56145170497920,99120101308,SPACE MARINES HELLBLASTERS,,GB,verified_uk,
gid://shopify/Product/15724609995136,gid://shopify/ProductVariant/57986129494400,gid://shopify/InventoryItem/56145170694528,99120101310,SPACE MARINES: REDEMPTOR DREADNOUGHT,,GB,verified_uk,
gid://shopify/Product/15724610191744,gid://shopify/ProductVariant/57986129953152,gid://shopify/InventoryItem/56145171153280,99120101311,SPACE MARINES: REPULSOR,,GB,verified_uk,
gid://shopify/Product/15724610421120,gid://shopify/ProductVariant/57986130215296,gid://shopify/InventoryItem/56145171382656,99120101312,SPACE MARINES: INCEPTOR SQUAD,,GB,verified_uk,
gid://shopify/Product/15724610617728,gid://shopify/ProductVariant/57986130674048,gid://shopify/InventoryItem/56145171874176,99070101053,S/M PRIMARIS LIEUTENANT WITH POWER SWORD,,GB,verified_uk,
gid://shopify/Product/15724610814336,gid://shopify/ProductVariant/57986130903424,gid://shopify/InventoryItem/56145172103552,99120101398,SPACE MARINES: TERMINATOR SQUAD,,GB,verified_uk,
gid://shopify/Product/15724611010944,gid://shopify/ProductVariant/57986131394944,gid://shopify/InventoryItem/56145172595072,99120101399,S/MARINES: CHAPLAIN IN TERMINATOR ARMOUR,,GB,verified_uk,
gid://shopify/Product/15724611207552,gid://shopify/ProductVariant/57986132377984,gid://shopify/InventoryItem/56145173578112,99120101400,S/MARINES: CAPTAIN IN TERMINATOR ARMOUR,,GB,verified_uk,
gid://shopify/Product/15724611338624,gid://shopify/ProductVariant/57986132509056,gid://shopify/InventoryItem/56145173709184,99120101323,SPACE MARINES: ELIMINATOR SQUAD,,GB,verified_uk,
gid://shopify/Product/15724611469696,gid://shopify/ProductVariant/57986132935040,gid://shopify/InventoryItem/56145174135168,99120101324,SPACE MARINES PRIMARIS IMPULSOR,,GB,verified_uk,
gid://shopify/Product/15724611666304,gid://shopify/ProductVariant/57986133098880,gid://shopify/InventoryItem/56145174299008,99120101288,SPACE MARINES HEAVY INTERCESSORS,,GB,verified_uk,
gid://shopify/Product/15724611764608,gid://shopify/ProductVariant/57986133524864,gid://shopify/InventoryItem/56145174724992,99070101076,SPACE MARINES: PRIMARIS ANCIENT,,GB,verified_uk,
gid://shopify/Product/15724611961216,gid://shopify/ProductVariant/57986133754240,gid://shopify/InventoryItem/56145174954368,99120101325,SPACE MARINES PRIMARIS INFILTRATORS,,GB,verified_uk,
gid://shopify/Product/15724612092288,gid://shopify/ProductVariant/57986134180224,gid://shopify/InventoryItem/56145175380352,99120101326,S/M PRIMARIS INVICTOR TACTICAL WARSUIT,,GB,verified_uk,
gid://shopify/Product/15724612288896,gid://shopify/ProductVariant/57986134376832,gid://shopify/InventoryItem/56145175576960,52170101001,INFER S/M + PAINTS ENG/SPA/PORT/LATV/ROM,,GB,verified_uk,
gid://shopify/Product/15724612485504,gid://shopify/ProductVariant/57986134868352,gid://shopify/InventoryItem/56145176068480,60100181272,NIGHT LORDS: THE OMNIBUS (PB),,GB,verified_uk,
gid://shopify/Product/15724612682112,gid://shopify/ProductVariant/57986135032192,gid://shopify/InventoryItem/56145176232320,60100181432,AHRIMAN: THE OMNIBUS (PB),,GB,verified_uk,
gid://shopify/Product/15724612845952,gid://shopify/ProductVariant/57986138079616,gid://shopify/InventoryItem/56145179279744,60100181462,GAUNT'S GHOSTS: THE FOUNDING (PB),,GB,verified_uk,
gid://shopify/Product/15724613108096,gid://shopify/ProductVariant/57986138603904,gid://shopify/InventoryItem/56145179804032,60100181722,DEATHWATCH (PB),,GB,verified_uk,
gid://shopify/Product/15724613337472,gid://shopify/ProductVariant/57986139029888,gid://shopify/InventoryItem/56145180230016,60100181776,BRUTAL KUNNIN (PB),,GB,verified_uk,
gid://shopify/Product/15724613534080,gid://shopify/ProductVariant/57986139521408,gid://shopify/InventoryItem/56145180721536,60100181775,THE INFINITE AND THE DIVINE (PB),,GB,verified_uk,
gid://shopify/Product/15724613730688,gid://shopify/ProductVariant/57986139980160,gid://shopify/InventoryItem/56145181180288,60100181787,SIEGE OF TERRA: SATURNINE (ENG),,GB,verified_uk,
gid://shopify/Product/15724613894528,gid://shopify/ProductVariant/57986140176768,gid://shopify/InventoryItem/56145181376896,60100181794,DARK IMPERIUM (ENG),,GB,verified_uk,
gid://shopify/Product/15724614156672,gid://shopify/ProductVariant/57986140832128,gid://shopify/InventoryItem/56145182032256,60100181798,DARK IMPERIUM: PLAGUE WAR (PB),,GB,verified_uk,
gid://shopify/Product/15724614320512,gid://shopify/ProductVariant/57986141258112,gid://shopify/InventoryItem/56145182458240,60100181799,DARK IMPERIUM: GODBLIGHT (PB),,GB,verified_uk,
gid://shopify/Product/15724614451584,gid://shopify/ProductVariant/57986141421952,gid://shopify/InventoryItem/56145182622080,60100181805,KRIEG PB (ENGLISH),,GB,verified_uk,
gid://shopify/Product/15724614615424,gid://shopify/ProductVariant/57986141880704,gid://shopify/InventoryItem/56145183080832,60100181806,MORTIS PB (ENGLISH),,GB,verified_uk,
gid://shopify/Product/15724614779264,gid://shopify/ProductVariant/57986142044544,gid://shopify/InventoryItem/56145183244672,60100181810,EISENHORN OMNIBUS,,GB,verified_uk,
gid://shopify/Product/15724614943104,gid://shopify/ProductVariant/57986142503296,gid://shopify/InventoryItem/56145183703424,60100181819,THE IRON KINGDOM PB (ENGLISH),,GB,verified_uk,
gid://shopify/Product/15724615106944,gid://shopify/ProductVariant/57986142667136,gid://shopify/InventoryItem/56145183867264,60100181825,AHRIMAN: ETERNAL (PB),,GB,verified_uk,
gid://shopify/Product/15724615270784,gid://shopify/ProductVariant/57986144502144,gid://shopify/InventoryItem/56145184326016,60100181830,SIEGE OF TERRA: WARHAWK (PB),,GB,verified_uk,
gid://shopify/Product/15724615434624,gid://shopify/ProductVariant/57986144665984,gid://shopify/InventoryItem/56145185866112,60100181834,RENEGADES: HARROWMASTER (PB),,GB,verified_uk,
gid://shopify/Product/15724615598464,gid://shopify/ProductVariant/57986145124736,gid://shopify/InventoryItem/56145186324864,60100181839,MINKA LESK: THE LAST WHITESHIELD OMNIBUS,,GB,verified_uk,
gid://shopify/Product/15724615762304,gid://shopify/ProductVariant/57986145616256,gid://shopify/InventoryItem/56145186816384,60100181841,LONGSHOT (PB),,GB,verified_uk,
gid://shopify/Product/15724615893376,gid://shopify/ProductVariant/57986145747328,gid://shopify/InventoryItem/56145186947456,60100181846,WORD BEARERS OMNIBUS (PB),,GB,verified_uk,
gid://shopify/Product/15724616057216,gid://shopify/ProductVariant/57986146435456,gid://shopify/InventoryItem/56145187668352,60100181505,VALDOR: BIRTH OF THE IMPERIUM (PB),,GB,verified_uk,
gid://shopify/Product/15724616221056,gid://shopify/ProductVariant/57986146894208,gid://shopify/InventoryItem/56145188094336,60100181141,LEVIATHAN (PB),,GB,verified_uk,
gid://shopify/Product/15724616384896,gid://shopify/ProductVariant/57986147287424,gid://shopify/InventoryItem/56145188487552,60100181351,GHAZGHKULL THRAKA PROPHET O/T WAAAGH PB,,GB,verified_uk,
gid://shopify/Product/15724616515968,gid://shopify/ProductVariant/57986147418496,gid://shopify/InventoryItem/56145188618624,60100181507,THE LION: SON OF THE FOREST (PB),,GB,verified_uk,
gid://shopify/Product/15724616647040,gid://shopify/ProductVariant/57986147778944,gid://shopify/InventoryItem/56145188979072,60100181016,CYPHER: LORD OF THE FALLEN,,GB,verified_uk,
gid://shopify/Product/15724616843648,gid://shopify/ProductVariant/57986148139392,gid://shopify/InventoryItem/56145189339520,60100181144,SIEGE OF TERRA: ECHOES OF ETERNITY,,GB,verified_uk,
gid://shopify/Product/15724616974720,gid://shopify/ProductVariant/57986148270464,gid://shopify/InventoryItem/56145189470592,60100181189,CIAPHAS CAIN: VAINGLORIOUS (PB),,GB,verified_uk,
gid://shopify/Product/15724617171328,gid://shopify/ProductVariant/57986149089664,gid://shopify/InventoryItem/56145189798272,60100181352,GENEFATHER (PB),,GB,verified_uk,
gid://shopify/Product/15724617400704,gid://shopify/ProductVariant/57986149482880,gid://shopify/InventoryItem/56145190519168,60040181339,SIEGE OF VRAKS (HB),,GB,verified_uk,
gid://shopify/Product/15724617531776,gid://shopify/ProductVariant/57986149646720,gid://shopify/InventoryItem/56145190846848,60100181354,THE FALL OF CADIA (PAPERBACK),,GB,verified_uk,
gid://shopify/Product/15724617695616,gid://shopify/ProductVariant/57986149974400,gid://shopify/InventoryItem/56145191174528,60040181344,ABOVE AND BEYOND (HB),,GB,verified_uk,
gid://shopify/Product/15724617859456,gid://shopify/ProductVariant/57986150138240,gid://shopify/InventoryItem/56145191338368,60100181357,THE END AND THE DEATH: VOLUME 1 (PB),,GB,verified_uk,
gid://shopify/Product/15724618023296,gid://shopify/ProductVariant/57986150465920,gid://shopify/InventoryItem/56145191666048,60100181364,DA BIG DAKKA (PB),,GB,verified_uk,
gid://shopify/Product/15724618187136,gid://shopify/ProductVariant/57986150793600,gid://shopify/InventoryItem/56145191993728,60100181366,LAZARUS: ENMITY'S EDGE (PB),,GB,verified_uk,
gid://shopify/Product/15724618482048,gid://shopify/ProductVariant/57986151088512,gid://shopify/InventoryItem/56145192288640,60100181482,THE DARK COIL: DAMNATION (PB OMNIBUS),,GB,verified_uk,
gid://shopify/Product/15724618613120,gid://shopify/ProductVariant/57986151383424,gid://shopify/InventoryItem/56145192583552,60100181509,SIEGE OF VRAKS (PB),,GB,verified_uk,
gid://shopify/Product/15724618809728,gid://shopify/ProductVariant/57986151612800,gid://shopify/InventoryItem/56145192812928,60100181511,RAVENOR: THE OMNIBUS (PB),,GB,verified_uk,
gid://shopify/Product/15724618973568,gid://shopify/ProductVariant/57986151940480,gid://shopify/InventoryItem/56145193140608,60100181513,DAWN OF FIRE: THE SILENT KING (PB),,GB,verified_uk,
gid://shopify/Product/15724619137408,gid://shopify/ProductVariant/57986152137088,gid://shopify/InventoryItem/56145193337216,60100181514,DAEMONHAMMER (PB),,GB,verified_uk,
gid://shopify/Product/15724619334016,gid://shopify/ProductVariant/57986152333696,gid://shopify/InventoryItem/56145193533824,60100181515,LEGENDS OF THE WOLF: THE OMNIBUS (PB),,GB,verified_uk,
gid://shopify/Product/15724619497856,gid://shopify/ProductVariant/57986152530304,gid://shopify/InventoryItem/56145193697664,60100181517,SOT: THE END AND THE DEATH (VOL 2) (PB),,GB,verified_uk,
gid://shopify/Product/15724619694464,gid://shopify/ProductVariant/57986153021824,gid://shopify/InventoryItem/56145194221952,60100181518,DOMINION GENESIS (PB),,GB,verified_uk,
gid://shopify/Product/15724619956608,gid://shopify/ProductVariant/57986153251200,gid://shopify/InventoryItem/56145194484096,60100181519,MORVENN VAHL: SPEAR OF FAITH (PB),,GB,verified_uk,
gid://shopify/Product/15724620153216,gid://shopify/ProductVariant/57986153677184,gid://shopify/InventoryItem/56145194877312,60040181393,THE FIRST FOUNDING (HB),,GB,verified_uk,
gid://shopify/Product/15724620349824,gid://shopify/ProductVariant/57986153906560,gid://shopify/InventoryItem/56145195106688,60100181522,ABOVE AND BEYOND (PB),,GB,verified_uk,
gid://shopify/Product/15724620448128,gid://shopify/ProductVariant/57986154594688,gid://shopify/InventoryItem/56145195794816,60100181524,THE HIGH KAHL'S OATH (PB),,GB,verified_uk,
gid://shopify/Product/15724620644736,gid://shopify/ProductVariant/57986155610496,gid://shopify/InventoryItem/56145196548480,60100181525,THE END AND THE DEATH: VOLUME III (PB),,GB,verified_uk,
gid://shopify/Product/15724620710272,gid://shopify/ProductVariant/57986155676032,gid://shopify/InventoryItem/56145196876160,60040181395,PARAGON OF FAITH AND OTHER STORIES (HB),,GB,verified_uk,
gid://shopify/Product/15724620874112,gid://shopify/ProductVariant/57986156069248,gid://shopify/InventoryItem/56145197269376,60040181399,FERREN AREIOS: MASTER OF RITES (HB),,GB,verified_uk,
gid://shopify/Product/15724621037952,gid://shopify/ProductVariant/57986158199168,gid://shopify/InventoryItem/56145199399296,60100181529,ELEMENTAL COUNCIL (PB),,GB,verified_uk,
gid://shopify/Product/15724621169024,gid://shopify/ProductVariant/57986160198016,gid://shopify/InventoryItem/56145201398144,60100181530,DOUBLE EAGLE (PAPERBACK),,GB,verified_uk,
gid://shopify/Product/15724621365632,gid://shopify/ProductVariant/57986160394624,gid://shopify/InventoryItem/56145201594752,60100181533,INTERCEPTOR CITY (PB),,GB,verified_uk,
gid://shopify/Product/15724621529472,gid://shopify/ProductVariant/57986160755072,gid://shopify/InventoryItem/56145201955200,60040181407,KRAKENBLOOD (HB),,GB,verified_uk,
gid://shopify/Product/15724621660544,gid://shopify/ProductVariant/57986161148288,gid://shopify/InventoryItem/56145202348416,60040181417,STEEL TREAD (HB),,GB,verified_uk,
gid://shopify/Product/15724621857152,gid://shopify/ProductVariant/57986161377664,gid://shopify/InventoryItem/56145202577792,60040181418,DEMOLISHER (HB),,GB,verified_uk,
gid://shopify/Product/15724622053760,gid://shopify/ProductVariant/57986161803648,gid://shopify/InventoryItem/56145203003776,60040181902,VAGABOND SQUADRON (HB),,GB,verified_uk,
gid://shopify/Product/15724622250368,gid://shopify/ProductVariant/57986162000256,gid://shopify/InventoryItem/56145203200384,60100181848,MINKA LESK: HELL'S LAST (PB),,GB,verified_uk,
gid://shopify/Product/15724622414208,gid://shopify/ProductVariant/57986162360704,gid://shopify/InventoryItem/56145203528064,60100181534,VAULTS OF TERRA: THE OMNIBUS (PB),,GB,verified_uk,
gid://shopify/Product/15724622610816,gid://shopify/ProductVariant/57986163081600,gid://shopify/InventoryItem/56145203986816,60100181535,FARSIGHT: BLADE OF TRUTH (PB),,GB,verified_uk,
gid://shopify/Product/15724622741888,gid://shopify/ProductVariant/57986163212672,gid://shopify/InventoryItem/56145204412800,60100181536,FULGRIM: THE PERFECT SON (PB),,GB,verified_uk,
gid://shopify/Product/15724622971264,gid://shopify/ProductVariant/57986163671424,gid://shopify/InventoryItem/56145204642176,60100181201,CIAPHAS CAIN: HERO OF THE IMPERIUM,,GB,verified_uk,
gid://shopify/Product/15724623102336,gid://shopify/ProductVariant/57986163802496,gid://shopify/InventoryItem/56145205002624,60100299077,GRUDGE BEARER (PB),,GB,verified_uk,
gid://shopify/Product/15724623331712,gid://shopify/ProductVariant/57986164228480,gid://shopify/InventoryItem/56145205428608,60100299047,WITCH HUNTER (PB),,GB,verified_uk,
gid://shopify/Product/15724623528320,gid://shopify/ProductVariant/57986164457856,gid://shopify/InventoryItem/56145205657984,60012699002,LEGIONS IMPERIALIS: THE HORUS HERESY,,GB,verified_uk,
gid://shopify/Product/15724623724928,gid://shopify/ProductVariant/57986165145984,gid://shopify/InventoryItem/56145206346112,60042699007,LEGIONS IMPERIALIS: LIBER STRATEGIA,,GB,verified_uk,
gid://shopify/Product/15724623888768,gid://shopify/ProductVariant/57986165309824,gid://shopify/InventoryItem/56145206509952,60042699003,JOURNAL STRATEGIA: RUIN O/T SALAMANDERS,,GB,verified_uk,
gid://shopify/Product/15724624019840,gid://shopify/ProductVariant/57986165670272,gid://shopify/InventoryItem/56145206870400,99122699004,LEGIONS IMPERIALIS: CIVITAS IMPERIALIS,,GB,verified_uk,
gid://shopify/Product/15724624150912,gid://shopify/ProductVariant/57986165801344,gid://shopify/InventoryItem/56145207001472,99122699028,L/IMPERIALIS: CIVITAS IMPERIALIS RUINS,,GB,verified_uk,
gid://shopify/Product/15724624281984,gid://shopify/ProductVariant/57986166260096,gid://shopify/InventoryItem/56145207460224,99122699023,L/I:CIVI/IMPERIALIS ADMINISTRATUM SECTOR,,GB,verified_uk,
gid://shopify/Product/15724624478592,gid://shopify/ProductVariant/57986166423936,gid://shopify/InventoryItem/56145207624064,99122699024,MANUFACTORUM IMPERIALIS SECTOR,,GB,verified_uk,
gid://shopify/Product/15724624576896,gid://shopify/ProductVariant/57986166849920,gid://shopify/InventoryItem/56145208050048,99122699033,L/I: ORDER TOKENS AND OBJECTIVES MARKERS,,GB,verified_uk,
gid://shopify/Product/15724624740736,gid://shopify/ProductVariant/57986166980992,gid://shopify/InventoryItem/56145208181120,60042799001,WARHAMMER: THE OLD WORLD RULEBOOK (ENG),,GB,verified_uk,
gid://shopify/Product/15724624871808,gid://shopify/ProductVariant/57986167374208,gid://shopify/InventoryItem/56145208574336,60042799015,THE OLD WORLD: MATCHED PLAY GUIDE,,GB,verified_uk,
gid://shopify/Product/15724625035648,gid://shopify/ProductVariant/57986167538048,gid://shopify/InventoryItem/56145208738176,99222799001,THE OLD WORLD: MODULAR MOVEMENT TRAYS,,GB,verified_uk,
gid://shopify/Product/15724625166720,gid://shopify/ProductVariant/57986167898496,gid://shopify/InventoryItem/56145209098624,99122799004,THE OLD WORLD: WALLS AND FENCES,,GB,verified_uk,
gid://shopify/Product/15724625330560,gid://shopify/ProductVariant/57986168062336,gid://shopify/InventoryItem/56145209262464,99222799002,WARHAMMER: THE OLD WORLD DICE SET,,GB,verified_uk,
gid://shopify/Product/15724625494400,gid://shopify/ProductVariant/57986168521088,gid://shopify/InventoryItem/56145209721216,60040199176,KILL TEAM: CORE BOOK (ENGLISH),,GB,verified_uk,
gid://shopify/Product/15724625625472,gid://shopify/ProductVariant/57986168717696,gid://shopify/InventoryItem/56145209917824,60050199060,KILL TEAM: APPROVED OPS CARDS 2025 (ENG),,GB,verified_uk,
gid://shopify/Product/15724625854848,gid://shopify/ProductVariant/57986169241984,gid://shopify/InventoryItem/56145210442112,99120199129,KILLZONE: VOLKUS,,GB,verified_uk,
gid://shopify/Product/15724625985920,gid://shopify/ProductVariant/57986169373056,gid://shopify/InventoryItem/56145210573184,99120199152,KILL TEAM UPGRADE EQUIPMENT PACK,,GB,verified_uk,
gid://shopify/Product/15724626215296,gid://shopify/ProductVariant/57986169930112,gid://shopify/InventoryItem/56145211130240,60010199071,KILL TEAM: STARTER SET (ENGLISH),,GB,verified_uk,
gid://shopify/Product/15724626411904,gid://shopify/ProductVariant/57986170421632,gid://shopify/InventoryItem/56145211621760,99120199136,KILLZONE: TOMB WORLD,,GB,verified_uk,
gid://shopify/Product/15724626542976,gid://shopify/ProductVariant/57986170552704,gid://shopify/InventoryItem/56145211752832,60050799013,WHU RIVALS DECK: RECKLESS FURY (ENGLISH),,GB,verified_uk,
gid://shopify/Product/15724626706816,gid://shopify/ProductVariant/57986171109760,gid://shopify/InventoryItem/56145212309888,60050799014,WHU RIVALS DECK: WRACK AND RUIN (ENG),,GB,verified_uk,
gid://shopify/Product/15724626870656,gid://shopify/ProductVariant/57986171568512,gid://shopify/InventoryItem/56145212768640,60050799015,WHU RIVALS DECK: EDGE OF THE KNIFE (ENG),,GB,verified_uk,
gid://shopify/Product/15724627001728,gid://shopify/ProductVariant/57986171961728,gid://shopify/InventoryItem/56145213161856,60010799028,WARHAMMER UNDERWORLDS: SPITEWOOD  (ENG),,GB,verified_uk,
gid://shopify/Product/15724627165568,gid://shopify/ProductVariant/57986172420480,gid://shopify/InventoryItem/56145213620608,60050799016,WHU RIVALS DECK:REALMSTONE RAIDERS (ENG),,GB,verified_uk,
gid://shopify/Product/15724627329408,gid://shopify/ProductVariant/57986172617088,gid://shopify/InventoryItem/56145213817216,60010999014,BLOOD BOWL: THIRD SEASON EDITION (ENG),,GB,verified_uk,
gid://shopify/Product/15724627460480,gid://shopify/ProductVariant/57986173141376,gid://shopify/InventoryItem/56145214341504,60040999029,BLOOD BOWL: OFFICIAL RULEBOOK (3RD) ENG,,GB,verified_uk,
gid://shopify/Product/15724627624320,gid://shopify/ProductVariant/57986173600128,gid://shopify/InventoryItem/56145214800256,99120999013,BLOOD BOWL: TROLL,,GB,verified_uk,
gid://shopify/Product/15724627722624,gid://shopify/ProductVariant/57986173698432,gid://shopify/InventoryItem/56145214898560,99120999007,BLOOD BOWL: TREEMAN,,GB,verified_uk,
gid://shopify/Product/15724627853696,gid://shopify/ProductVariant/57986174124416,gid://shopify/InventoryItem/56145215324544,60010599003,NECROMUNDA: HIVE WAR (ENGLISH),,GB,verified_uk,
gid://shopify/Product/15724627952000,gid://shopify/ProductVariant/57986174222720,gid://shopify/InventoryItem/56145215422848,99070599002,NECROMUNDA 32MM BASES (X10),,GB,verified_uk,
gid://shopify/Product/15724628115840,gid://shopify/ProductVariant/57986174681472,gid://shopify/InventoryItem/56145215881600,60041499061,M-E SBG JOURNAL: THE WAR OF THE ROHIRRIM,,GB,verified_uk,
gid://shopify/Product/15724628246912,gid://shopify/ProductVariant/57986174812544,gid://shopify/InventoryItem/56145216012672,60040599042,NECROMUNDA: RULEBOOK (ENGLISH),,GB,verified_uk,
gid://shopify/Product/15724628377984,gid://shopify/ProductVariant/57986175238528,gid://shopify/InventoryItem/56145216438656,99120599009,NECROMUNDA AMBOT AUTOMATA,,GB,verified_uk,
gid://shopify/Product/15724628541824,gid://shopify/ProductVariant/57986175402368,gid://shopify/InventoryItem/56145216602496,60040599022,NECROMUNDA: THE BOOK OF JUDGEMENT (ENG),,GB,verified_uk,
gid://shopify/Product/15724628672896,gid://shopify/ProductVariant/57986175828352,gid://shopify/InventoryItem/56145217028480,99120599014,ZONE MORTALIS: COLUMNS & WALLS,,GB,verified_uk,
gid://shopify/Product/15724628869504,gid://shopify/ProductVariant/57986176024960,gid://shopify/InventoryItem/56145217225088,99120599015,ZONE MORTALIS: PLATFORMS & STAIRS,,GB,verified_uk,
gid://shopify/Product/15724628967808,gid://shopify/ProductVariant/57986176418176,gid://shopify/InventoryItem/56145217618304,99120599017,NECROMUNDA:ZONE MORTALIS FLOOR TILE SET,,GB,verified_uk,
gid://shopify/Product/15724629131648,gid://shopify/ProductVariant/57986176582016,gid://shopify/InventoryItem/56145217782144,60040599029,NECROMUNDA: THE BOOK OF RUIN (ENGLISH),,GB,verified_uk,
gid://shopify/Product/15724629328256,gid://shopify/ProductVariant/57986177171840,gid://shopify/InventoryItem/56145218371968,99120599020,JOTUNN H-GRADE SERVITOR OGRYNS,,GB,verified_uk,
gid://shopify/Product/15724629492096,gid://shopify/ProductVariant/57986177335680,gid://shopify/InventoryItem/56145218535808,99120599030,NECROMUNDA:ZONE MORTALIS:GANG STRONGHOLD,,GB,verified_uk,
gid://shopify/Product/15724629688704,gid://shopify/ProductVariant/57986177958272,gid://shopify/InventoryItem/56145219158400,60040599031,NECROMUNDA: BOOK OF THE OUTCAST,,GB,verified_uk,
gid://shopify/Product/15724629885312,gid://shopify/ProductVariant/57986178220416,gid://shopify/InventoryItem/56145219420544,99120599039,NECROMUNDA: HIVE SCUM,,GB,verified_uk,
gid://shopify/Product/15724630049152,gid://shopify/ProductVariant/57986178613632,gid://shopify/InventoryItem/56145219813760,99120599049,ZONE MORTALIS: UNDERHIVE MARKET,,GB,verified_uk,
gid://shopify/Product/15724630180224,gid://shopify/ProductVariant/57986178744704,gid://shopify/InventoryItem/56145219944832,99120599051,THATOS PATTERN: PLATFORMS & WALKWAYS,,GB,verified_uk,
gid://shopify/Product/15724630376832,gid://shopify/ProductVariant/57986180153728,gid://shopify/InventoryItem/56145221353856,99120599052,THATOS PATTERN: EXTENDED HAB MODULE,,GB,verified_uk,
gid://shopify/Product/15724630540672,gid://shopify/ProductVariant/57986180579712,gid://shopify/InventoryItem/56145221779840,99121499065,THE PATH OF CIRITH UNGOL:SHELOB & GOLLUM,,GB,verified_uk,
gid://shopify/Product/15724630704512,gid://shopify/ProductVariant/57986180710784,gid://shopify/InventoryItem/56145221910912,99120599043,NECROMUNDA: CARGO-8 RIDGEHAULER,,GB,verified_uk,
gid://shopify/Product/15724630901120,gid://shopify/ProductVariant/57986181202304,gid://shopify/InventoryItem/56145222402432,60041499056,M-E SBG JOURNAL: THE TREACHERY OF GOLLUM,,GB,verified_uk,
gid://shopify/Product/15724631064960,gid://shopify/ProductVariant/57986181366144,gid://shopify/InventoryItem/56145222566272,99120599054,NECROMUNDA: CARGO-8 RIDGEHAULER TRAILER,,GB,verified_uk,
gid://shopify/Product/15724631228800,gid://shopify/ProductVariant/57986181792128,gid://shopify/InventoryItem/56145222992256,60040599034,NECROMUNDA: BOOK OF THE OUTLANDS (ENG),,GB,verified_uk,
gid://shopify/Product/15724631392640,gid://shopify/ProductVariant/57986181955968,gid://shopify/InventoryItem/56145223156096,60040599038,ARANTHIAN SUCCESSION: CINDERAK BURNING,,GB,verified_uk,
gid://shopify/Product/15724631654784,gid://shopify/ProductVariant/57986182250880,gid://shopify/InventoryItem/56145223418240,99120599060,NEC. PROMETHIUM TANKS ON CARGO-8 TRAILER,,GB,verified_uk,
gid://shopify/Product/15724631785856,gid://shopify/ProductVariant/57986182709632,gid://shopify/InventoryItem/56145223909760,60040599039,ARANTHIAN SUCCESSION - VAULTS OF TEMENOS,,GB,verified_uk,
gid://shopify/Product/15724631949696,gid://shopify/ProductVariant/57986182873472,gid://shopify/InventoryItem/56145224073600,60050599022,NECROMUNDA: CORE GANG TACTICS CARDS ENG,,GB,verified_uk,
gid://shopify/Product/15724632080768,gid://shopify/ProductVariant/57986184184192,gid://shopify/InventoryItem/56145225384320,60040599041,NECROMUNDA: RUINS OF JARDLAN,,GB,verified_uk,
gid://shopify/Product/15724632244608,gid://shopify/ProductVariant/57986184348032,gid://shopify/InventoryItem/56145225548160,60040599044,NECROMUNDA: APOCRYPHA NECROMUNDA,,GB,verified_uk,
gid://shopify/Product/15724632342912,gid://shopify/ProductVariant/57986184708480,gid://shopify/InventoryItem/56145225908608,60040599043,NECROMUNDA: THE BOOK OF DESOLATION,,GB,verified_uk,
gid://shopify/Product/15724632441216,gid://shopify/ProductVariant/57986184806784,gid://shopify/InventoryItem/56145226006912,60010599005,NECROMUNDA: HIVE SECUNDUS,,GB,verified_uk,
gid://shopify/Product/15724632637824,gid://shopify/ProductVariant/57986185527680,gid://shopify/InventoryItem/56145226727808,99120599059,NECROMUNDA: TRAZIOR PATTERN SENTRY GUNS,,GB,verified_uk,
gid://shopify/Product/15724632768896,gid://shopify/ProductVariant/57986185658752,gid://shopify/InventoryItem/56145226858880,99120599069,NECROMUNDA: HIVE DATA STACK CLUSTER,,GB,verified_uk,
gid://shopify/Product/15724632965504,gid://shopify/ProductVariant/57986186150272,gid://shopify/InventoryItem/56145227350400,99120599081,NECROMUNDA: RUINED ZONE MORTALIS,,GB,verified_uk,
gid://shopify/Product/15724633096576,gid://shopify/ProductVariant/57986186281344,gid://shopify/InventoryItem/56145227481472,99120599093,NECROMUNDA: OZOSTIUM ARANTHUS,,GB,verified_uk,
gid://shopify/Product/15724633227648,gid://shopify/ProductVariant/57986186707328,gid://shopify/InventoryItem/56145227907456,99120599084,NECROMUNDA: UNDERHIVE HANGERS-ON,,GB,verified_uk,
gid://shopify/Product/15724633391488,gid://shopify/ProductVariant/57986186871168,gid://shopify/InventoryItem/56145228071296,99121499033,LORD OF THE RINGS:FELLOWSHIP OF THE RING,,GB,verified_uk,
gid://shopify/Product/15724633522560,gid://shopify/ProductVariant/57986187297152,gid://shopify/InventoryItem/56145228464512,99121499062,M-E SBG: GREAT EAGLES,,GB,verified_uk,
gid://shopify/Product/15724633653632,gid://shopify/ProductVariant/57986187723136,gid://shopify/InventoryItem/56145228890496,99121499037,GANDALF THE WHITE & PEREGRIN TOOK,,GB,verified_uk,
gid://shopify/Product/15724633817472,gid://shopify/ProductVariant/57986187854208,gid://shopify/InventoryItem/56145229054336,99121499039,THORIN OAKENSHIELD & COMPANY,,GB,verified_uk,
gid://shopify/Product/15724633981312,gid://shopify/ProductVariant/57986188345728,gid://shopify/InventoryItem/56145229545856,99121499041,THE THREE HUNTERS,,GB,verified_uk,
gid://shopify/Product/15724634112384,gid://shopify/ProductVariant/57986188902784,gid://shopify/InventoryItem/56145230070144,99121499042,EOWYN & MERRY,,GB,verified_uk,
gid://shopify/Product/15724634308992,gid://shopify/ProductVariant/57986189361536,gid://shopify/InventoryItem/56145230561664,99121499046,MIDDLE-EARTH SBG: TREEBEARD MIGHTY ENT,,GB,verified_uk,
gid://shopify/Product/15724634472832,gid://shopify/ProductVariant/57986189525376,gid://shopify/InventoryItem/56145230725504,99121499060,MIDDLE-EARTH SBG: ROHAN STRONGHOLD,,GB,verified_uk,
gid://shopify/Product/15724634603904,gid://shopify/ProductVariant/57986189918592,gid://shopify/InventoryItem/56145231118720,99121499049,MIDDLE-EARTH SBG: RUINS OF DOL GULDUR,,GB,verified_uk,
gid://shopify/Product/15724634833280,gid://shopify/ProductVariant/57986190147968,gid://shopify/InventoryItem/56145231348096,99121499050,M-E SBG: MORDOR BATTLEHOST,,GB,verified_uk,
gid://shopify/Product/15724634964352,gid://shopify/ProductVariant/57986190541184,gid://shopify/InventoryItem/56145231741312,99121499056,MIDDLE-EARTH SBG: GONDOR MANSION,,GB,verified_uk,
gid://shopify/Product/15724635095424,gid://shopify/ProductVariant/57986190672256,gid://shopify/InventoryItem/56145231872384,99121499057,MIDDLE-EARTH SBG: GONDOR TOWER,,GB,verified_uk,
gid://shopify/Product/15724635226496,gid://shopify/ProductVariant/57986191196544,gid://shopify/InventoryItem/56145232396672,99121499058,MIDDLE-EARTH SBG: GONDOR RUINS,,GB,verified_uk,
gid://shopify/Product/15724635455872,gid://shopify/ProductVariant/57986191425920,gid://shopify/InventoryItem/56145232626048,60011499013,WAR OF THE ROHIRRIM: BATTLE OF EDORAS,,GB,verified_uk,
gid://shopify/Product/15724635586944,gid://shopify/ProductVariant/57986191819136,gid://shopify/InventoryItem/56145233019264,60041499057,MIDDLE-EARTH SBG: RULES MANUAL,,GB,verified_uk,
gid://shopify/Product/15724635718016,gid://shopify/ProductVariant/57986191950208,gid://shopify/InventoryItem/56145233150336,60041499058,M-E SBG: ARMIES OF THE LORD OF THE RINGS,,GB,verified_uk,
gid://shopify/Product/15724635849088,gid://shopify/ProductVariant/57986192376192,gid://shopify/InventoryItem/56145233576320,60041499059,MIDDLE-EARTH SBG: ARMIES OF THE HOBBIT,,GB,verified_uk,
gid://shopify/Product/15724636045696,gid://shopify/ProductVariant/57986192605568,gid://shopify/InventoryItem/56145233805696,60041499060,MIDDLE-EARTH SBG: ARMIES OF MIDDLE-EARTH,,GB,verified_uk,
gid://shopify/Product/15724636242304,gid://shopify/ProductVariant/57986193064320,gid://shopify/InventoryItem/56145234264448,60043099013,THH: AGE OF DARKNESS RULEBOOK (ENGLISH),,GB,verified_uk,
gid://shopify/Product/15724636340608,gid://shopify/ProductVariant/57986193162624,gid://shopify/InventoryItem/56145234362752,60013099002,HH: AGE OF DARKNESS: SATURNINE (ENG),,GB,verified_uk,
gid://shopify/Product/15724636504448,gid://shopify/ProductVariant/57986193588608,gid://shopify/InventoryItem/56145234788736,60033008001,HORUS HERESY: LIBER QUESTORIS (ENGLISH),,GB,verified_uk,
gid://shopify/Product/15724636635520,gid://shopify/ProductVariant/57986193686912,gid://shopify/InventoryItem/56145234887040,99123099001,AGE OF DARKNESS: MARKERS AND TOKENS,,GB,verified_uk,
gid://shopify/Product/15724636766592,gid://shopify/ProductVariant/57986194145664,gid://shopify/InventoryItem/56145235345792,99223099039,HORUS HERESY: AGE OF DARKNESS DICE SET,,GB,verified_uk,
gid://shopify/Product/15724636897664,gid://shopify/ProductVariant/57986194243968,gid://shopify/InventoryItem/56145235444096,60010799027,WARHAMMER UNDERWORLDS: EMBERGARD (ENG),,GB,verified_uk,
gid://shopify/Product/15724637061504,gid://shopify/ProductVariant/57986194440576,gid://shopify/InventoryItem/56145235640704,99120799006,WH UNDERWORLDS: HEROES AND HUNTERS,,GB,verified_uk,
gid://shopify/Product/15724637290880,gid://shopify/ProductVariant/57986194964864,gid://shopify/InventoryItem/56145236164992,99120799007,WH UNDERWORLDS: DESPOILERS AND DAEMONS,,GB,verified_uk,
gid://shopify/Product/15724637454720,gid://shopify/ProductVariant/57986195390848,gid://shopify/InventoryItem/56145236590976,99120799008,WH UNDERWORLDS: REVENANTS OF THE REALMS,,GB,verified_uk,
gid://shopify/Product/15724637585792,gid://shopify/ProductVariant/57986195554688,gid://shopify/InventoryItem/56145236754816,99120799009,WH UNDERWORLDS: BRUTES AND BANDITS,,GB,verified_uk,
gid://shopify/Product/15724637716864,gid://shopify/ProductVariant/57986195980672,gid://shopify/InventoryItem/56145237180800,60050799018,WHU: RAGING SLAYERS RIVALS DECK (ENG),,GB,verified_uk,
gid://shopify/Product/15724637847936,gid://shopify/ProductVariant/57986196078976,gid://shopify/InventoryItem/56145237279104,60010399003,ADEPTUS TITANICUS STARTER SET (ENGLISH),,GB,verified_uk,
gid://shopify/Product/15724637979008,gid://shopify/ProductVariant/57986196537728,gid://shopify/InventoryItem/56145237705088,60040399014,ADEPTUS TITANICUS: LOYALIST LEGIOS (ENG),,GB,verified_uk,
gid://shopify/Product/15724638110080,gid://shopify/ProductVariant/57986196898176,gid://shopify/InventoryItem/56145238098304,60040399016,ADEPTUS TITANICUS: TRAITOR LEGIOS,,GB,verified_uk,
gid://shopify/Product/15724638273920,gid://shopify/ProductVariant/57986197815680,gid://shopify/InventoryItem/56145239015808,60040399017,ADEPTUS TITANICUS: CAMPAIGN COMPENDIUM,,GB,verified_uk,
gid://shopify/Product/15724638404992,gid://shopify/ProductVariant/57986197946752,gid://shopify/InventoryItem/56145239146880,99120299039,AGE OF SIGMAR HERO BASES,,GB,verified_uk,
gid://shopify/Product/15724638568832,gid://shopify/ProductVariant/57986198405504,gid://shopify/InventoryItem/56145239605632,99120299081,AOS: KRONDSPINE INCARNATE OF GHUR,,GB,verified_uk,
gid://shopify/Product/15724638667136,gid://shopify/ProductVariant/57986198536576,gid://shopify/InventoryItem/56145239736704,99120299057,DOMINION OF SIGMAR: TIMEWORN RUINS,,GB,verified_uk,
gid://shopify/Product/15724638765440,gid://shopify/ProductVariant/57986198929792,gid://shopify/InventoryItem/56145240129920,60010299044,AGE OF SIGMAR: SPEARHEAD STARTER SET ENG,,GB,verified_uk,
gid://shopify/Product/15724638962048,gid://shopify/ProductVariant/57986199093632,gid://shopify/InventoryItem/56145240293760,60040299156,AGE OF SIGMAR: CORE BOOK (ENGLISH),,GB,verified_uk,
gid://shopify/Product/15724639125888,gid://shopify/ProductVariant/57986199552384,gid://shopify/InventoryItem/56145240752512,60040299161,PATH TO GLORY: BLIGHTED WILDS (ENGLISH),,GB,verified_uk,
gid://shopify/Product/15724639355264,gid://shopify/ProductVariant/57986199781760,gid://shopify/InventoryItem/56145240981888,60040299158,GETTING STARTED WITH AGE OF SIGMAR (ENG),,GB,verified_uk,
gid://shopify/Product/15724639519104,gid://shopify/ProductVariant/57986208891264,gid://shopify/InventoryItem/56145241440640,60010299045,AGE OF SIGMAR: STARTER SET (ENG),,GB,verified_uk,
gid://shopify/Product/15724639715712,gid://shopify/ProductVariant/57986209087872,gid://shopify/InventoryItem/56145241637248,60040299160,AGE OF SIGMAR: GENERAL'S HANDBOOK (ENG),,GB,verified_uk,
gid://shopify/Product/15724639879552,gid://shopify/ProductVariant/57986209579392,gid://shopify/InventoryItem/56145250779520,60120299008,AOS: SAND AND BONE GAMING PACK (ENG),,GB,verified_uk,
gid://shopify/Product/15724640043392,gid://shopify/ProductVariant/57986209743232,gid://shopify/InventoryItem/56145250943360,60042799010,ARCANE JOURNAL: WARRIORS OF CHAOS,,GB,verified_uk,
gid://shopify/Product/15724640174464,gid://shopify/ProductVariant/57986210169216,gid://shopify/InventoryItem/56145251369344,99122701001,WARRIORS OF CHAOS: LORD ON MANTICORE,,GB,verified_uk,
gid://shopify/Product/15724640403840,gid://shopify/ProductVariant/57986210398592,gid://shopify/InventoryItem/56145251598720,99122701002,WARRIORS OF CHAOS: CHAMPION OF CHAOS,,GB,verified_uk,
gid://shopify/Product/15724640502144,gid://shopify/ProductVariant/57986210759040,gid://shopify/InventoryItem/56145251959168,99122701003,WARRIORS OF CHAOS: CHAOS WARRIORS,,GB,verified_uk,
gid://shopify/Product/15724640665984,gid://shopify/ProductVariant/57986211217792,gid://shopify/InventoryItem/56145252417920,99122701005,WARRIORS OF CHAOS: CHAOS KNIGHTS,,GB,verified_uk,
gid://shopify/Product/15724640862592,gid://shopify/ProductVariant/57986211381632,gid://shopify/InventoryItem/56145252581760,99122701012,WARRIORS OF CHAOS SORCERER OF CHAOS,,GB,verified_uk,
gid://shopify/Product/15724641026432,gid://shopify/ProductVariant/57986211873152,gid://shopify/InventoryItem/56145253073280,60042701001,ARCANE JOURNAL: THE RAZING OF WESTERLAND,,GB,verified_uk,
gid://shopify/Product/15724641190272,gid://shopify/ProductVariant/57986212036992,gid://shopify/InventoryItem/56145253237120,99120901005,BLOOD BOWL: NURGLE TEAM,,GB,verified_uk,
gid://shopify/Product/15724641321344,gid://shopify/ProductVariant/57986212462976,gid://shopify/InventoryItem/56145253663104,99120599003,NECROMUNDA GOLIATH GANG,,GB,verified_uk,
gid://shopify/Product/15724641550720,gid://shopify/ProductVariant/57986213216640,gid://shopify/InventoryItem/56145254416768,60040599023,NECROMUNDA: HOUSE OF CHAINS (ENGLISH),,GB,verified_uk,
gid://shopify/Product/15724641681792,gid://shopify/ProductVariant/57986213642624,gid://shopify/InventoryItem/56145254842752,99120599018,NECROMUNDA: GOLIATH STIMMERS & FORGEBORN,,GB,verified_uk,
gid://shopify/Product/15724641878400,gid://shopify/ProductVariant/57986213839232,gid://shopify/InventoryItem/56145255039360,99120599027,NECROMUNDA: GOLIATH WEAPONS & UPGRADES,,GB,verified_uk,
gid://shopify/Product/15724642009472,gid://shopify/ProductVariant/57986214199680,gid://shopify/InventoryItem/56145255399808,99120599034,NECROMUNDA: GOLIATH MAULERS,,GB,verified_uk,
gid://shopify/Product/15724642206080,gid://shopify/ProductVariant/57986214429056,gid://shopify/InventoryItem/56145255629184,99120201189,SPEARHEAD: S/T/DARKNESS DARKOATH RAIDERS,,GB,verified_uk,
gid://shopify/Product/15724642337152,gid://shopify/ProductVariant/57986214560128,gid://shopify/InventoryItem/56145255760256,99120299112,SLAVES TO DARKNESS: NEXUS CHAOTICA,,GB,verified_uk,
gid://shopify/Product/15724642533760,gid://shopify/ProductVariant/57986215018880,gid://shopify/InventoryItem/56145256219008,60030201030,BATTLETOME: SLAVES TO DARKNESS (ENG),,GB,verified_uk,
gid://shopify/Product/15724642664832,gid://shopify/ProductVariant/57986215149952,gid://shopify/InventoryItem/56145256350080,99120201131,SLAVES TO DARKNESS: CHAOS WARRIORS,,GB,verified_uk,
gid://shopify/Product/15724642861440,gid://shopify/ProductVariant/57986215707008,gid://shopify/InventoryItem/56145256907136,99120201125,SLAVES TO DARKNESS: CHAOS KNIGHTS,,GB,verified_uk,
gid://shopify/Product/15724642959744,gid://shopify/ProductVariant/57986215838080,gid://shopify/InventoryItem/56145257038208,99120201153,SLAVES TO DARKNESS: CHAOS SPAWN,,GB,verified_uk,
gid://shopify/Product/15724643090816,gid://shopify/ProductVariant/57986216231296,gid://shopify/InventoryItem/56145257431424,99120201192,SLAVES TO DARKNESS: CHAOS SORCERER LORD,,GB,verified_uk,
gid://shopify/Product/15724643189120,gid://shopify/ProductVariant/57986216395136,gid://shopify/InventoryItem/56145257595264,99120201151,SLAVES TO DARKNESS: ARCHAON,,GB,verified_uk,
gid://shopify/Product/15724643320192,gid://shopify/ProductVariant/57986216952192,gid://shopify/InventoryItem/56145258152320,99120201152,SLAVES TO DARKNESS: VARANGUARD,,GB,verified_uk,
gid://shopify/Product/15724643418496,gid://shopify/ProductVariant/57986217050496,gid://shopify/InventoryItem/56145258250624,99120201182,SLAVES TO DARKNESS: DARKOATH MARAUDERS,,GB,verified_uk,
gid://shopify/Product/15724643516800,gid://shopify/ProductVariant/57986217443712,gid://shopify/InventoryItem/56145258643840,99120201183,SLAVES TO DARKNESS: DARKOATH FELLRIDERS,,GB,verified_uk,
gid://shopify/Product/15724643713408,gid://shopify/ProductVariant/57986217640320,gid://shopify/InventoryItem/56145258840448,99120201178,STD: DARKOATH BRAND'S OATHBOUND,,GB,verified_uk,
gid://shopify/Product/15724643877248,gid://shopify/ProductVariant/57986218099072,gid://shopify/InventoryItem/56145259299200,99120201179,STD: ABRAXIA SPEAR OF THE EVERCHOSEN,,GB,verified_uk,
gid://shopify/Product/15724644008320,gid://shopify/ProductVariant/57986218230144,gid://shopify/InventoryItem/56145259430272,99120201124,SLAVES TO DARKNESS: LORD ON KARKADRAK,,GB,verified_uk,
gid://shopify/Product/15724644204928,gid://shopify/ProductVariant/57986218787200,gid://shopify/InventoryItem/56145259987328,99120201129,SLAVES TO DARKNESS: OGROID THERIDONS,,GB,verified_uk,
gid://shopify/Product/15724644467072,gid://shopify/ProductVariant/57986218951040,gid://shopify/InventoryItem/56145260151168,99120201130,SLAVES TO DARKNESS: DAEMON PRINCE,,GB,verified_uk,
gid://shopify/Product/15724644598144,gid://shopify/ProductVariant/57986219442560,gid://shopify/InventoryItem/56145260347776,99120201127,STD: ETERNUS BLADE OF THE FIRST PRINCE,,GB,verified_uk,
gid://shopify/Product/15724644696448,gid://shopify/ProductVariant/57986219606400,gid://shopify/InventoryItem/56145260806528,99120201132,SLAVES TO DARKNESS EXALTED HERO OF CHAOS,,GB,verified_uk,
gid://shopify/Product/15724644893056,gid://shopify/ProductVariant/57986219803008,gid://shopify/InventoryItem/56145261003136,99120201128,SLAVES TO DARKNESS: CHAOS CHOSEN,,GB,verified_uk,
gid://shopify/Product/15724645056896,gid://shopify/ProductVariant/57986220818816,gid://shopify/InventoryItem/56145262018944,99129915070,SLAVES TO DARKNESS: BE'LAKOR,,GB,verified_uk,
gid://shopify/Product/15724645220736,gid://shopify/ProductVariant/57986220982656,gid://shopify/InventoryItem/56145262182784,60249999662,WHITE DWARF 520 (JAN-26) (ENGLISH),,GB,verified_uk,
gid://shopify/Product/15724645384576,gid://shopify/ProductVariant/57986221932928,gid://shopify/InventoryItem/56145263133056,60249999661,WHITE DWARF 519 (DEC-25) (ENGLISH),,GB,verified_uk,
gid://shopify/Product/15724645581184,gid://shopify/ProductVariant/57986222424448,gid://shopify/InventoryItem/56145263624576,99122799002,OLD WORLD: FORTIFIED MANOR OF THE EMPIRE,,GB,verified_uk,
gid://shopify/Product/15724645777792,gid://shopify/ProductVariant/57986222686592,gid://shopify/InventoryItem/56145263886720,99122799003,OLD WORLD:SIGMARITE CHAPEL OF THE EMPIRE,,GB,verified_uk,
gid://shopify/Product/15724645974400,gid://shopify/ProductVariant/57986223505792,gid://shopify/InventoryItem/56145264705920,99122799005,THE OLD WORLD: WATCHTOWER OF THE EMPIRE,,GB,verified_uk,
gid://shopify/Product/15724646138240,gid://shopify/ProductVariant/57986224062848,gid://shopify/InventoryItem/56145265295744,60042799006,ARCANE JOURNAL: EMPIRE OF MAN,,GB,verified_uk,
gid://shopify/Product/15724646302080,gid://shopify/ProductVariant/57986224554368,gid://shopify/InventoryItem/56145265754496,99122702001,GENERAL O/T EMPIRE ON IMPERIAL GRIFFON,,GB,verified_uk,
gid://shopify/Product/15724646465920,gid://shopify/ProductVariant/57986224718208,gid://shopify/InventoryItem/56145265918336,99122702007,EMPIRE OF MAN: FREE COMPANY MILITIA,,GB,verified_uk,
gid://shopify/Product/15724646662528,gid://shopify/ProductVariant/57986225209728,gid://shopify/InventoryItem/56145266377088,99122702013,EMPIRE OF MAN: EMPIRE KNIGHTS,,GB,verified_uk,
gid://shopify/Product/15724646891904,gid://shopify/ProductVariant/57986225373568,gid://shopify/InventoryItem/56145266573696,99122702014,EMPIRE OF MAN: EMPIRE PISTOLIERS,,GB,verified_uk,
gid://shopify/Product/15724647055744,gid://shopify/ProductVariant/57986225865088,gid://shopify/InventoryItem/56145266770304,99122702015,EMPIRE OF MAN: DEMIGRYPH KNIGHTS,,GB,verified_uk,
gid://shopify/Product/15724647219584,gid://shopify/ProductVariant/57986226028928,gid://shopify/InventoryItem/56145267229056,99122702016,EMPIRE OF MAN: CANNONS & MORTARS,,GB,verified_uk,
gid://shopify/Product/15724647416192,gid://shopify/ProductVariant/57986226225536,gid://shopify/InventoryItem/56145267425664,99122702008,EMPIRE OF MAN: EMPIRE STATE TROOPS,,GB,verified_uk,
gid://shopify/Product/15724647645568,gid://shopify/ProductVariant/57986226684288,gid://shopify/InventoryItem/56145267884416,99122702009,EMPIRE OF MAN: STATE MISSILE TROOPS,,GB,verified_uk,
gid://shopify/Product/15724647842176,gid://shopify/ProductVariant/57986226913664,gid://shopify/InventoryItem/56145268113792,99122702010,EMPIRE OF MAN: FLAGELLANTS,,GB,verified_uk,
gid://shopify/Product/15724648038784,gid://shopify/ProductVariant/57986227405184,gid://shopify/InventoryItem/56145268605312,99122702011,EMPIRE OF MAN: GREATSWORDS,,GB,verified_uk,
gid://shopify/Product/15724648235392,gid://shopify/ProductVariant/57986227601792,gid://shopify/InventoryItem/56145268801920,99122702012,EMPIRE OF MAN: ARCHERS,,GB,verified_uk,
gid://shopify/Product/15724648497536,gid://shopify/ProductVariant/57986228355456,gid://shopify/InventoryItem/56145269260672,99122702017,HELBLASTER VOLLEYGUN/HELSTORM BATTERY,,GB,verified_uk,
gid://shopify/Product/15724648694144,gid://shopify/ProductVariant/57986228552064,gid://shopify/InventoryItem/56145269752192,99122702004,EMPIRE OF MAN: COMMANDERS OF THE EMPIRE,,GB,verified_uk,
gid://shopify/Product/15724648890752,gid://shopify/ProductVariant/57986228715904,gid://shopify/InventoryItem/56145269916032,99120102214,KILL TEAM: FELLGOR RAVAGERS,,GB,verified_uk,
gid://shopify/Product/15724649054592,gid://shopify/ProductVariant/57986229207424,gid://shopify/InventoryItem/56145270407552,99120102182,KILL TEAM: NEMESIS CLAW,,GB,verified_uk,
gid://shopify/Product/15724649218432,gid://shopify/ProductVariant/57986229371264,gid://shopify/InventoryItem/56145270571392,60050102022,K/T DATACARDS: FELLGOR RAVAGERS (ENG),,GB,verified_uk,
gid://shopify/Product/15724649415040,gid://shopify/ProductVariant/57986229862784,gid://shopify/InventoryItem/56145271062912,60050102024,KILL TEAM DATACARDS: CHAOS CULT (ENG),,GB,verified_uk,
gid://shopify/Product/15724649644416,gid://shopify/ProductVariant/57986230190464,gid://shopify/InventoryItem/56145271390592,60050102019,KILL TEAM DATACARDS: PLAGUE MARINES (ENG,,GB,verified_uk,
gid://shopify/Product/15724649808256,gid://shopify/ProductVariant/57986230583680,gid://shopify/InventoryItem/56145271783808,99120102208,KILL TEAM: GOREMONGERS,,GB,verified_uk,
gid://shopify/Product/15724649972096,gid://shopify/ProductVariant/57986230747520,gid://shopify/InventoryItem/56145271947648,99120999011,BLOOD BOWL: OGRE,,GB,verified_uk,
gid://shopify/Product/15724650168704,gid://shopify/ProductVariant/57986231173504,gid://shopify/InventoryItem/56145272373632,99120599004,NECROMUNDA ESCHER GANG,,GB,verified_uk,
gid://shopify/Product/15724650332544,gid://shopify/ProductVariant/57986231337344,gid://shopify/InventoryItem/56145272537472,60040599024,NECROMUNDA: HOUSE OF BLADES (ENGLISH),,GB,verified_uk,
gid://shopify/Product/15724650529152,gid://shopify/ProductVariant/57986231730560,gid://shopify/InventoryItem/56145272930688,99120599019,ESCHER DEATH MAIDENS & WYLD RUNNERS,,GB,verified_uk,
gid://shopify/Product/15724650692992,gid://shopify/ProductVariant/57986232156544,gid://shopify/InventoryItem/56145273356672,99120599026,NECROMUNDA: ESCHER WEAPONS & UPGRADES,,GB,verified_uk,
gid://shopify/Product/15724650824064,gid://shopify/ProductVariant/57986232287616,gid://shopify/InventoryItem/56145273487744,99120599046,NECROMUNDA: ESCHER CUTTERS,,GB,verified_uk,
gid://shopify/Product/15724650987904,gid://shopify/ProductVariant/57986232680832,gid://shopify/InventoryItem/56145273848192,99120202059,SPEARHEAD:CITIES OF SIGMAR FUSIL-PLATOON,,GB,verified_uk,
gid://shopify/Product/15724651118976,gid://shopify/ProductVariant/57986232811904,gid://shopify/InventoryItem/56145274012032,60050202002,FACTION PACK: CITIES OF SIGMAR (ENG),,GB,verified_uk,
gid://shopify/Product/15724651381120,gid://shopify/ProductVariant/57986233270656,gid://shopify/InventoryItem/56145274470784,99070212001,DARK ELF SUPREME SORCERESS,,GB,verified_uk,
gid://shopify/Product/15724651577728,gid://shopify/ProductVariant/57986234122624,gid://shopify/InventoryItem/56145275322752,99120202044,C/O/S: FREEGUILD CAVALIER MARSHAL,,GB,verified_uk,
gid://shopify/Product/15724651741568,gid://shopify/ProductVariant/57986234286464,gid://shopify/InventoryItem/56145275486592,99120202041,CITIES OF SIGMAR: FREEGUILD STEELHELMS,,GB,verified_uk,
gid://shopify/Product/15724651905408,gid://shopify/ProductVariant/57986234745216,gid://shopify/InventoryItem/56145275945344,99120202042,CITIES OF SIGMAR: FREEGUILD CAVALIERS,,GB,verified_uk,
gid://shopify/Product/15724652069248,gid://shopify/ProductVariant/57986234876288,gid://shopify/InventoryItem/56145276076416,99120202045,CITIES OF SIGMAR: IRONWELD GREAT CANNON,,GB,verified_uk,
gid://shopify/Product/15724652265856,gid://shopify/ProductVariant/57986235400576,gid://shopify/InventoryItem/56145276600704,99120202048,CITIES OF SIGMAR FREEGUILD COMMAND CORPS,,GB,verified_uk,
gid://shopify/Product/15724652462464,gid://shopify/ProductVariant/57986235597184,gid://shopify/InventoryItem/56145276797312,99120202043,TAHLIA VEDRA LIONESS OF THE PARCH,,GB,verified_uk,
gid://shopify/Product/15724652626304,gid://shopify/ProductVariant/57986236023168,gid://shopify/InventoryItem/56145277223296,99120202049,CITIES OF SIGMAR: FREEGUILD FUSILIERS,,GB,verified_uk,
gid://shopify/Product/15724652855680,gid://shopify/ProductVariant/57986236416384,gid://shopify/InventoryItem/56145277616512,99120202047,C/O/S: FUSIL-MAJOR ON OGOR WARHULK,,GB,verified_uk,
gid://shopify/Product/15724653019520,gid://shopify/ProductVariant/57986236907904,gid://shopify/InventoryItem/56145278108032,99120202046,ZENESTRA: MATRIARCH OF THE GREAT WHEEL,,GB,verified_uk,
gid://shopify/Product/15724653183360,gid://shopify/ProductVariant/57986237333888,gid://shopify/InventoryItem/56145278534016,99120299096,CALLIS & TOLL: SAVIOURS OF CINDERFALL,,GB,verified_uk,
gid://shopify/Product/15724653379968,gid://shopify/ProductVariant/57986237530496,gid://shopify/InventoryItem/56145278730624,99120202054,CITIES/SIGMAR: GALEN & DORALIA VEN DENST,,GB,verified_uk,
gid://shopify/Product/15724653511040,gid://shopify/ProductVariant/57986237923712,gid://shopify/InventoryItem/56145279123840,60010799029,WARHAMMER QUEST: DARKWATER (ENGLISH),,GB,verified_uk,
gid://shopify/Product/15724653707648,gid://shopify/ProductVariant/57986238153088,gid://shopify/InventoryItem/56145279353216,99122703002,KOB: BATTLE STANDARD ON ROYAL PEGASUS,,GB,verified_uk,
gid://shopify/Product/15724653838720,gid://shopify/ProductVariant/57986238546304,gid://shopify/InventoryItem/56145279746432,99122703009,KOB: KNIGHTS OF THE REALM ON FOOT,,GB,verified_uk,
gid://shopify/Product/15724654068096,gid://shopify/ProductVariant/57986239037824,gid://shopify/InventoryItem/56145279975808,99122703006,KINGDOM OF BRETONNIA: PEGASUS KNIGHTS,,GB,verified_uk,
gid://shopify/Product/15724654199168,gid://shopify/ProductVariant/57986239168896,gid://shopify/InventoryItem/56145280369024,99122703001,KINGDOM/BRETONNIA: LORD ON ROYAL PEGASUS,,GB,verified_uk,
gid://shopify/Product/15724654428544,gid://shopify/ProductVariant/57986239660416,gid://shopify/InventoryItem/56145280860544,99122703004,KINGDOM/BRETONNIA: KNIGHTS OF THE REALM,,GB,verified_uk,
gid://shopify/Product/15724654559616,gid://shopify/ProductVariant/57986239791488,gid://shopify/InventoryItem/56145280991616,99122703005,KINGDOM OF BRETONNIA: MEN-AT-ARMS,,GB,verified_uk,
gid://shopify/Product/15724654723456,gid://shopify/ProductVariant/57986240217472,gid://shopify/InventoryItem/56145281417600,60042703001,ARCANE JOURNAL: KINGDOM OF BRETONNIA,,GB,verified_uk,
gid://shopify/Product/15724654887296,gid://shopify/ProductVariant/57986240381312,gid://shopify/InventoryItem/56145281581440,99120103123,KILL TEAM: WRECKA KREW,,GB,verified_uk,
gid://shopify/Product/15724655051136,gid://shopify/ProductVariant/57986240774528,gid://shopify/InventoryItem/56145281974656,60050103005,KILL TEAM DATACARDS: WRECKA KREW (ENG),,GB,verified_uk,
gid://shopify/Product/15724655247744,gid://shopify/ProductVariant/57986241298816,gid://shopify/InventoryItem/56145282498944,99120903001,BLOOD BOWL: BRETONNIAN TEAM,,GB,verified_uk,
gid://shopify/Product/15724655411584,gid://shopify/ProductVariant/57986241462656,gid://shopify/InventoryItem/56145282662784,99120599005,NECROMUNDA ORLOCK GANG,,GB,verified_uk,
gid://shopify/Product/15724655608192,gid://shopify/ProductVariant/57986241954176,gid://shopify/InventoryItem/56145283121536,60040599025,NECROMUNDA: HOUSE OF IRON (ENGLISH),,GB,verified_uk,
gid://shopify/Product/15724655804800,gid://shopify/ProductVariant/57986242150784,gid://shopify/InventoryItem/56145283350912,99120599023,ORLOCK ARMS MASTERS AND WRECKERS,,GB,verified_uk,
gid://shopify/Product/15724655935872,gid://shopify/ProductVariant/57986242576768,gid://shopify/InventoryItem/56145283776896,99120599029,NECROMUNDA: ORLOCK WEAPONS UPGRADES,,GB,verified_uk,
gid://shopify/Product/15724656099712,gid://shopify/ProductVariant/57986242740608,gid://shopify/InventoryItem/56145283940736,99120104105,KILL TEAM: BLADES OF KHAINE,,GB,verified_uk,
gid://shopify/Product/15724656230784,gid://shopify/ProductVariant/57986243166592,gid://shopify/InventoryItem/56145284366720,60050104005,K/T DATACARDS: BLADES OF KHAINE (ENG),,GB,verified_uk,
gid://shopify/Product/15724656394624,gid://shopify/ProductVariant/57986243395968,gid://shopify/InventoryItem/56145284596096,60042799013,ARCANE JOURNAL: WOOD ELF REALMS,,GB,verified_uk,
gid://shopify/Product/15724656558464,gid://shopify/ProductVariant/57986243854720,gid://shopify/InventoryItem/56145285054848,99122704002,WOOD ELF REALMS: GLADE RIDERS,,GB,verified_uk,
gid://shopify/Product/15724656755072,gid://shopify/ProductVariant/57986244051328,gid://shopify/InventoryItem/56145285251456,99122704003,WOOD ELF REALMS: GLADE GUARD,,GB,verified_uk,
gid://shopify/Product/15724656918912,gid://shopify/ProductVariant/57986245067136,gid://shopify/InventoryItem/56145286267264,99122704004,WOOD ELF REALMS: ETERNAL GUARD,,GB,verified_uk,
gid://shopify/Product/15724657148288,gid://shopify/ProductVariant/57986245296512,gid://shopify/InventoryItem/56145286496640,99122704006,WOOD ELF REALMS ARALOTH LORD OF TALSYN,,GB,verified_uk,
gid://shopify/Product/15724657246592,gid://shopify/ProductVariant/57986245689728,gid://shopify/InventoryItem/56145286889856,99122704001,BATTALION: WOOD ELF REALMS,,GB,verified_uk,
gid://shopify/Product/15724657443200,gid://shopify/ProductVariant/57986245886336,gid://shopify/InventoryItem/56145287086464,60889999018,TRD BS: FOUNDATION ORDER FORM NOV-25 ENG,,GB,verified_uk,
gid://shopify/Product/15724657607040,gid://shopify/ProductVariant/57986246312320,gid://shopify/InventoryItem/56145287512448,99120904002,BLOOD BOWL: WOOD ELF TEAM,,GB,verified_uk,
gid://shopify/Product/15724657770880,gid://shopify/ProductVariant/57986246476160,gid://shopify/InventoryItem/56145287676288,99120599006,NECROMUNDA: VAN SAAR GANG,,GB,verified_uk,
gid://shopify/Product/15724657967488,gid://shopify/ProductVariant/57986246934912,gid://shopify/InventoryItem/56145288135040,99120599024,VAN SAAR ARCHEOTEKS & GRAV-CUTTERS,,GB,verified_uk,
gid://shopify/Product/15724658098560,gid://shopify/ProductVariant/57986247098752,gid://shopify/InventoryItem/56145288298880,99120599033,NECROMUNDA VAN SAAR WEAPONS & UPGRADES,,GB,verified_uk,
gid://shopify/Product/15724658229632,gid://shopify/ProductVariant/57986247491968,gid://shopify/InventoryItem/56145288692096,99120599056,NECROMUNDA: VAN SAAR A/W ARACHNIRIG,,GB,verified_uk,
gid://shopify/Product/15724658393472,gid://shopify/ProductVariant/57986247655808,gid://shopify/InventoryItem/56145288855936,99120599068,NECROMUNDA: VAN SAAR TEK-HUNTERS,,GB,verified_uk,
gid://shopify/Product/15724658557312,gid://shopify/ProductVariant/57986248081792,gid://shopify/InventoryItem/56145289281920,99120204037,SYLVANETH: ALARIELLE THE EVERQUEEN,,GB,verified_uk,
gid://shopify/Product/15724658721152,gid://shopify/ProductVariant/57986248212864,gid://shopify/InventoryItem/56145289412992,99120204040,SYLVANETH: KURNOTH HUNTERS,,GB,verified_uk,
gid://shopify/Product/15724658852224,gid://shopify/ProductVariant/57986248638848,gid://shopify/InventoryItem/56145289838976,99120204038,SYLVANETH: TREE-REVENANTS,,GB,verified_uk,
gid://shopify/Product/15724659048832,gid://shopify/ProductVariant/57986248835456,gid://shopify/InventoryItem/56145289970048,99120204041,SYLVANETH: ARCH-REVENANT,,GB,verified_uk,
gid://shopify/Product/15724659147136,gid://shopify/ProductVariant/57986249261440,gid://shopify/InventoryItem/56145290199424,99120204023,AGE OF SIGMAR: AWAKENED WYLDWOOD,,GB,verified_uk,
gid://shopify/Product/15724659310976,gid://shopify/ProductVariant/57986249392512,gid://shopify/InventoryItem/56145290592640,99120204042,SYLVANETH: WARSONG REVENANT,,GB,verified_uk,
gid://shopify/Product/15724659474816,gid://shopify/ProductVariant/57986249589120,gid://shopify/InventoryItem/56145290789248,99120204031,SYLVANETH: SPITERIDER LANCERS,,GB,verified_uk,
gid://shopify/Product/15724659671424,gid://shopify/ProductVariant/57986250080640,gid://shopify/InventoryItem/56145291280768,99120204032,SYLVANETH: GOSSAMID ARCHERS,,GB,verified_uk,
gid://shopify/Product/15724659835264,gid://shopify/ProductVariant/57986250244480,gid://shopify/InventoryItem/56145291444608,99120204044,SYLV: BELTHANOS FIRST THORN OF KURNOTH,,GB,verified_uk,
gid://shopify/Product/15724660031872,gid://shopify/ProductVariant/57986250670464,gid://shopify/InventoryItem/56145291870592,60042799009,ARCANE JOURNAL: DWARFEN MOUNTAIN HOLDS,,GB,verified_uk,
gid://shopify/Product/15724660195712,gid://shopify/ProductVariant/57986251129216,gid://shopify/InventoryItem/56145292296576,99122705010,BATTALION: DWARFEN MOUNTAIN HOLDS,,GB,verified_uk,
gid://shopify/Product/15724660425088,gid://shopify/ProductVariant/57986251325824,gid://shopify/InventoryItem/56145292525952,99122705001,DWARFEN MOUNTAIN HOLDS: DWARF RUNESMITH,,GB,verified_uk,
gid://shopify/Product/15724660556160,gid://shopify/ProductVariant/57986251751808,gid://shopify/InventoryItem/56145292951936,99122705002,DWARFEN MOUNTAIN HOLDS: DWARF WARRIORS,,GB,verified_uk,
gid://shopify/Product/15724660720000,gid://shopify/ProductVariant/57986251981184,gid://shopify/InventoryItem/56145293181312,99122705003,DWARFEN MOUNTAIN HOLDS:DWARF QUARRELLERS,,GB,verified_uk,
gid://shopify/Product/15724660949376,gid://shopify/ProductVariant/57986252538240,gid://shopify/InventoryItem/56145293738368,99122705004,DWARF MOUNTAIN HOLDS: DWARF IRONBREAKERS,,GB,verified_uk,
gid://shopify/Product/15724661145984,gid://shopify/ProductVariant/57986253029760,gid://shopify/InventoryItem/56145294229888,99122705005,DWARFEN MOUNTAIN HOLDS: DWARF HAMMERERS,,GB,verified_uk,
gid://shopify/Product/15724661342592,gid://shopify/ProductVariant/57986253259136,gid://shopify/InventoryItem/56145294459264,99122705009,DWARF/M/H: DWARF LORDS W/SHIELDBEARERS,,GB,verified_uk,
gid://shopify/Product/15724661571968,gid://shopify/ProductVariant/57986253750656,gid://shopify/InventoryItem/56145294950784,99122705006,DWARFEN MOUNTAIN HOLDS: DWARF MINERS,,GB,verified_uk,
gid://shopify/Product/15724661735808,gid://shopify/ProductVariant/57986254963072,gid://shopify/InventoryItem/56145296163200,99122705007,DWARFEN M/H: GYROCOPTERS & GYROBOMBERS,,GB,verified_uk,
gid://shopify/Product/15724661932416,gid://shopify/ProductVariant/57986255487360,gid://shopify/InventoryItem/56145296392576,99122705008,DWARFEN M/HOLDS:DWARF CANNON & ORGAN GUN,,GB,verified_uk,
gid://shopify/Product/15724662063488,gid://shopify/ProductVariant/57986255618432,gid://shopify/InventoryItem/56145296818560,99122705011,DWARFEN HOLDS: SLAYER OF LEGEND,,GB,verified_uk,
gid://shopify/Product/15724662260096,gid://shopify/ProductVariant/57986256109952,gid://shopify/InventoryItem/56145297015168,99122705012,DWARFEN HOLDS: DWARF KING WITH OATHSTONE,,GB,verified_uk,
gid://shopify/Product/15724662456704,gid://shopify/ProductVariant/57986256306560,gid://shopify/InventoryItem/56145297506688,99120105133,KILL TEAM: KASRKIN,,GB,verified_uk,
gid://shopify/Product/15724662620544,gid://shopify/ProductVariant/57986257158528,gid://shopify/InventoryItem/56145298063744,99120105123,KILL TEAM: TEMPESTUS AQUILONS,,GB,verified_uk,
gid://shopify/Product/15724662751616,gid://shopify/ProductVariant/57986257289600,gid://shopify/InventoryItem/56145298489728,60050105006,KILL TEAM DATACARDS: DEATH KORPS (ENG),,GB,verified_uk,
gid://shopify/Product/15724662915456,gid://shopify/ProductVariant/57986257715584,gid://shopify/InventoryItem/56145298915712,60050105007,KILL TEAM DATACARDS: KASRKIN (ENG),,GB,verified_uk,
gid://shopify/Product/15724663046528,gid://shopify/ProductVariant/57986257846656,gid://shopify/InventoryItem/56145299046784,60050105003,K/T DATACARDS: TEMPESTUS AQUILONS ENG,,GB,verified_uk,
gid://shopify/Product/15724663177600,gid://shopify/ProductVariant/57986258272640,gid://shopify/InventoryItem/56145299472768,99120105132,KILL TEAM: RATLINGS,,GB,verified_uk,
gid://shopify/Product/15724663308672,gid://shopify/ProductVariant/57986258370944,gid://shopify/InventoryItem/56145299571072,60050105005,KILL TEAM DATACARDS: RATLINGS (ENG),,GB,verified_uk,
gid://shopify/Product/15724663406976,gid://shopify/ProductVariant/57986258796928,gid://shopify/InventoryItem/56145299997056,99120905002,BLOOD BOWL: DWARF TEAM,,GB,verified_uk,
gid://shopify/Product/15724663505280,gid://shopify/ProductVariant/57986258895232,gid://shopify/InventoryItem/56145300095360,99120599007,NECROMUNDA CAWDOR GANG,,GB,verified_uk,
gid://shopify/Product/15724663603584,gid://shopify/ProductVariant/57986259288448,gid://shopify/InventoryItem/56145300488576,99120599031,NECROMUNDA: CAWDOR WEAPONS & UPGRADES,,GB,verified_uk,
gid://shopify/Product/15724663800192,gid://shopify/ProductVariant/57986260042112,gid://shopify/InventoryItem/56145301242240,99120599025,NECROMUNDA: CAWDOR REDEMPTIONISTS,,GB,verified_uk,
gid://shopify/Product/15724663964032,gid://shopify/ProductVariant/57986260500864,gid://shopify/InventoryItem/56145301700992,60050106004,KILL TEAM DATACARDS: RAVENERS (ENG),,GB,verified_uk,
gid://shopify/Product/15724664127872,gid://shopify/ProductVariant/57986260664704,gid://shopify/InventoryItem/56145301864832,99120106083,KILL TEAM: RAVENERS,,GB,verified_uk,
gid://shopify/Product/15724664258944,gid://shopify/ProductVariant/57986260828544,gid://shopify/InventoryItem/56145302028672,99120906002,BLOOD BOWL: SKAVEN TEAM,,GB,verified_uk,
gid://shopify/Product/15724664488320,gid://shopify/ProductVariant/57986261025152,gid://shopify/InventoryItem/56145302225280,99120599008,NECROMUNDA: DELAQUE GANG,,GB,verified_uk,
gid://shopify/Product/15724664586624,gid://shopify/ProductVariant/57986261451136,gid://shopify/InventoryItem/56145302651264,60040599028,NECROMUNDA: HOUSE OF SHADOW (ENGLISH),,GB,verified_uk,
gid://shopify/Product/15724664783232,gid://shopify/ProductVariant/57986261647744,gid://shopify/InventoryItem/56145302847872,99120599028,DELAQUE NACHT-GHUL AND PSY-GHEISTS,,GB,verified_uk,
gid://shopify/Product/15724664979840,gid://shopify/ProductVariant/57986262106496,gid://shopify/InventoryItem/56145303306624,99120599041,NECROMUNDA: DELAQUE WEAPONS,,GB,verified_uk,
gid://shopify/Product/15724665143680,gid://shopify/ProductVariant/57986262270336,gid://shopify/InventoryItem/56145303503232,99120206041,SPEARHEAD: SKAVEN,,GB,verified_uk,
gid://shopify/Product/15724665274752,gid://shopify/ProductVariant/57986262729088,gid://shopify/InventoryItem/56145303929216,99120206045,SKAVEN: STORMVERMIN,,GB,verified_uk,
gid://shopify/Product/15724665405824,gid://shopify/ProductVariant/57986262860160,gid://shopify/InventoryItem/56145304060288,99120206037,SKAVEN: PLAGUE MONKS,,GB,verified_uk,
gid://shopify/Product/15724665536896,gid://shopify/ProductVariant/57986263286144,gid://shopify/InventoryItem/56145304486272,99120206043,SKAVEN: RAT OGORS,,GB,verified_uk,
gid://shopify/Product/15724665733504,gid://shopify/ProductVariant/57986263548288,gid://shopify/InventoryItem/56145304748416,99120206059,SKAVEN: THANQUOL ON BONERIPPER,,GB,verified_uk,
gid://shopify/Product/15724665864576,gid://shopify/ProductVariant/57986264007040,gid://shopify/InventoryItem/56145305207168,99120206036,SKAVEN: STORMFIENDS,,GB,verified_uk,
gid://shopify/Product/15724665962880,gid://shopify/ProductVariant/57986264301952,gid://shopify/InventoryItem/56145305502080,99120206042,SKAVEN: VIZZIK SKOUR PROPHET HORNED RAT,,GB,verified_uk,
gid://shopify/Product/15724666159488,gid://shopify/ProductVariant/57986264531328,gid://shopify/InventoryItem/56145305698688,99120206038,SKAVEN: VERMINLORD CORRUPTOR,,GB,verified_uk,
gid://shopify/Product/15724666323328,gid://shopify/ProductVariant/57986264695168,gid://shopify/InventoryItem/56145305895296,60030206009,BATTLETOME: SKAVEN (ENGLISH),,GB,verified_uk,
gid://shopify/Product/15724666487168,gid://shopify/ProductVariant/57986264859008,gid://shopify/InventoryItem/56145306059136,99070206005,SKAVEN: WARLOCK BOMBARDIER,,GB,verified_uk,
gid://shopify/Product/15724666585472,gid://shopify/ProductVariant/57986265252224,gid://shopify/InventoryItem/56145306452352,99070206006,SKAVEN: MASTER MOULDER,,GB,verified_uk,
gid://shopify/Product/15724666749312,gid://shopify/ProductVariant/57986265416064,gid://shopify/InventoryItem/56145306616192,99120206044,SKAVEN: DOOM-FLAYERS,,GB,verified_uk,
gid://shopify/Product/15724666913152,gid://shopify/ProductVariant/57986265874816,gid://shopify/InventoryItem/56145307074944,99120206048,SKAVEN: WARPSPARK WEAPON BATTERY,,GB,verified_uk,
gid://shopify/Product/15724667044224,gid://shopify/ProductVariant/57986266005888,gid://shopify/InventoryItem/56145307206016,99120206047,SKAVEN: WARP-GRINDER,,GB,verified_uk,
gid://shopify/Product/15724667175296,gid://shopify/ProductVariant/57986266235264,gid://shopify/InventoryItem/56145307435392,99120206046,SKAVEN: ACOLYTE GLOBADIERS,,GB,verified_uk,
gid://shopify/Product/15724667339136,gid://shopify/ProductVariant/57986266366336,gid://shopify/InventoryItem/56145307599232,99120206049,SKAVEN: ARCH-WARLOCK,,GB,verified_uk,
gid://shopify/Product/15724667437440,gid://shopify/ProductVariant/57986266595712,gid://shopify/InventoryItem/56145307795840,99120206052,SKAVEN: KRITTOK FOULBLADE,,GB,verified_uk,
gid://shopify/Product/15724667535744,gid://shopify/ProductVariant/57986266792320,gid://shopify/InventoryItem/56145307992448,99070206007,SKAVEN: WARLOCK GALVANEER,,GB,verified_uk,
gid://shopify/Product/15724667732352,gid://shopify/ProductVariant/57986267120000,gid://shopify/InventoryItem/56145308320128,99120206056,SKAVEN: BROOD TERROR,,GB,verified_uk,
gid://shopify/Product/15724667961728,gid://shopify/ProductVariant/57986267480448,gid://shopify/InventoryItem/56145308680576,99120206051,SKAVEN: WARPLOCK JEZZAILS,,GB,verified_uk,
gid://shopify/Product/15724668125568,gid://shopify/ProductVariant/57986267742592,gid://shopify/InventoryItem/56145308942720,99120206054,SKAVEN: RATLING WARPBLASTER,,GB,verified_uk,
gid://shopify/Product/15724668256640,gid://shopify/ProductVariant/57986267971968,gid://shopify/InventoryItem/56145309172096,99120907003,BLOOD BOWL: SHAMBLING UNDEAD TEAM,,GB,verified_uk,
gid://shopify/Product/15724668453248,gid://shopify/ProductVariant/57986268168576,gid://shopify/InventoryItem/56145309368704,99120599011,NECROMUNDA: PALANITE ENFORCER PATROL,,GB,verified_uk,
gid://shopify/Product/15724668617088,gid://shopify/ProductVariant/57986268430720,gid://shopify/InventoryItem/56145309630848,99120599012,NECROMUNDA: PALANITE SUBJUGATOR PATROL,,GB,verified_uk,
gid://shopify/Product/15724668813696,gid://shopify/ProductVariant/57986268889472,gid://shopify/InventoryItem/56145310089600,99120599065,NEC: PALANITE ENFORCER TAURUS VENATOR,,GB,verified_uk,
gid://shopify/Product/15724668977536,gid://shopify/ProductVariant/57986269053312,gid://shopify/InventoryItem/56145310253440,60040599047,NECROMUNDA: BASTIONS OF LAW,,GB,verified_uk,
gid://shopify/Product/15724669141376,gid://shopify/ProductVariant/57986269479296,gid://shopify/InventoryItem/56145310679424,99120599109,NECROMUNDA: ENFORCER WEAPONS & UPGRADES,,GB,verified_uk,
gid://shopify/Product/15724669239680,gid://shopify/ProductVariant/57986269577600,gid://shopify/InventoryItem/56145310777728,99120599080,PALANITE ENFORCER CAPTAINS & SERGEANTS,,GB,verified_uk,
gid://shopify/Product/15724669403520,gid://shopify/ProductVariant/57986269741440,gid://shopify/InventoryItem/56145310941568,99120108108,KILL TEAM: IMPERIAL NAVY BREACHERS,,GB,verified_uk,
gid://shopify/Product/15724669534592,gid://shopify/ProductVariant/57986270134656,gid://shopify/InventoryItem/56145311334784,99120108109,KILL TEAM: EXACTION SQUAD,,GB,verified_uk,
gid://shopify/Product/15724669665664,gid://shopify/ProductVariant/57986271904128,gid://shopify/InventoryItem/56145313104256,99120108110,KILL TEAM: INQUISITORIAL AGENTS,,GB,verified_uk,
gid://shopify/Product/15724669796736,gid://shopify/ProductVariant/57986272362880,gid://shopify/InventoryItem/56145313563008,60050108015,K/T DATACARDS: IMP NAVY BREACHERS (ENG),,GB,verified_uk,
gid://shopify/Product/15724669960576,gid://shopify/ProductVariant/57986272526720,gid://shopify/InventoryItem/56145313726848,60050108017,K/T DATACARDS: INQUISITORIAL AGENTS (ENG,,GB,verified_uk,
gid://shopify/Product/15724670124416,gid://shopify/ProductVariant/57986272952704,gid://shopify/InventoryItem/56145314152832,99120108116,KILL TEAM: SANCTIFIERS,,GB,verified_uk,
gid://shopify/Product/15724670321024,gid://shopify/ProductVariant/57986273116544,gid://shopify/InventoryItem/56145314283904,99120108119,KILL TEAM: DEATHWATCH,,GB,verified_uk,
gid://shopify/Product/15724670517632,gid://shopify/ProductVariant/57986273345920,gid://shopify/InventoryItem/56145314546048,99120908002,BLOOD BOWL: LIZARDMEN TEAM,,GB,verified_uk,
gid://shopify/Product/15724670681472,gid://shopify/ProductVariant/57986273804672,gid://shopify/InventoryItem/56145315004800,99120599013,NECROMUNDA: CORPSE GRINDER CULT,,GB,verified_uk,
gid://shopify/Product/15724670812544,gid://shopify/ProductVariant/57986273935744,gid://shopify/InventoryItem/56145315135872,99120708001,WARHAMMER UNDERWORLDS: THE JAWS OF ITZL,,GB,verified_uk,
gid://shopify/Product/15724671041920,gid://shopify/ProductVariant/57986275017088,gid://shopify/InventoryItem/56145316217216,99120208045,SPEARHEAD: SERAPHON,,GB,verified_uk,
gid://shopify/Product/15724671172992,gid://shopify/ProductVariant/57986275180928,gid://shopify/InventoryItem/56145316381056,99120208046,SPEARHEAD: SERAPHON SUNBLOODED PROWLERS,,GB,verified_uk,
gid://shopify/Product/15724671369600,gid://shopify/ProductVariant/57986275672448,gid://shopify/InventoryItem/56145316872576,60050208002,FACTION PACK: SERAPHON (ENG),,GB,verified_uk,
gid://shopify/Product/15724671467904,gid://shopify/ProductVariant/57986275770752,gid://shopify/InventoryItem/56145316970880,99120208036,SERAPHON: SAURUS WARRIORS,,GB,verified_uk,
gid://shopify/Product/15724671631744,gid://shopify/ProductVariant/57986275934592,gid://shopify/InventoryItem/56145317134720,99120208041,SERAPHON: SKINKS,,GB,verified_uk,
gid://shopify/Product/15724671762816,gid://shopify/ProductVariant/57986276360576,gid://shopify/InventoryItem/56145317560704,99120208043,SERAPHON: LORD KROAK,,GB,verified_uk,
gid://shopify/Product/15724671893888,gid://shopify/ProductVariant/57986276491648,gid://shopify/InventoryItem/56145317691776,99120208034,SERAPHON: AGGRADON LANCERS,,GB,verified_uk,
gid://shopify/Product/15724672090496,gid://shopify/ProductVariant/57986276983168,gid://shopify/InventoryItem/56145318183296,99120208037,SERAPHON: SLANN STARMASTER,,GB,verified_uk,
gid://shopify/Product/15724672254336,gid://shopify/ProductVariant/57986277147008,gid://shopify/InventoryItem/56145318347136,99120208035,SERAPHON: SAURUS ASTROLITH BEARER,,GB,verified_uk,
gid://shopify/Product/15724672385408,gid://shopify/ProductVariant/57986277572992,gid://shopify/InventoryItem/56145318773120,99120208038,SERAPHON: RAPTADON HUNTERS,,GB,verified_uk,
gid://shopify/Product/15724672549248,gid://shopify/ProductVariant/57986277736832,gid://shopify/InventoryItem/56145318936960,99120208033,SERAPHON: SPAWN OF CHOTEC,,GB,verified_uk,
gid://shopify/Product/15724672680320,gid://shopify/ProductVariant/57986278162816,gid://shopify/InventoryItem/56145319362944,99120208032,SERAPHON: KROXIGOR,,GB,verified_uk,
gid://shopify/Product/15724672876928,gid://shopify/ProductVariant/57986278359424,gid://shopify/InventoryItem/56145319559552,99120208031,SERAPHON:SAURUS SCAR-VETERAN ON AGGRADON,,GB,verified_uk,
gid://shopify/Product/15724673008000,gid://shopify/ProductVariant/57986278785408,gid://shopify/InventoryItem/56145319985536,99120208030,SERAPHON: SKINK STARSEER,,GB,verified_uk,
gid://shopify/Product/15724673171840,gid://shopify/ProductVariant/57986278916480,gid://shopify/InventoryItem/56145320116608,99122709001,ORC & GOBLIN TRIBES: ORC BOSSES,,GB,verified_uk,
gid://shopify/Product/15724673270144,gid://shopify/ProductVariant/57986279342464,gid://shopify/InventoryItem/56145320542592,99122709002,ORC & GOBLIN TRIBES: ORC BOYZ MOB,,GB,verified_uk,
gid://shopify/Product/15724673466752,gid://shopify/ProductVariant/57986279539072,gid://shopify/InventoryItem/56145320739200,99122709003,O&G: ORC BOYZ & ORC ARRER BOYZ MOBS,,GB,verified_uk,
gid://shopify/Product/15724673565056,gid://shopify/ProductVariant/57986279932288,gid://shopify/InventoryItem/56145321132416,99122709004,ORC & GOBLIN TRIBES: ORC BOAR BOYZ MOB,,GB,verified_uk,
gid://shopify/Product/15724673761664,gid://shopify/ProductVariant/57986280128896,gid://shopify/InventoryItem/56145321329024,99122709007,O&G TRIBES: GOBLIN WOLF RIDER MOB,,GB,verified_uk,
gid://shopify/Product/15724673859968,gid://shopify/ProductVariant/57986280522112,gid://shopify/InventoryItem/56145321722240,99122709009,ORC & GOBLIN TRIBES: NIGHT GOBLIN MOB,,GB,verified_uk,
gid://shopify/Product/15724674056576,gid://shopify/ProductVariant/57986280718720,gid://shopify/InventoryItem/56145321918848,60042799008,ARCANE JOURNAL: ORC & GOBLIN TRIBES,,GB,verified_uk,
gid://shopify/Product/15724674220416,gid://shopify/ProductVariant/57986281177472,gid://shopify/InventoryItem/56145322377600,99122709010,ORC & GOBLIN TRIBES: BLACK ORC MOB,,GB,verified_uk,
gid://shopify/Product/15724674351488,gid://shopify/ProductVariant/57986281308544,gid://shopify/InventoryItem/56145322508672,60050109003,KILL TEAM DATACARDS: DEATHWATCH (ENG),,GB,verified_uk,
gid://shopify/Product/15724674417024,gid://shopify/ProductVariant/57986281668992,gid://shopify/InventoryItem/56145322869120,99120599035,NECROMUNDA: ASH WASTES NOMADS WAR PARTY,,GB,verified_uk,
gid://shopify/Product/15724674548096,gid://shopify/ProductVariant/57986281800064,gid://shopify/InventoryItem/56145323000192,99120599036,ASH WASTE NOMADS DUSTBACK HELAMITES,,GB,verified_uk,
gid://shopify/Product/15724674646400,gid://shopify/ProductVariant/57986282160512,gid://shopify/InventoryItem/56145323360640,60040599046,NECROMUNDA: TRIBES OF THE WASTELANDS,,GB,verified_uk,
gid://shopify/Product/15724674810240,gid://shopify/ProductVariant/57986282553728,gid://shopify/InventoryItem/56145323524480,99120599076,SHA'DAR HUNTERS & ARTHROMITE SPINEWYRMS,,GB,verified_uk,
gid://shopify/Product/15724674875776,gid://shopify/ProductVariant/57986282946944,gid://shopify/InventoryItem/56145324147072,99120599075,ASH WASTE NOMADS WEAPONS & UPGRADES,,GB,verified_uk,
gid://shopify/Product/15724675006848,gid://shopify/ProductVariant/57986283078016,gid://shopify/InventoryItem/56145324278144,99120599082,NECROMUNDA: NOMADS ASHWING HELAMITES,,GB,verified_uk,
gid://shopify/Product/15724675170688,gid://shopify/ProductVariant/57986283504000,gid://shopify/InventoryItem/56145324704128,60050110004,K/T DATACARDS: CANOPTEK CIRCLE (ENG),,GB,verified_uk,
gid://shopify/Product/15724675301760,gid://shopify/ProductVariant/57986283798912,gid://shopify/InventoryItem/56145324999040,99120110084,KILL TEAM: HIEROTEK CIRCLE,,GB,verified_uk,
gid://shopify/Product/15724675498368,gid://shopify/ProductVariant/57986283995520,gid://shopify/InventoryItem/56145325195648,60050110003,K/T DATACARDS: HIEROTEK CIRCLE (ENG),,GB,verified_uk,
gid://shopify/Product/15724675629440,gid://shopify/ProductVariant/57986284388736,gid://shopify/InventoryItem/56145325588864,99120110086,KILL TEAM: CANOPTEK CIRCLE,,GB,verified_uk,
gid://shopify/Product/15724675826048,gid://shopify/ProductVariant/57986285535616,gid://shopify/InventoryItem/56145325752704,60042799011,ARCANE JOURNAL: HIGH ELF REALMS,,GB,verified_uk,
gid://shopify/Product/15724675891584,gid://shopify/ProductVariant/57986285896064,gid://shopify/InventoryItem/56145327096192,99122710003,HIGH ELF REALMS: MAGES,,GB,verified_uk,
gid://shopify/Product/15724676088192,gid://shopify/ProductVariant/57986286485888,gid://shopify/InventoryItem/56145327686016,99122710010,HIGH ELF REALMS:EAGLE CLAW BOLT THROWERS,,GB,verified_uk,
gid://shopify/Product/15724676219264,gid://shopify/ProductVariant/57986286616960,gid://shopify/InventoryItem/56145327817088,99122710002,HIGH ELF REALMS: HIGH ELF LORDS,,GB,verified_uk,
gid://shopify/Product/15724676383104,gid://shopify/ProductVariant/57986287042944,gid://shopify/InventoryItem/56145327980928,99122710004,HIGH ELF REALMS: HIGH ELF LOREMASTER,,GB,verified_uk,
gid://shopify/Product/15724676546944,gid://shopify/ProductVariant/57986287206784,gid://shopify/InventoryItem/56145328406912,99122710016,HIGH ELF REALMS: SILVER HELMS,,GB,verified_uk,
gid://shopify/Product/15724676710784,gid://shopify/ProductVariant/57986287665536,gid://shopify/InventoryItem/56145328865664,99122710006,HIGH ELF REALMS: PHOENIX GUARD,,GB,verified_uk,
gid://shopify/Product/15724676874624,gid://shopify/ProductVariant/57986287829376,gid://shopify/InventoryItem/56145329029504,99122710007,HIGH ELF REALMS: WHITE LIONS OF CHRACE,,GB,verified_uk,
gid://shopify/Product/15724677071232,gid://shopify/ProductVariant/57986288320896,gid://shopify/InventoryItem/56145329521024,99122710013,HIGH ELF REALMS: ELVEN SPEARMEN,,GB,verified_uk,
gid://shopify/Product/15724677235072,gid://shopify/ProductVariant/57986288484736,gid://shopify/InventoryItem/56145329684864,99122710015,HIGH ELF REALMS: SISTERS OF AVELORN,,GB,verified_uk,
gid://shopify/Product/15724677366144,gid://shopify/ProductVariant/57986288910720,gid://shopify/InventoryItem/56145330110848,99122710017,HIGH ELF REALMS:DRAGON PRINCES O/CALEDOR,,GB,verified_uk,
gid://shopify/Product/15724677562752,gid://shopify/ProductVariant/57986291040640,gid://shopify/InventoryItem/56145330274688,99122710008,HIGH ELF REALMS: SWORDMASTERS OF HOETH,,GB,verified_uk,
gid://shopify/Product/15724677759360,gid://shopify/ProductVariant/57986291532160,gid://shopify/InventoryItem/56145332732288,99122710001,HIGH ELF REALMS: LORD ON DRAGON,,GB,verified_uk,
gid://shopify/Product/15724677923200,gid://shopify/ProductVariant/57986291696000,gid://shopify/InventoryItem/56145332896128,99120999014,BLOOD BOWL: ELVEN UNION TEAM,,GB,verified_uk,
gid://shopify/Product/15724678054272,gid://shopify/ProductVariant/57986292154752,gid://shopify/InventoryItem/56145333354880,99120599038,NECROMUNDA: IRONHEAD SQUAT PROSPECTORS,,GB,verified_uk,
gid://shopify/Product/15724678250880,gid://shopify/ProductVariant/57986292351360,gid://shopify/InventoryItem/56145333518720,60040599045,NECROMUNDA: HALLS OF THE ANCIENTS,,GB,verified_uk,
gid://shopify/Product/15724678414720,gid://shopify/ProductVariant/57986292810112,gid://shopify/InventoryItem/56145334010240,99120599073,NECROMUNDA: SQUAT PROSPECTORS EXO-KYN,,GB,verified_uk,
gid://shopify/Product/15724678545792,gid://shopify/ProductVariant/57986292941184,gid://shopify/InventoryItem/56145334141312,99120599070,NEC:SQUAT PROSPECTORS WEAPONS & UPGRADES,,GB,verified_uk,
gid://shopify/Product/15724678611328,gid://shopify/ProductVariant/57986293301632,gid://shopify/InventoryItem/56145334501760,99120599074,IRONHEAD SQUAT SVENOTAR SCOUT TRIKES,,GB,verified_uk,
gid://shopify/Product/15724678807936,gid://shopify/ProductVariant/57986293793152,gid://shopify/InventoryItem/56145334993280,99120599092,IRONHEAD SQUAT CHARTER & DRILL MASTERS,,GB,verified_uk,
gid://shopify/Product/15724678971776,gid://shopify/ProductVariant/57986293956992,gid://shopify/InventoryItem/56145335157120,99120599091,NECROMUNDA: PALANITE JUSTICARS,,GB,verified_uk,
gid://shopify/Product/15724679102848,gid://shopify/ProductVariant/57986294448512,gid://shopify/InventoryItem/56145335648640,99070210007,LUMINETH: SCINARI ENLIGHTENER,,GB,verified_uk,
gid://shopify/Product/15724679266688,gid://shopify/ProductVariant/57986294612352,gid://shopify/InventoryItem/56145335812480,99120210052,LUMINETH: HURAKAN WINDCHARGERS,,GB,verified_uk,
gid://shopify/Product/15724679397760,gid://shopify/ProductVariant/57986295366016,gid://shopify/InventoryItem/56145336566144,99120210050,LUMINETH: SEVIRETH LORD OF SEVEN WINDS,,GB,verified_uk,
gid://shopify/Product/15724679659904,gid://shopify/ProductVariant/57986295562624,gid://shopify/InventoryItem/56145336762752,99120210054,LUMINETH REALM-LORDS: VANARI BLADELORDS,,GB,verified_uk,
gid://shopify/Product/15724679758208,gid://shopify/ProductVariant/57986296185216,gid://shopify/InventoryItem/56145337221504,99120210055,LUMINETH REALM-LORDS: ALARITH STONEGUARD,,GB,verified_uk,
gid://shopify/Product/15724679922048,gid://shopify/ProductVariant/57986296349056,gid://shopify/InventoryItem/56145337549184,99120210059,LUMINETH: VANARI AURALAN SENTINELS,,GB,verified_uk,
gid://shopify/Product/15724680085888,gid://shopify/ProductVariant/57986297594240,gid://shopify/InventoryItem/56145338794368,99120210060,LUMINETH  R-L: VANARI AURALAN WARDENS,,GB,verified_uk,
gid://shopify/Product/15724680282496,gid://shopify/ProductVariant/57986297790848,gid://shopify/InventoryItem/56145338990976,99120911001,BLOOD BOWL: CHAOS DWARF TEAM,,GB,verified_uk,
gid://shopify/Product/15724680446336,gid://shopify/ProductVariant/57986298249600,gid://shopify/InventoryItem/56145339449728,99120599067,NECROMUNDA: ORRUS SPYRE HUNTERS,,GB,verified_uk,
gid://shopify/Product/15724680577408,gid://shopify/ProductVariant/57986298380672,gid://shopify/InventoryItem/56145339580800,99120599072,NEC: MALCADON YELD & JAKARA SPYRE HUNTER,,GB,verified_uk,
gid://shopify/Product/15724680741248,gid://shopify/ProductVariant/57986299920768,gid://shopify/InventoryItem/56145340301696,99120112058,KILL TEAM: HAND OF THE ARCHON,,GB,verified_uk,
gid://shopify/Product/15724680970624,gid://shopify/ProductVariant/57986300150144,gid://shopify/InventoryItem/56145341350272,99120112055,KILL TEAM: MANDRAKES,,GB,verified_uk,
gid://shopify/Product/15724681134464,gid://shopify/ProductVariant/57986300608896,gid://shopify/InventoryItem/56145341809024,60050112005,K/TEAM DATACARDS: HAND O/T ARCHON (ENG),,GB,verified_uk,
gid://shopify/Product/15724681298304,gid://shopify/ProductVariant/57986300772736,gid://shopify/InventoryItem/56145341972864,60050112006,KILL TEAM DATACARDS: MANDRAKES (ENG),,GB,verified_uk,
gid://shopify/Product/15724681462144,gid://shopify/ProductVariant/57986301231488,gid://shopify/InventoryItem/56145342431616,99120712001,WH UNDERWORLDS: KNIVES OF THE CRONE,,GB,verified_uk,
gid://shopify/Product/15724681658752,gid://shopify/ProductVariant/57986302050688,gid://shopify/InventoryItem/56145343250816,99120912002,BLOOD BOWL: DARK ELF TEAM,,GB,verified_uk,
gid://shopify/Product/15724681888128,gid://shopify/ProductVariant/57986302574976,gid://shopify/InventoryItem/56145343775104,99120599066,NECROMUNDA: GENESTEALER ABOMINATION GANG,,GB,verified_uk,
gid://shopify/Product/15724682117504,gid://shopify/ProductVariant/57986302738816,gid://shopify/InventoryItem/56145343938944,99120212034,DAUGHTERS OF KHAINE: WITCH AELVES,,GB,verified_uk,
gid://shopify/Product/15724682314112,gid://shopify/ProductVariant/57986303263104,gid://shopify/InventoryItem/56145344463232,99120212031,DAUGHTERS OF KHAINE: MORATHI,,GB,verified_uk,
gid://shopify/Product/15724682445184,gid://shopify/ProductVariant/57986303394176,gid://shopify/InventoryItem/56145344594304,99120212032,DAUGHTERS/KHAINE: KHINERAI HEARTRENDERS,,GB,verified_uk,
gid://shopify/Product/15724682609024,gid://shopify/ProductVariant/57986303885696,gid://shopify/InventoryItem/56145345085824,99120212033,DAUGHTERS OF KHAINE: BLOOD SISTERS,,GB,verified_uk,
gid://shopify/Product/15724682838400,gid://shopify/ProductVariant/57986304115072,gid://shopify/InventoryItem/56145345315200,99120212037,DAUGHTERS/KHAINE: KRETHUSA THE CRONESEER,,GB,verified_uk,
gid://shopify/Product/15724683002240,gid://shopify/ProductVariant/57986304573824,gid://shopify/InventoryItem/56145345773952,99120113102,KILL TEAM: XV26 STEALTH BATTLESUITS,,GB,verified_uk,
gid://shopify/Product/15724683166080,gid://shopify/ProductVariant/57986305032576,gid://shopify/InventoryItem/56145346232704,99120114003,KILL TEAM: FARSTALKER KINBAND,,GB,verified_uk,
gid://shopify/Product/15724683428224,gid://shopify/ProductVariant/57986305261952,gid://shopify/InventoryItem/56145346462080,99120113096,KILL TEAM: T'AU EMPIRE VESPID STINGWINGS,,GB,verified_uk,
gid://shopify/Product/15724683624832,gid://shopify/ProductVariant/57986306572672,gid://shopify/InventoryItem/56145347772800,60050113006,K/T DATACARDS: FARSTALKER KINBAND (ENG),,GB,verified_uk,
gid://shopify/Product/15724683821440,gid://shopify/ProductVariant/57986306769280,gid://shopify/InventoryItem/56145347969408,60050113004,K/TEAM DATACARDS:VESPID STINGWINGS (ENG),,GB,verified_uk,
gid://shopify/Product/15724684018048,gid://shopify/ProductVariant/57986307260800,gid://shopify/InventoryItem/56145348460928,99120913002,BLOOD BOWL: OGRE TEAM,,GB,verified_uk,
gid://shopify/Product/15724684280192,gid://shopify/ProductVariant/57986308014464,gid://shopify/InventoryItem/56145348657536,99120213034,SPEARHEAD: OGOR MAWTRIBES SCRAPGLUTT,,GB,verified_uk,
gid://shopify/Product/15724684444032,gid://shopify/ProductVariant/57986308735360,gid://shopify/InventoryItem/56145349935488,60050213002,FACTION PACK: OGOR MAWTRIBES (ENG),,GB,verified_uk,
gid://shopify/Product/15724684575104,gid://shopify/ProductVariant/57986308899200,gid://shopify/InventoryItem/56145350099328,99120213029,OGOR MAWTRIBES: OGOR GLUTTONS,,GB,verified_uk,
gid://shopify/Product/15724684738944,gid://shopify/ProductVariant/57986309063040,gid://shopify/InventoryItem/56145350263168,99120213027,OGOR MAWTRIBES: IRONGUTS,,GB,verified_uk,
gid://shopify/Product/15724685001088,gid://shopify/ProductVariant/57986309587328,gid://shopify/InventoryItem/56145350754688,99120213028,OGOR MAWTRIBES: FROSTLORD ON STONEHORN,,GB,verified_uk,
gid://shopify/Product/15724685197696,gid://shopify/ProductVariant/57986310046080,gid://shopify/InventoryItem/56145351246208,99120213030,OGOR MAWTRIBES: MOURNFANG PACK,,GB,verified_uk,
gid://shopify/Product/15724685427072,gid://shopify/ProductVariant/57986310242688,gid://shopify/InventoryItem/56145351442816,99120213025,OGOR MAWTRIBES: BLOODPELT HUNTER,,GB,verified_uk,
gid://shopify/Product/15724685590912,gid://shopify/ProductVariant/57986310701440,gid://shopify/InventoryItem/56145351901568,99120999012,BLOOD BOWL: HALFLING TEAM,,GB,verified_uk,
gid://shopify/Product/15724685787520,gid://shopify/ProductVariant/57986310898048,gid://shopify/InventoryItem/56145352098176,99120909007,BLOOD BOWL: GOBLIN TEAM,,GB,verified_uk,
gid://shopify/Product/15724685918592,gid://shopify/ProductVariant/57986311291264,gid://shopify/InventoryItem/56145352491392,60042799012,ARCANE JOURNAL: BEASTMEN BRAYHERDS,,GB,verified_uk,
gid://shopify/Product/15724686115200,gid://shopify/ProductVariant/57986311487872,gid://shopify/InventoryItem/56145352688000,99122716004,BEASTMEN BRAYHERDS: BESTIGOR HERD,,GB,verified_uk,
gid://shopify/Product/15724686246272,gid://shopify/ProductVariant/57986311881088,gid://shopify/InventoryItem/56145353081216,99122716002,BEASTMEN BRAYHERDS: GOR HERD,,GB,verified_uk,
gid://shopify/Product/15724686344576,gid://shopify/ProductVariant/57986311946624,gid://shopify/InventoryItem/56145353146752,99122716001,BEASTMEN BRAYHERDS: BEASTMAN SHAMAN,,GB,verified_uk,
gid://shopify/Product/15724686573952,gid://shopify/ProductVariant/57986313257344,gid://shopify/InventoryItem/56145354162560,60050116004,KILL TEAM DATACARDS: BATTLECLADE (ENG),,GB,verified_uk,
gid://shopify/Product/15724686705024,gid://shopify/ProductVariant/57986313388416,gid://shopify/InventoryItem/56145354588544,99120116048,KILL TEAM: BATTLECLADE,,GB,verified_uk,
gid://shopify/Product/15724686901632,gid://shopify/ProductVariant/57986313912704,gid://shopify/InventoryItem/56145355112832,99120901004,BLOOD BOWL: CHAOS CHOSEN TEAM,,GB,verified_uk,
gid://shopify/Product/15724687032704,gid://shopify/ProductVariant/57986314240384,gid://shopify/InventoryItem/56145355440512,60042717001,ARCANE JOURNAL: TOMB KINGS OF KHEMRI,,GB,verified_uk,
gid://shopify/Product/15724687262080,gid://shopify/ProductVariant/57986314436992,gid://shopify/InventoryItem/56145355637120,99122717005,TOMB KINGS OF KHEMRI: TOMB GUARD,,GB,verified_uk,
gid://shopify/Product/15724687458688,gid://shopify/ProductVariant/57986316861824,gid://shopify/InventoryItem/56145358061952,99122717006,TOMB KINGS OF KHEMRI:SEPULCHRAL STALKERS,,GB,verified_uk,
gid://shopify/Product/15724687655296,gid://shopify/ProductVariant/57986317844864,gid://shopify/InventoryItem/56145359044992,99122717007,TOMB KINGS OF KHEMRI: NECROSPHINX,,GB,verified_uk,
gid://shopify/Product/15724687884672,gid://shopify/ProductVariant/57986318369152,gid://shopify/InventoryItem/56145359569280,99122717001,TKK: TOMB KING ON NECROLITH BONE DRAGON,,GB,verified_uk,
gid://shopify/Product/15724688081280,gid://shopify/ProductVariant/57986319417728,gid://shopify/InventoryItem/56145360617856,99122717002,TOMB KINGS OF KHEMRI: SKELETON WARRIORS,,GB,verified_uk,
gid://shopify/Product/15724688277888,gid://shopify/ProductVariant/57986319909248,gid://shopify/InventoryItem/56145361109376,99122717004,TOMB KINGS OF KHEMRI: SKELETON CHARIOTS,,GB,verified_uk,
gid://shopify/Product/15724688507264,gid://shopify/ProductVariant/57986320138624,gid://shopify/InventoryItem/56145361305984,99122717010,TOMB KINGS OF KHEMRI: ROYAL HERALDS,,GB,verified_uk,
gid://shopify/Product/15724688703872,gid://shopify/ProductVariant/57986321252736,gid://shopify/InventoryItem/56145362452864,99122717011,TOMB KINGS OF KHEMRI: LICHE PRIESTS,,GB,verified_uk,
gid://shopify/Product/15724688966016,gid://shopify/ProductVariant/57986321711488,gid://shopify/InventoryItem/56145362911616,60042717002,ARCANE JOURNAL: THE WAR OF SETTRA'S FURY,,GB,verified_uk,
gid://shopify/Product/15724689162624,gid://shopify/ProductVariant/57986322235776,gid://shopify/InventoryItem/56145363370368,99120117029,KILL TEAM: BROOD BROTHERS,,GB,verified_uk,
gid://shopify/Product/15724689326464,gid://shopify/ProductVariant/57986322399616,gid://shopify/InventoryItem/56145363599744,60050117003,K/T DATACARDS: BROOD BROTHERS (ENG),,GB,verified_uk,
gid://shopify/Product/15724689555840,gid://shopify/ProductVariant/57986323710336,gid://shopify/InventoryItem/56145364910464,99120917001,BLOOD BOWL: TOMB KINGS TEAM,,GB,verified_uk,
gid://shopify/Product/15724689785216,gid://shopify/ProductVariant/57986324234624,gid://shopify/InventoryItem/56145365434752,99120118023,KILL TEAM: HEARTHKYN SALVAGERS,,GB,verified_uk,
gid://shopify/Product/15724689981824,gid://shopify/ProductVariant/57986324496768,gid://shopify/InventoryItem/56145365696896,99120118018,KILL TEAM: HERNKYN YAEGIRS,,GB,verified_uk,
gid://shopify/Product/15724690145664,gid://shopify/ProductVariant/57986324955520,gid://shopify/InventoryItem/56145366155648,60050118003,K/T DATACARDS: HEARTHKYN SALVAGERS (ENG),,GB,verified_uk,
gid://shopify/Product/15724690407808,gid://shopify/ProductVariant/57986326757760,gid://shopify/InventoryItem/56145367957888,60050118004,K/T DATACARDS: HERNKYN YAEGIRS (ENG),,GB,verified_uk,
gid://shopify/Product/15724690604416,gid://shopify/ProductVariant/57986327216512,gid://shopify/InventoryItem/56145368416640,52170218003,AOS S/E + PAINT SET ENG/SPA/PORT/LATV/RM,,GB,verified_uk,
gid://shopify/Product/15724690801024,gid://shopify/ProductVariant/57986327806336,gid://shopify/InventoryItem/56145369006464,99120218081,SPEARHEAD: S/E: YNDRASTA'S SPEARHEAD,,GB,verified_uk,
gid://shopify/Product/15724690997632,gid://shopify/ProductVariant/57986328002944,gid://shopify/InventoryItem/56145369203072,60030218008,BATTLETOME: STORMCAST ETERNALS (HB) ENG,,GB,verified_uk,
gid://shopify/Product/15724691194240,gid://shopify/ProductVariant/57986328363392,gid://shopify/InventoryItem/56145369563520,99120218073,S/ETERNALS: LORD CELESTANT ON STARDRAKE,,GB,verified_uk,
gid://shopify/Product/15724691358080,gid://shopify/ProductVariant/57986328822144,gid://shopify/InventoryItem/56145370022272,99120218074,STORMCAST ETERNALS: DRACOTHIAN GUARD,,GB,verified_uk,
gid://shopify/Product/15724691554688,gid://shopify/ProductVariant/57986329182592,gid://shopify/InventoryItem/56145370382720,99120218067,STORMCAST ETERNALS: VANGUARD-RAPTORS,,GB,verified_uk,
gid://shopify/Product/15724691685760,gid://shopify/ProductVariant/57986329608576,gid://shopify/InventoryItem/56145370808704,99120218066,STORMCAST ETERNALS: GRYPH-HOUNDS,,GB,verified_uk,
gid://shopify/Product/15724691882368,gid://shopify/ProductVariant/57986329969024,gid://shopify/InventoryItem/56145371136384,99120218051,STORMCAST ETERNALS: STORMSTRIKE CHARIOT,,GB,verified_uk,
gid://shopify/Product/15724691980672,gid://shopify/ProductVariant/57986330362240,gid://shopify/InventoryItem/56145371562368,99120218050,S/E: KNIGHT-JUDICATOR WITH GRYPH-HOUNDS,,GB,verified_uk,
gid://shopify/Product/15724692275584,gid://shopify/ProductVariant/57986331115904,gid://shopify/InventoryItem/56145372021120,99120218054,S/ETERNALS: KRONDYS SON OF DRACOTHION,,GB,verified_uk,
gid://shopify/Product/15724692537728,gid://shopify/ProductVariant/57986332131712,gid://shopify/InventoryItem/56145373331840,99120218055,STORMCAST ETERNALS: VANQUISHERS,,GB,verified_uk,
gid://shopify/Product/15724692930944,gid://shopify/ProductVariant/57986332819840,gid://shopify/InventoryItem/56145374019968,99120218052,S/E: LORD-COMMANDER BASTIAN CARTHALOS,,GB,verified_uk,
gid://shopify/Product/15724693193088,gid://shopify/ProductVariant/57986333245824,gid://shopify/InventoryItem/56145374445952,99120218053,STORMCAST ETERNALS: VIGILORS,,GB,verified_uk,
gid://shopify/Product/15724693422464,gid://shopify/ProductVariant/57986333737344,gid://shopify/InventoryItem/56145374937472,99120218056,STORMCAST ETERNALS: STORMDRAKE GUARD,,GB,verified_uk,
gid://shopify/Product/15724693684608,gid://shopify/ProductVariant/57986334949760,gid://shopify/InventoryItem/56145376149888,99120218058,STORMCAST ETERNALS ANNIHILATORS,,GB,verified_uk,
gid://shopify/Product/15724693979520,gid://shopify/ProductVariant/57986335408512,gid://shopify/InventoryItem/56145376608640,99070218057,STORMCAST ETERNALS: KNIGHT-RELICTOR,,GB,verified_uk,
gid://shopify/Product/15724694176128,gid://shopify/ProductVariant/57986335867264,gid://shopify/InventoryItem/56145377067392,99120218061,STORMCAST ETERNALS: VINDICTORS,,GB,verified_uk,
gid://shopify/Product/15724694438272,gid://shopify/ProductVariant/57986336326016,gid://shopify/InventoryItem/56145377526144,99120218082,STORMCAST ETERNALS: IONUS CRYPTBORN,,GB,verified_uk,
gid://shopify/Product/15724694602112,gid://shopify/ProductVariant/57986336752000,gid://shopify/InventoryItem/56145377952128,99120218080,STORMCAST ETERNALS: THE BLACKTALONS,,GB,verified_uk,
gid://shopify/Product/15724694831488,gid://shopify/ProductVariant/57986336981376,gid://shopify/InventoryItem/56145378181504,99120218085,STORMCAST ETERNALS: LORD RELICTOR,,GB,verified_uk,
gid://shopify/Product/15724695060864,gid://shopify/ProductVariant/57986338292096,gid://shopify/InventoryItem/56145379492224,99120218087,STORMCAST ETERNALS: LORD-TERMINOS,,GB,verified_uk,
gid://shopify/Product/15724695257472,gid://shopify/ProductVariant/57986338750848,gid://shopify/InventoryItem/56145379950976,99120218088,STORMCAST ETERNALS: RECLUSIANS,,GB,verified_uk,
gid://shopify/Product/15724695814528,gid://shopify/ProductVariant/57986339996032,gid://shopify/InventoryItem/56145381196160,99120218086,STORMCAST ETERNALS:STORMSTRIKE PALLADORS,,GB,verified_uk,
gid://shopify/Product/15724696142208,gid://shopify/ProductVariant/57986340618624,gid://shopify/InventoryItem/56145381818752,99120218090,STORMCAST ETERNALS: LORD-CELESTANT,,GB,verified_uk,
gid://shopify/Product/15724696371584,gid://shopify/ProductVariant/57986340979072,gid://shopify/InventoryItem/56145382179200,99120218095,STORMCAST ETERNALS: TORNUS THE REDEEMED,,GB,verified_uk,
gid://shopify/Product/15724696568192,gid://shopify/ProductVariant/57986341405056,gid://shopify/InventoryItem/56145382343040,99120218096,STORMCAST ETERNALS STORMREACH PORTAL,,GB,verified_uk,
gid://shopify/Product/15724696797568,gid://shopify/ProductVariant/57986341667200,gid://shopify/InventoryItem/56145382867328,99120218089,STORMCAST ETERNALS: IRIDAN THE WITNESS,,GB,verified_uk,
gid://shopify/Product/15724696961408,gid://shopify/ProductVariant/57986342093184,gid://shopify/InventoryItem/56145383293312,99122619002,L/I DARK MECH SERPEROS HEAVY STALKERS,,GB,verified_uk,
gid://shopify/Product/15724697190784,gid://shopify/ProductVariant/57986342322560,gid://shopify/InventoryItem/56145383522688,99122619001,L/I: DARK MECHANICUM STALKER CONSTRUCTS,,GB,verified_uk,
gid://shopify/Product/15724697387392,gid://shopify/ProductVariant/57986342781312,gid://shopify/InventoryItem/56145383981440,99120219024,SPEARHEAD: I/DEEPKIN AKHELIAN TIDE GUARD,,GB,verified_uk,
gid://shopify/Product/15724697551232,gid://shopify/ProductVariant/57986342912384,gid://shopify/InventoryItem/56145384112512,60030219003,BATTLETOME: IDONETH DEEPKIN (ENGLISH),GB,GB,verified_uk,
gid://shopify/Product/15724697747840,gid://shopify/ProductVariant/57986343403904,gid://shopify/InventoryItem/56145384604032,99070219011,IDONETH DEEPKIN: ISHARANN TIDECASTER,,GB,verified_uk,
gid://shopify/Product/15724697977216,gid://shopify/ProductVariant/57986343633280,gid://shopify/InventoryItem/56145384833408,99120219028,VOLTURNOS HIGH KING OF THE DEEP,,GB,verified_uk,
gid://shopify/Product/15724698141056,gid://shopify/ProductVariant/57986344059264,gid://shopify/InventoryItem/56145385259392,99120219032,IDONETH DEEPKIN: NAMARTI REAVERS,,GB,verified_uk,
gid://shopify/Product/15724698337664,gid://shopify/ProductVariant/57986346090880,gid://shopify/InventoryItem/56145387291008,99120219029,IDONETH DEEPKIN: EIDOLON OF MATHLANN,,GB,verified_uk,
gid://shopify/Product/15724698599808,gid://shopify/ProductVariant/57986346615168,gid://shopify/InventoryItem/56145387815296,99120219031,IDONETH DEEPKIN: AKHELIAN MORRSARR GUARD,,GB,verified_uk,
gid://shopify/Product/15724698763648,gid://shopify/ProductVariant/57986346779008,gid://shopify/InventoryItem/56145387979136,99120219030,IDONETH DEEPKIN: AKHELIAN ALLOPEX,,GB,verified_uk,
gid://shopify/Product/15724698993024,gid://shopify/ProductVariant/57986347237760,gid://shopify/InventoryItem/56145388437888,99120219025,IDONETH DEEPKIN: IKON OF THE SEA,,GB,verified_uk,
gid://shopify/Product/15724699124096,gid://shopify/ProductVariant/57986347401600,gid://shopify/InventoryItem/56145388601728,99120219033,I/DEEPKIN: MATHAELA ORACLE OF THE ABYSS,,GB,verified_uk,
gid://shopify/Product/15724699320704,gid://shopify/ProductVariant/57986347860352,gid://shopify/InventoryItem/56145389060480,99120219034,IDONETH DEEPKIN: MANIFESTATIONS,,GB,verified_uk,
gid://shopify/Product/15724699484544,gid://shopify/ProductVariant/57986348024192,gid://shopify/InventoryItem/56145389224320,60042720001,ARCANE JOURNAL:ARMIES/GRAND CATHAY (ENG),,GB,verified_uk,
gid://shopify/Product/15724699812224,gid://shopify/ProductVariant/57986348548480,gid://shopify/InventoryItem/56145389715840,99122720003,G/C:GATE MASTERS OF THE CELESTIAL CITIES,,GB,verified_uk,
gid://shopify/Product/15724699976064,gid://shopify/ProductVariant/57986349203840,gid://shopify/InventoryItem/56145390403968,99122720007,GRAND CATHAY: SKY LANTERN,,GB,verified_uk,
gid://shopify/Product/15724700107136,gid://shopify/ProductVariant/57986349662592,gid://shopify/InventoryItem/56145390862720,99122720006,GRAND CATHAY: CATHAYAN SENTINEL,,GB,verified_uk,
gid://shopify/Product/15724700270976,gid://shopify/ProductVariant/57986349826432,gid://shopify/InventoryItem/56145391026560,99122720001,SHUGENGAN LORD ON GREAT SPIRIT LONGMA,,GB,verified_uk,
gid://shopify/Product/15724700402048,gid://shopify/ProductVariant/57986350219648,gid://shopify/InventoryItem/56145391419776,99122720004,GRAND CATHAY: JADE LANCERS,,GB,verified_uk,
gid://shopify/Product/15724700598656,gid://shopify/ProductVariant/57986350416256,gid://shopify/InventoryItem/56145391616384,99122720002,GRAND CATHAY: JADE WARRIORS,,GB,verified_uk,
gid://shopify/Product/15724700828032,gid://shopify/ProductVariant/57986350809472,gid://shopify/InventoryItem/56145392009600,99122720008,GRAND CATHAY: MIAO YING THE STORM DRAGON,,GB,verified_uk,
gid://shopify/Product/15724700959104,gid://shopify/ProductVariant/57986351006080,gid://shopify/InventoryItem/56145392206208,60042720002,ARCANE JOURNAL: DAWN OF THE STORM DRAGON,,GB,verified_uk,
gid://shopify/Product/15724701155712,gid://shopify/ProductVariant/57986351399296,gid://shopify/InventoryItem/56145392599424,99120999016,BLOOD BOWL: AMAZON TEAM,,GB,verified_uk,
gid://shopify/Product/15724701352320,gid://shopify/ProductVariant/57986351595904,gid://shopify/InventoryItem/56145392796032,99120209125,SPEARHEAD: SNARLPACK HUNTAZ,,GB,verified_uk,
gid://shopify/Product/15724701548928,gid://shopify/ProductVariant/57986352054656,gid://shopify/InventoryItem/56145393254784,99120209148,GLOOMSPITE GITZ: MOONCLAN STABBAS,,GB,verified_uk,
gid://shopify/Product/15724701745536,gid://shopify/ProductVariant/57986352349568,gid://shopify/InventoryItem/56145393549696,99120209150,GLOOMSPITE GITZ: ROCKGUT TROGGOTHS,,GB,verified_uk,
gid://shopify/Product/15724701942144,gid://shopify/ProductVariant/57986352873856,gid://shopify/InventoryItem/56145394073984,99120209154,G/GITZ: LOONBOSS ON GIANT CAVE SQUIG,,GB,verified_uk,
gid://shopify/Product/15724702237056,gid://shopify/ProductVariant/57986353430912,gid://shopify/InventoryItem/56145394336128,99120209152,GLOOMSPITE GITZ: SQUIG HOPPERS,,GB,verified_uk,
gid://shopify/Product/15724702400896,gid://shopify/ProductVariant/57986353627520,gid://shopify/InventoryItem/56145394827648,99120209151,GLOOMSPITE GITZ: MANGLER SQUIGS,,GB,verified_uk,
gid://shopify/Product/15724702597504,gid://shopify/ProductVariant/57986354119040,gid://shopify/InventoryItem/56145395319168,99120209149,GLOOMSPITE GITZ: SQUIG HERD,,GB,verified_uk,
gid://shopify/Product/15724702826880,gid://shopify/ProductVariant/57986354348416,gid://shopify/InventoryItem/56145395548544,99120209153,GLOOMSPITE GITZ: DANKHOLD TROGGOTH,,GB,verified_uk,
gid://shopify/Product/15724702990720,gid://shopify/ProductVariant/57986354807168,gid://shopify/InventoryItem/56145396007296,99120209155,GLOOMSPITE GITZ: TRUGG THE TROGGOTH KING,,GB,verified_uk,
gid://shopify/Product/15724703252864,gid://shopify/ProductVariant/57986355036544,gid://shopify/InventoryItem/56145396236672,60030209015,BATTLETOME: GLOOMSPITE GITZ (ENG),,GB,verified_uk,
gid://shopify/Product/15724703416704,gid://shopify/ProductVariant/57986355888512,gid://shopify/InventoryItem/56145397088640,99120209139,G/GITZ: SQUIGBOSS WITH GNASHA-SQUIG,,GB,verified_uk,
gid://shopify/Product/15724703613312,gid://shopify/ProductVariant/57986356085120,gid://shopify/InventoryItem/56145397285248,99120209147,GLOOMSPITE GITZ: SNARLFANG RIDERS,,GB,verified_uk,
gid://shopify/Product/15724703842688,gid://shopify/ProductVariant/57986356609408,gid://shopify/InventoryItem/56145397809536,99120209141,GLOOMSPITE GITZ: RABBLE-ROWZA,,GB,verified_uk,
gid://shopify/Product/15724704072064,gid://shopify/ProductVariant/57986356838784,gid://shopify/InventoryItem/56145398038912,99120209127,GLOOSMPITE GITZ: SNARLPACK CAVALRY,,GB,verified_uk,
gid://shopify/Product/15724704268672,gid://shopify/ProductVariant/57986357297536,gid://shopify/InventoryItem/56145398497664,99120209128,GLOOMSPITE GITZ: SUNSTEALA WHEELAS,,GB,verified_uk,
gid://shopify/Product/15724704432512,gid://shopify/ProductVariant/57986357461376,gid://shopify/InventoryItem/56145398661504,99120209129,GLOOMSPITE GITZ: DOOM DIVER CATAPULT,,GB,verified_uk,
gid://shopify/Product/15724704629120,gid://shopify/ProductVariant/57986357920128,gid://shopify/InventoryItem/56145399120256,99120209130,GLOOMSPITE GITZ: SNARLBOSS ON WAR-WHEELA,,GB,verified_uk,
gid://shopify/Product/15724704891264,gid://shopify/ProductVariant/57986358673792,gid://shopify/InventoryItem/56145399873920,99120209137,G/GITZ: SNARLBOSS & WOLFGIT RETINUE,,GB,verified_uk,
gid://shopify/Product/15724705022336,gid://shopify/ProductVariant/57986358804864,gid://shopify/InventoryItem/56145400004992,99120999015,BLOOD BOWL: NORSE TEAM,,GB,verified_uk,
gid://shopify/Product/15724705186176,gid://shopify/ProductVariant/57986359198080,gid://shopify/InventoryItem/56145400398208,99120207207,SOULBLIGHT GRAVELORDS: WIGHT KING,,GB,verified_uk,
gid://shopify/Product/15724705284480,gid://shopify/ProductVariant/57986359329152,gid://shopify/InventoryItem/56145400529280,99120207166,NECROPOLIS STALKERS,,GB,verified_uk,
gid://shopify/Product/15724705481088,gid://shopify/ProductVariant/57986359853440,gid://shopify/InventoryItem/56145400791424,99120207164,OSSIARCH BONEREAPERS: MORTEK GUARD,,GB,verified_uk,
gid://shopify/Product/15724705612160,gid://shopify/ProductVariant/57986360115584,gid://shopify/InventoryItem/56145401315712,99120207162,O/BONEREAPERS: KAVALOS DEATHRIDERS,,GB,verified_uk,
gid://shopify/Product/15724705808768,gid://shopify/ProductVariant/57986360312192,gid://shopify/InventoryItem/56145401512320,99120207159,O/BONEREAPERS: ARCH-KAVALOS ZANDTOS,,GB,verified_uk,
gid://shopify/Product/15724705939840,gid://shopify/ProductVariant/57986361753984,gid://shopify/InventoryItem/56145402921344,99070207016,OSSIARCH BONEREAPERS MORTISAN OSSIFECTOR,,GB,verified_uk,
gid://shopify/Product/15724706136448,gid://shopify/ProductVariant/57986361983360,gid://shopify/InventoryItem/56145403183488,99120907004,BLOOD BOWL: VAMPIRE TEAM,,GB,verified_uk,
gid://shopify/Product/15724706267520,gid://shopify/ProductVariant/57986362409344,gid://shopify/InventoryItem/56145403609472,99120207182,SPEARHEAD: CURSED SHACKLEHORDE,,GB,verified_uk,
gid://shopify/Product/15724706464128,gid://shopify/ProductVariant/57986362605952,gid://shopify/InventoryItem/56145403806080,99120207230,NIGHTHAUNT: MYRMOURN BANSHEES,,GB,verified_uk,
gid://shopify/Product/15724706693504,gid://shopify/ProductVariant/57986363097472,gid://shopify/InventoryItem/56145404297600,99120207233,NIGHTHAUNT: REIKENOR THE GRIMHAILER,,GB,verified_uk,
gid://shopify/Product/15724706890112,gid://shopify/ProductVariant/57986363556224,gid://shopify/InventoryItem/56145404461440,99120207236,NIGHTHAUNT: CHAINRASPS,,GB,verified_uk,
gid://shopify/Product/15724707021184,gid://shopify/ProductVariant/57986363720064,gid://shopify/InventoryItem/56145404920192,99120207241,NIGHTHAUNT: DREADBLADE HARROWS,,GB,verified_uk,
gid://shopify/Product/15724707283328,gid://shopify/ProductVariant/57986364244352,gid://shopify/InventoryItem/56145405411712,60030207020,BATTLETOME: NIGHTHAUNT (ENGLISH),,GB,verified_uk,
gid://shopify/Product/15724707447168,gid://shopify/ProductVariant/57986364408192,gid://shopify/InventoryItem/56145405608320,99120207225,NIGHTHAUNT: AWLRACH THE DROWNER,,GB,verified_uk,
gid://shopify/Product/15724707611008,gid://shopify/ProductVariant/57986364572032,gid://shopify/InventoryItem/56145405772160,99120207231,NIGHTHAUNT: BLACK COACH,,GB,verified_uk,
gid://shopify/Product/15724707742080,gid://shopify/ProductVariant/57986364932480,gid://shopify/InventoryItem/56145406132608,99120207239,NIGHTHAUNT: KURDOSS VALENTIAN,,GB,verified_uk,
gid://shopify/Product/15724707938688,gid://shopify/ProductVariant/57986365096320,gid://shopify/InventoryItem/56145406296448,99120207242,N/HAUNT: LADY OLYNDER MORTARCH OF GRIEF,,GB,verified_uk,
gid://shopify/Product/15724708069760,gid://shopify/ProductVariant/57986365489536,gid://shopify/InventoryItem/56145406689664,99120207243,NIGHTHAUNT: GRIMGHAST REAPERS,,GB,verified_uk,
gid://shopify/Product/15724708233600,gid://shopify/ProductVariant/57986365653376,gid://shopify/InventoryItem/56145406853504,99120207244,NIGHTHAUNT: BLADEGHEIST REVENANTS,,GB,verified_uk,
gid://shopify/Product/15724708331904,gid://shopify/ProductVariant/57986366013824,gid://shopify/InventoryItem/56145407213952,99120207090,NIGHTHAUNT KRULGHAST CRUCIATOR,,GB,verified_uk,
gid://shopify/Product/15724708561280,gid://shopify/ProductVariant/57986366177664,gid://shopify/InventoryItem/56145407377792,99120207224,NIGHTHAUNT: CRAVENTHRONE GUARD,,GB,verified_uk,
gid://shopify/Product/15724708659584,gid://shopify/ProductVariant/57986366603648,gid://shopify/InventoryItem/56145407803776,99120207183,NIGHTHAUNT: LORD VITRIOLIC,,GB,verified_uk,
gid://shopify/Product/15724708856192,gid://shopify/ProductVariant/57986366800256,gid://shopify/InventoryItem/56145408000384,99120207228,NIGHTHAUNT: SPIRIT HOSTS,,GB,verified_uk,
gid://shopify/Product/15724709085568,gid://shopify/ProductVariant/57986367291776,gid://shopify/InventoryItem/56145408491904,99120999017,BLOOD BOWL: GNOME TEAM,,GB,verified_uk,
gid://shopify/Product/15724709249408,gid://shopify/ProductVariant/57986367717760,gid://shopify/InventoryItem/56145408917888,99120999020,BLOOD BOWL: GNOME TREEMAN,,GB,verified_uk,
gid://shopify/Product/15724709380480,gid://shopify/ProductVariant/57986367848832,gid://shopify/InventoryItem/56145409048960,99120207191,SPEARHEAD: F-E COURTS: CHARNEL WATCH,,GB,verified_uk,
gid://shopify/Product/15724709609856,gid://shopify/ProductVariant/57986368340352,gid://shopify/InventoryItem/56145409540480,99120207171,FLESH-EATER COURTS: CRYPT GHOULS,,GB,verified_uk,
gid://shopify/Product/15724709904768,gid://shopify/ProductVariant/57986368962944,gid://shopify/InventoryItem/56145410163072,99120207172,FLESH-EATER COURTS: CRYPT FLAYERS,,GB,verified_uk,
gid://shopify/Product/15724710035840,gid://shopify/ProductVariant/57986369126784,gid://shopify/InventoryItem/56145410326912,60030207021,BATTLETOME: FLESH-EATER COURTS (ENG),,GB,verified_uk,
gid://shopify/Product/15724710265216,gid://shopify/ProductVariant/57986369356160,gid://shopify/InventoryItem/56145410556288,99070207024,FLESH-EATER COURTS: ABHORRANT ARCHREGENT,,GB,verified_uk,
gid://shopify/Product/15724710461824,gid://shopify/ProductVariant/57986369880448,gid://shopify/InventoryItem/56145411080576,99070207022,FLESH-EATER COURTS: ROYAL DECAPITATOR,,GB,verified_uk,
gid://shopify/Product/15724710691200,gid://shopify/ProductVariant/57986370208128,gid://shopify/InventoryItem/56145411408256,99120207154,F-E COURTS: GRAND JUSTICE GORMAYNE,,GB,verified_uk,
gid://shopify/Product/15724710855040,gid://shopify/ProductVariant/57986370699648,gid://shopify/InventoryItem/56145411899776,99120207149,F-E COURTS: USHORAN MORTARCH OF DELUSION,,GB,verified_uk,
gid://shopify/Product/15724711117184,gid://shopify/ProductVariant/57986371191168,gid://shopify/InventoryItem/56145412358528,99120207155,FLESH-EATER COURTS: ABHORRANT CARDINAL,,GB,verified_uk,
gid://shopify/Product/15724711281024,gid://shopify/ProductVariant/57986371387776,gid://shopify/InventoryItem/56145412587904,99120207151,FLESH-EATER COURTS: CRYPTGUARD,,GB,verified_uk,
gid://shopify/Product/15724711510400,gid://shopify/ProductVariant/57986371879296,gid://shopify/InventoryItem/56145413079424,99120207152,FLESH-EATER COURTS: MORBHEG KNIGHTS,,GB,verified_uk,
gid://shopify/Product/15724711674240,gid://shopify/ProductVariant/57986372043136,gid://shopify/InventoryItem/56145413243264,99120207190,FLESH-EATER COURTS:HIGH FALCONER FELGRYN,,GB,verified_uk,
gid://shopify/Product/15724711805312,gid://shopify/ProductVariant/57986372501888,gid://shopify/InventoryItem/56145413702016,99120909005,BLOOD BOWL: BLACK ORC TEAM,,GB,verified_uk,
gid://shopify/Product/15724712001920,gid://shopify/ProductVariant/57986372698496,gid://shopify/InventoryItem/56145413898624,99120207176,SPEARHEAD: S/G: DEATHRATTLE TOMB HOST,,GB,verified_uk,
gid://shopify/Product/15724712198528,gid://shopify/ProductVariant/57986373190016,gid://shopify/InventoryItem/56145414390144,60030207019,BATTLETOME: SOULBLIGHT GRAVELORDS (ENG),,GB,verified_uk,
gid://shopify/Product/15724712362368,gid://shopify/ProductVariant/57986373386624,gid://shopify/InventoryItem/56145414586752,99120207234,SOULBLIGHT GRAVELORDS:DEADWALKER ZOMBIES,,GB,verified_uk,
gid://shopify/Product/15724712558976,gid://shopify/ProductVariant/57986374861184,gid://shopify/InventoryItem/56145416061312,99120207206,SOULBLIGHT GRAVELORDS: NECROMANCER,,GB,verified_uk,
gid://shopify/Product/15724712690048,gid://shopify/ProductVariant/57986374959488,gid://shopify/InventoryItem/56145416159616,99120207238,SOULBLIGHT GRAVELORDS: BLOOD KNIGHTS,,GB,verified_uk,
gid://shopify/Product/15724712853888,gid://shopify/ProductVariant/57986375418240,gid://shopify/InventoryItem/56145416618368,99120207188,SBLIGHT GRAVELRDS: DEATHRATTLE SKELETONS,,GB,verified_uk,
gid://shopify/Product/15724712984960,gid://shopify/ProductVariant/57986375582080,gid://shopify/InventoryItem/56145416782208,99120207235,SOULBLIGHT GRAVELORDS: DIRE WOLVES,,GB,verified_uk,
gid://shopify/Product/15724713148800,gid://shopify/ProductVariant/57986376040832,gid://shopify/InventoryItem/56145417240960,99120207175,S/GRAVELORDS: BLADES OF THE HOLLOW KING,,GB,verified_uk,
gid://shopify/Product/15724713345408,gid://shopify/ProductVariant/57986376302976,gid://shopify/InventoryItem/56145417503104,99120207204,SOULBLIGHT GRAVELORDS: VAMPIRE LORD,,GB,verified_uk,
gid://shopify/Product/15724713476480,gid://shopify/ProductVariant/57986376728960,gid://shopify/InventoryItem/56145417929088,99120207229,S/BLIGHT: LAUKA VAI MOTHER OF NIGHTMARES,,GB,verified_uk,
gid://shopify/Product/15724713607552,gid://shopify/ProductVariant/57986376860032,gid://shopify/InventoryItem/56145418060160,99120207232,SOULBLIGHT GRAVELORDS: RADUKAR THE BEAST,,GB,verified_uk,
gid://shopify/Product/15724713836928,gid://shopify/ProductVariant/57986377351552,gid://shopify/InventoryItem/56145418551680,99120207227,SOULBLIGHT GRAVELORDS: FELL BATS,,GB,verified_uk,
gid://shopify/Product/15724714066304,gid://shopify/ProductVariant/57986377613696,gid://shopify/InventoryItem/56145418813824,99120207148,S/GRAVELORDS: SEKHAR FANG OF NULAHMIA,,GB,verified_uk,
gid://shopify/Product/15724714230144,gid://shopify/ProductVariant/57986378039680,gid://shopify/InventoryItem/56145419239808,99120207177,S/G: PRINCE VHORDRAI LORD/CRIMSON KEEP,,GB,verified_uk,
gid://shopify/Product/15724714393984,gid://shopify/ProductVariant/57986378236288,gid://shopify/InventoryItem/56145419436416,99120207181,S/G: VAMPIRE LORD ON NIGHTMARE STEED,,GB,verified_uk,
gid://shopify/Product/15724714557824,gid://shopify/ProductVariant/57986378695040,gid://shopify/InventoryItem/56145419895168,99120207178,SOULBLIGHT GRAVELORDS: BARROW GUARD,,GB,verified_uk,
gid://shopify/Product/15724714721664,gid://shopify/ProductVariant/57986378858880,gid://shopify/InventoryItem/56145420059008,99120207179,SOULBLIGHT GRAVELORDS: BARROW KNIGHTS,,GB,verified_uk,
gid://shopify/Product/15724714918272,gid://shopify/ProductVariant/57986379350400,gid://shopify/InventoryItem/56145420550528,99120207194,SOULBLIGHT GRAVELORDS: MANIFESTATIONS,,GB,verified_uk,
gid://shopify/Product/15724715114880,gid://shopify/ProductVariant/57986379579776,gid://shopify/InventoryItem/56145420779904,99120207193,SOULBLIGHT GRAVELORDS: CURSED SEPULCHRE,,GB,verified_uk,
gid://shopify/Product/15724715278720,gid://shopify/ProductVariant/57986380038528,gid://shopify/InventoryItem/56145421238656,99120909008,BLOOD BOWL: SNOTLING TEAM,,GB,verified_uk,
gid://shopify/Product/15724715508096,gid://shopify/ProductVariant/57986380267904,gid://shopify/InventoryItem/56145421468032,99123001019,IMPERIAL FISTS: FAFNIR RANN,,GB,verified_uk,
gid://shopify/Product/15724715704704,gid://shopify/ProductVariant/57986380726656,gid://shopify/InventoryItem/56145421926784,99120205063,SPEARHEAD: GRUNDSTOK TRAILBLAZERS,,GB,verified_uk,
gid://shopify/Product/15724715934080,gid://shopify/ProductVariant/57986380988800,gid://shopify/InventoryItem/56145422188928,60030205015,BATTLETOME: KHARADRON OVERLORDS (ENG),,GB,verified_uk,
gid://shopify/Product/15724716097920,gid://shopify/ProductVariant/57986381447552,gid://shopify/InventoryItem/56145422647680,99120205052,KHARADRON OVERLORDS: ARKANAUT COMPANY,,GB,verified_uk,
gid://shopify/Product/15724716261760,gid://shopify/ProductVariant/57986381906304,gid://shopify/InventoryItem/56145422811520,99120205053,KHARADRON OVERLORDS: SKYWARDENS,,GB,verified_uk,
gid://shopify/Product/15724716425600,gid://shopify/ProductVariant/57986382070144,gid://shopify/InventoryItem/56145423270272,99120205054,KHARADRON OVERLORDS GRUNDSTOK THUNDERERS,,GB,verified_uk,
gid://shopify/Product/15724716622208,gid://shopify/ProductVariant/57986382561664,gid://shopify/InventoryItem/56145423466880,99120205051,KHARADRON OVERLORDS: GRUNDSTOK GUNHAULER,,GB,verified_uk,
gid://shopify/Product/15724716786048,gid://shopify/ProductVariant/57986382725504,gid://shopify/InventoryItem/56145423925632,99120205055,KHARADRON OVERLORDS: ARKANAUT IRONCLAD,,GB,verified_uk,
gid://shopify/Product/15724716949888,gid://shopify/ProductVariant/57986383184256,gid://shopify/InventoryItem/56145424089472,99120205064,K/OVERLORDS: VONGRIM HARPOON CREW,,GB,verified_uk,
gid://shopify/Product/15724717113728,gid://shopify/ProductVariant/57986383380864,gid://shopify/InventoryItem/56145424580992,99120205067,KHARADRON OVERLORDS: NULL-KHEMIST,,GB,verified_uk,
gid://shopify/Product/15724717244800,gid://shopify/ProductVariant/57986383511936,gid://shopify/InventoryItem/56145424712064,99120205048,KHARADRON OVERLORDS: CODEWRIGHT,,GB,verified_uk,
gid://shopify/Product/15724717375872,gid://shopify/ProductVariant/57986383970688,gid://shopify/InventoryItem/56145425170816,99120205068,KHARADRON OVERLORDS: ZONTARI ENDRIN DOCK,,GB,verified_uk,
gid://shopify/Product/15724717572480,gid://shopify/ProductVariant/57986384429440,gid://shopify/InventoryItem/56145425629568,99120901003,BLOOD BOWL: KHORNE TEAM,,GB,verified_uk,
gid://shopify/Product/15724717769088,gid://shopify/ProductVariant/57986384658816,gid://shopify/InventoryItem/56145425858944,99120205060,SPEARHEAD: FYRESLAYERS,,GB,verified_uk,
gid://shopify/Product/15724717932928,gid://shopify/ProductVariant/57986385117568,gid://shopify/InventoryItem/56145426317696,60050205004,FACTION PACK: FYRESLAYERS (ENG),,GB,verified_uk,
gid://shopify/Product/15724718195072,gid://shopify/ProductVariant/57986386493824,gid://shopify/InventoryItem/56145427693952,99120205047,FYRESLAYERS: AURIC RUNEFATHER/MAGMADROTH,,GB,verified_uk,
gid://shopify/Product/15724718293376,gid://shopify/ProductVariant/57986386887040,gid://shopify/InventoryItem/56145428087168,99120205046,FYRESLAYERS: HEARTHGUARD BERZERKERS,,GB,verified_uk,
gid://shopify/Product/15724718489984,gid://shopify/ProductVariant/57986387444096,gid://shopify/InventoryItem/56145428349312,99120907002,BLOOD BOWL: NECROMANTIC HORROR TEAM,,GB,verified_uk,
gid://shopify/Product/15724718621056,gid://shopify/ProductVariant/57986387575168,gid://shopify/InventoryItem/56145428775296,99123001020,BLOOD ANGELS: DOMINION ZEPHON,,GB,verified_uk,
gid://shopify/Product/15724718817664,gid://shopify/ProductVariant/57986388066688,gid://shopify/InventoryItem/56145429266816,99120701001,WARHAMMER UNDERWORLDS:KAMANDORA'S BLADES,,GB,verified_uk,
gid://shopify/Product/15724719014272,gid://shopify/ProductVariant/57986388263296,gid://shopify/InventoryItem/56145429463424,99120201200,SPEARHEAD: FANGS OF THE BLOOD GOD,,GB,verified_uk,
gid://shopify/Product/15724719243648,gid://shopify/ProductVariant/57986388853120,gid://shopify/InventoryItem/56145430053248,60030201031,BATTLETOME: BLADES OF KHORNE (ENG),,GB,verified_uk,
gid://shopify/Product/15724719440256,gid://shopify/ProductVariant/57986389082496,gid://shopify/InventoryItem/56145430282624,99120201211,BLADES OF KHORNE: DEATHBRINGER,,GB,verified_uk,
gid://shopify/Product/15724719669632,gid://shopify/ProductVariant/57986389606784,gid://shopify/InventoryItem/56145430806912,99120201248,BLADES OF KHORNE: WRATHMONGERS,,GB,verified_uk,
gid://shopify/Product/15724719833472,gid://shopify/ProductVariant/57986389770624,gid://shopify/InventoryItem/56145430970752,99070201031,BLADES OF KHORNE: REALMGORE RITUALIST,,GB,verified_uk,
gid://shopify/Product/15724720095616,gid://shopify/ProductVariant/57986390327680,gid://shopify/InventoryItem/56145431527808,99120201246,BLADES OF KHORNE: BLOOD WARRIORS,,GB,verified_uk,
gid://shopify/Product/15724720292224,gid://shopify/ProductVariant/57986390524288,gid://shopify/InventoryItem/56145431724416,99120999018,BLOOD BOWL: OLD WORLD ALLIANCE TEAM,,GB,verified_uk,
gid://shopify/Product/15724720456064,gid://shopify/ProductVariant/57986390983040,gid://shopify/InventoryItem/56145432183168,99120715001,WH UNDERWORLDS: GRANDFATHER'S GARDENERS,,GB,verified_uk,
gid://shopify/Product/15724720685440,gid://shopify/ProductVariant/57986391212416,gid://shopify/InventoryItem/56145432412544,99120201203,SPEARHEAD: MAGGOTKIN/NURGLE:BUBONIC CELL,,GB,verified_uk,
gid://shopify/Product/15724720882048,gid://shopify/ProductVariant/57986391703936,gid://shopify/InventoryItem/56145432904064,99120201217,MAGGOTKIN OF NURGLE: THE PUSTULES,,GB,verified_uk,
gid://shopify/Product/15724721078656,gid://shopify/ProductVariant/57986391867776,gid://shopify/InventoryItem/56145433035136,99120201207,MAGGOTKIN OF NURGLE: ROTSWORDS,,GB,verified_uk,
gid://shopify/Product/15724721176960,gid://shopify/ProductVariant/57986392293760,gid://shopify/InventoryItem/56145433493888,99120201209,MAGGOTKIN OF NURGLE: SLOVEN KNIGHTS,,GB,verified_uk,
gid://shopify/Product/15724721406336,gid://shopify/ProductVariant/57986392490368,gid://shopify/InventoryItem/56145433690496,99120201206,MAGGOTKIN OF NURGLE:FESTUS THE LEECHLORD,,GB,verified_uk,
gid://shopify/Product/15724721537408,gid://shopify/ProductVariant/57986392949120,gid://shopify/InventoryItem/56145434149248,99120201208,MAGGOTKIN OF NURGLE: PESTIGORS,,GB,verified_uk,
gid://shopify/Product/15724721734016,gid://shopify/ProductVariant/57986393178496,gid://shopify/InventoryItem/56145434378624,99120201134,MAGGOTKIN OF NURGLE: THE GLOTTKIN,,GB,verified_uk,
gid://shopify/Product/15724721897856,gid://shopify/ProductVariant/57986393604480,gid://shopify/InventoryItem/56145434804608,99120201210,MAGGOTKIN OF NURGLE: PUTRID BLIGHTKINGS,,GB,verified_uk,
gid://shopify/Product/15724722061696,gid://shopify/ProductVariant/57986393833856,gid://shopify/InventoryItem/56145435033984,99120201221,MAGGOTKIN OF NURGLE: LORD OF PLAGUES,,GB,verified_uk,
gid://shopify/Product/15724722225536,gid://shopify/ProductVariant/57986394325376,gid://shopify/InventoryItem/56145435525504,99120201222,MAGGOTKIN OF NURGLE LORD OF BLIGHTS,,GB,verified_uk,
gid://shopify/Product/15724722389376,gid://shopify/ProductVariant/57986394521984,gid://shopify/InventoryItem/56145435722112,60030201032,BATTLETOME: MAGGOTKIN OF NURGLE (ENG),,GB,verified_uk,
gid://shopify/Product/15724722585984,gid://shopify/ProductVariant/57986394980736,gid://shopify/InventoryItem/56145436180864,60050201015,WARSCROLLS: MAGGOTKIN OF NURGLE (ENG),,GB,verified_uk,
gid://shopify/Product/15724722782592,gid://shopify/ProductVariant/57986395177344,gid://shopify/InventoryItem/56145436377472,99120201220,MAGGOTKIN OF NURGLE: ROTBRINGER SORCERER,,GB,verified_uk,
gid://shopify/Product/15724722913664,gid://shopify/ProductVariant/57986395603328,gid://shopify/InventoryItem/56145436803456,99220201032,AGE OF SIGMAR: MAGGOTKIN OF NURGLE DICE,,GB,verified_uk,
gid://shopify/Product/15724723110272,gid://shopify/ProductVariant/57986395963776,gid://shopify/InventoryItem/56145437163904,99120101457,KILL TEAM: WOLF SCOUTS,,GB,verified_uk,
gid://shopify/Product/15724723306880,gid://shopify/ProductVariant/57986396356992,gid://shopify/InventoryItem/56145437557120,99123001021,HH: SPACE WOLVES: GEIGOR FELL-HAND,,GB,verified_uk,
gid://shopify/Product/15724723503488,gid://shopify/ProductVariant/57986396750208,gid://shopify/InventoryItem/56145437950336,99120201196,SPEARHEAD: HEDONITES OF SLAANESH,,GB,verified_uk,
gid://shopify/Product/15724723667328,gid://shopify/ProductVariant/57986396946816,gid://shopify/InventoryItem/56145438114176,60050201012,FACTION PACK: HEDONITES OF SLAANESH ENG,,GB,verified_uk,
gid://shopify/Product/15724723929472,gid://shopify/ProductVariant/57986397471104,gid://shopify/InventoryItem/56145438409088,99120201160,HEDONITES OF SLAANESH: BLISSBARB ARCHERS,,GB,verified_uk,
gid://shopify/Product/15724724027776,gid://shopify/ProductVariant/57986397569408,gid://shopify/InventoryItem/56145438769536,99120201159,HEDONITES: SIGVALD PRINCE OF SLAANESH,,GB,verified_uk,
gid://shopify/Product/15724724257152,gid://shopify/ProductVariant/57986398060928,gid://shopify/InventoryItem/56145439261056,99070201026,HEDONITES OF SLAANESH: LORD OF PAIN,,GB,verified_uk,
gid://shopify/Product/15724724388224,gid://shopify/ProductVariant/57986398192000,gid://shopify/InventoryItem/56145439392128,99070201025,HEDONITES: SHARDSPEAKER OF SLAANESH,,GB,verified_uk,
gid://shopify/Product/15724724617600,gid://shopify/ProductVariant/57986398454144,gid://shopify/InventoryItem/56145439654272,99120201106,HEDONITES: SLAANGOR FIENDBLOODS,,GB,verified_uk,
gid://shopify/Product/15724724748672,gid://shopify/ProductVariant/57986398814592,gid://shopify/InventoryItem/56145440014720,99120201157,HEDONITES:MYRMIDESH PAINBRINGERS,,GB,verified_uk,
gid://shopify/Product/15724724945280,gid://shopify/ProductVariant/57986399043968,gid://shopify/InventoryItem/56145440211328,99070201033,HEDONITES OF SLAANESH: LORD OF HUBRIS,,GB,verified_uk,
gid://shopify/Product/15724725109120,gid://shopify/ProductVariant/57986399469952,gid://shopify/InventoryItem/56145440670080,99129915080,DEXCESSA: THE TALON OF SLAANESH,,GB,verified_uk,
gid://shopify/Product/15724725272960,gid://shopify/ProductVariant/57986399601024,gid://shopify/InventoryItem/56145440801152,99120999019,BLOOD BOWL: UNDERWORLD DENIZENS TEAM,,GB,verified_uk,
gid://shopify/Product/15724725404032,gid://shopify/ProductVariant/57986399994240,gid://shopify/InventoryItem/56145441194368,99120201150,TZEENTCH: CURSELING EYE OF TZEENTCH,,GB,verified_uk,
gid://shopify/Product/15724725567872,gid://shopify/ProductVariant/57986400190848,gid://shopify/InventoryItem/56145441390976,99120201143,DISCIPLES/TZEENTCH: TZAANGOR ENLIGHTENED,,GB,verified_uk,
gid://shopify/Product/15724725764480,gid://shopify/ProductVariant/57986400420224,gid://shopify/InventoryItem/56145441554816,99120201144,DISCIPLES OF TZEENTCH: TZAANGORS,,GB,verified_uk,
gid://shopify/Product/15724725928320,gid://shopify/ProductVariant/57986400878976,gid://shopify/InventoryItem/56145442079104,99070201030,TZEENTCH ARCANITES TZAANGOR SHAMAN,,GB,verified_uk,
gid://shopify/Product/15724726157696,gid://shopify/ProductVariant/57986401075584,gid://shopify/InventoryItem/56145442275712,99123002003,HH: THOUSAND SONS: AZHEK AHRIMAN,,GB,verified_uk,
gid://shopify/Product/15724726288768,gid://shopify/ProductVariant/57986401403264,gid://shopify/InventoryItem/56145442603392,99120299118,SPEARHEAD: SONS OF BEHEMAT,,GB,verified_uk,
gid://shopify/Product/15724726452608,gid://shopify/ProductVariant/57986401567104,gid://shopify/InventoryItem/56145442767232,60050299030,FACTION PACK: SONS OF BEHEMAT (ENG),,GB,verified_uk,
gid://shopify/Product/15724726714752,gid://shopify/ProductVariant/57986401829248,gid://shopify/InventoryItem/56145443029376,99120299086,SONS OF BEHEMAT: KING BRODD,,GB,verified_uk,
gid://shopify/Product/15724726944128,gid://shopify/ProductVariant/57986402353536,gid://shopify/InventoryItem/56145443553664,99120209134,SPEARHEAD: ORRUK WARCLANS,,GB,verified_uk,
gid://shopify/Product/15724727107968,gid://shopify/ProductVariant/57986402550144,gid://shopify/InventoryItem/56145443750272,99120209122,SPEARHEAD:ORRUK WARCLANS IRONJAWZ BIGMOB,,GB,verified_uk,
gid://shopify/Product/15724727304576,gid://shopify/ProductVariant/57986403041664,gid://shopify/InventoryItem/56145444241792,60030209014,BATTLETOME: ORRUK WARCLANS (HB) (ENG),,GB,verified_uk,
gid://shopify/Product/15724727566720,gid://shopify/ProductVariant/57986403369344,gid://shopify/InventoryItem/56145444569472,99120209090,ORRUK WARCLANS:GORDRAKK THE FIST OF GORK,,GB,verified_uk,
gid://shopify/Product/15724727763328,gid://shopify/ProductVariant/57986403664256,gid://shopify/InventoryItem/56145444864384,99070209007,ORRUK WARCLANS: ORRUK MEGABOSS,,GB,verified_uk,
gid://shopify/Product/15724727959936,gid://shopify/ProductVariant/57986404090240,gid://shopify/InventoryItem/56145445290368,99070209008,ORRUK WARCLANS: ORRUK WEIRDNOB SHAMAN,,GB,verified_uk,
gid://shopify/Product/15724728189312,gid://shopify/ProductVariant/57986404581760,gid://shopify/InventoryItem/56145445519744,99120209089,ORRUK WARCLANS: ORRUK BRUTES,,GB,verified_uk,
gid://shopify/Product/15724728418688,gid://shopify/ProductVariant/57986404745600,gid://shopify/InventoryItem/56145445945728,99070209010,ORRUK WARCLANS: ARDBOY BIG BOSS,,GB,verified_uk,
gid://shopify/Product/15724728582528,gid://shopify/ProductVariant/57986405269888,gid://shopify/InventoryItem/56145446470016,99120209072,ORRUK WARCLANS: BEAST-SKEWER KILLBOW,,GB,verified_uk,
gid://shopify/Product/15724728779136,gid://shopify/ProductVariant/57986405466496,gid://shopify/InventoryItem/56145446666624,99120209110,ORRUK WARCLANS: ORRUK ARDBOYZ,,GB,verified_uk,
gid://shopify/Product/15724728975744,gid://shopify/ProductVariant/57986405892480,gid://shopify/InventoryItem/56145447092608,99120209113,ORRUK WARCLANS: ZOGGROK ANVILSMASHA,,GB,verified_uk,
gid://shopify/Product/15724729270656,gid://shopify/ProductVariant/57986406220160,gid://shopify/InventoryItem/56145447420288,99120209076,ORRUK WARCLANS: MARSHCRAWLA SLOGGOTH,,GB,verified_uk,
gid://shopify/Product/15724729467264,gid://shopify/ProductVariant/57986406613376,gid://shopify/InventoryItem/56145447813504,99120209075,ORRUK WARCLANS MAN-SKEWER BOLTBOYZ,,GB,verified_uk,
gid://shopify/Product/15724729631104,gid://shopify/ProductVariant/57986407039360,gid://shopify/InventoryItem/56145448239488,99120209073,O/W: BREAKA-BOSS ON MIREBRUTE TROGGOTH,,GB,verified_uk,
gid://shopify/Product/15724729827712,gid://shopify/ProductVariant/57986407235968,gid://shopify/InventoryItem/56145448436096,99120209074,ORRUK WARCLANS: SWAMPBOSS SKUMDREKK,,GB,verified_uk,
gid://shopify/Product/15724730057088,gid://shopify/ProductVariant/57986407596416,gid://shopify/InventoryItem/56145448632704,99120209077,ORRUK WARCLANS: GUTRIPPAZ,,GB,verified_uk,
gid://shopify/Product/15724730319232,gid://shopify/ProductVariant/57986407825792,gid://shopify/InventoryItem/56145449025920,99120209078,O/WARCLANS: GOBSPRAKK THE MOUTH OF MORK,,GB,verified_uk,
gid://shopify/Product/15724730548608,gid://shopify/ProductVariant/57986408087936,gid://shopify/InventoryItem/56145449288064,99120209111,ORRUK WARCLANS: TUSKBOSS ON MAW-GRUNTA,,GB,verified_uk,
gid://shopify/Product/15724730777984,gid://shopify/ProductVariant/57986408513920,gid://shopify/InventoryItem/56145449714048,99120209114,ORRUK WARCLANS: WEIRDBRUTE WREKKAZ,,GB,verified_uk,
gid://shopify/Product/15724730974592,gid://shopify/ProductVariant/57986408776064,gid://shopify/InventoryItem/56145449976192,99120209136,ORRUK WARCLANS: HOBGROT SLITTABOSS,,GB,verified_uk,
gid://shopify/Product/15724731203968,gid://shopify/ProductVariant/57986409300352,gid://shopify/InventoryItem/56145450500480,99120209132,ORRUK WARCLANS: MANIFESTATIONS,,GB,verified_uk,
gid://shopify/Product/15724731433344,gid://shopify/ProductVariant/57986409791872,gid://shopify/InventoryItem/56145450992000,99120299114,ORRUK WARCLANS: BOSSROKK TOWER,,GB,verified_uk,
gid://shopify/Product/15724731629952,gid://shopify/ProductVariant/57986409988480,gid://shopify/InventoryItem/56145451188608,99120211002,SPEARHEAD: H/HASHUT: HELFORGE HOST,,GB,verified_uk,
gid://shopify/Product/15724731924864,gid://shopify/ProductVariant/57986410578304,gid://shopify/InventoryItem/56145451778432,60030211001,BATTLETOME: HELSMITHS OF HASHUT (ENG),,GB,verified_uk,
gid://shopify/Product/15724732121472,gid://shopify/ProductVariant/57986410774912,gid://shopify/InventoryItem/56145451975040,99120211008,HELSMITHS OF HASHUT: INFERNAL RAZERS,,GB,verified_uk,
gid://shopify/Product/15724732350848,gid://shopify/ProductVariant/57986411823488,gid://shopify/InventoryItem/56145453023616,99120211007,HELSMITHS OF HASHUT: BULL CENTAURS,,GB,verified_uk,
gid://shopify/Product/15724732547456,gid://shopify/ProductVariant/57986412347776,gid://shopify/InventoryItem/56145453547904,99120211005,HELSMITHS OF HASHUT: DAEMONSMITH,,GB,verified_uk,
gid://shopify/Product/15724732711296,gid://shopify/ProductVariant/57986412511616,gid://shopify/InventoryItem/56145453711744,99120211011,H/HASHUT:URAK TAAR THE FIRST DAEMONSMITH,,GB,verified_uk,
gid://shopify/Product/15724732875136,gid://shopify/ProductVariant/57986412970368,gid://shopify/InventoryItem/56145454170496,99120211004,HELSMITHS OF HASHUT: DOMINATOR ENGINE,,GB,verified_uk,
gid://shopify/Product/15724733071744,gid://shopify/ProductVariant/57986413166976,gid://shopify/InventoryItem/56145454367104,99120211006,H/HASHUT: DEATHSHRIEKER ROCKET BATTERY,,GB,verified_uk,
gid://shopify/Product/15724733301120,gid://shopify/ProductVariant/57986413658496,gid://shopify/InventoryItem/56145454858624,99120211010,HELSMITHS OF HASHUT: WAR DESPOT,,GB,verified_uk,
gid://shopify/Product/15724733432192,gid://shopify/ProductVariant/57986413789568,gid://shopify/InventoryItem/56145454989696,99120211009,HELSMITHS OF HASHUT: HOBGROT VANDALZ,,GB,verified_uk,
gid://shopify/Product/15724733661568,gid://shopify/ProductVariant/57986414281088,gid://shopify/InventoryItem/56145455481216,99120211003,HELSMITHS OF HASHUT: INFERNAL COHORT,,GB,verified_uk,
gid://shopify/Product/15724733825408,gid://shopify/ProductVariant/57986414412160,gid://shopify/InventoryItem/56145455612288,99129915090,BLADES OF KHORNE: BLOODLETTERS,,GB,verified_uk,
gid://shopify/Product/15724734054784,gid://shopify/ProductVariant/57986414903680,gid://shopify/InventoryItem/56145456103808,99129915086,BLADES OF KHORNE: BLOODTHIRSTER,,GB,verified_uk,
gid://shopify/Product/15724734251392,gid://shopify/ProductVariant/57986415067520,gid://shopify/InventoryItem/56145456267648,99129915089,BLADES OF KHORNE: SKARBRAND,,GB,verified_uk,
gid://shopify/Product/15724734415232,gid://shopify/ProductVariant/57986415526272,gid://shopify/InventoryItem/56145456726400,99129915087,BLADES OF KHORNE: SKULLTAKER,,GB,verified_uk,
gid://shopify/Product/15724734644608,gid://shopify/ProductVariant/57986415755648,gid://shopify/InventoryItem/56145456955776,99129915088,BLADES OF KHORNE: FLESH HOUNDS,,GB,verified_uk,
gid://shopify/Product/15724734841216,gid://shopify/ProductVariant/57986415886720,gid://shopify/InventoryItem/56145457086848,99129915084,B/K: BLOODMASTER HERALD OF KHORNE,,GB,verified_uk,
gid://shopify/Product/15724735103360,gid://shopify/ProductVariant/57986416378240,gid://shopify/InventoryItem/56145457578368,99129915079,HEDONITES OF SLAANESH: KEEPER OF SECRETS,,GB,verified_uk,
gid://shopify/Product/15724735267200,gid://shopify/ProductVariant/57986416542080,gid://shopify/InventoryItem/56145457742208,99129915076,HEDONITES OF SLAANESH: DAEMONETTES,,GB,verified_uk,
gid://shopify/Product/15724735431040,gid://shopify/ProductVariant/57986416738688,gid://shopify/InventoryItem/56145457938816,99129915085,DAEMONS OF SLAANESH: THE MASQUE,,GB,verified_uk,
gid://shopify/Product/15724735660416,gid://shopify/ProductVariant/57986416935296,gid://shopify/InventoryItem/56145458135424,99129915062,MAGGOTKIN OF NURGLE: BEAST OF NURGLE,,GB,verified_uk,
gid://shopify/Product/15724735955328,gid://shopify/ProductVariant/57986417262976,gid://shopify/InventoryItem/56145458463104,99129915063,MAGGOTKIN OF NURGLE: GREAT UNCLEAN ONE,,GB,verified_uk,
gid://shopify/Product/15724736151936,gid://shopify/ProductVariant/57986417459584,gid://shopify/InventoryItem/56145458659712,99129915061,MAGGOTKIN OF NURGLE: PLAGUEBEARERS,,GB,verified_uk,
gid://shopify/Product/15724736283008,gid://shopify/ProductVariant/57986418213248,gid://shopify/InventoryItem/56145459413376,99129915060,MAGGOTKIN OF NURGLE: NURGLINGS,,GB,verified_uk,
gid://shopify/Product/15724736479616,gid://shopify/ProductVariant/57986418409856,gid://shopify/InventoryItem/56145459609984,99129915083,MAGGOTKIN OF NURGLE: SLOPPITY BILEPIPER,,GB,verified_uk,
gid://shopify/Product/15724736643456,gid://shopify/ProductVariant/57986418573696,gid://shopify/InventoryItem/56145459773824,99129915069,DISCIPLES OF TZEENTCH: PINK HORRORS,,GB,verified_uk,
gid://shopify/Product/15724736840064,gid://shopify/ProductVariant/57986418770304,gid://shopify/InventoryItem/56145459970432,99129915067,DISCIPLES/TZEENTCH: FLAMERS OF TZEENTCH,,GB,verified_uk,
gid://shopify/Product/15724737036672,gid://shopify/ProductVariant/57986418934144,gid://shopify/InventoryItem/56145460134272,99129915065,DISCIPLES OF TZEENTCH: LORD OF CHANGE,,GB,verified_uk,
gid://shopify/Product/15724737266048,gid://shopify/ProductVariant/57986419130752,gid://shopify/InventoryItem/56145460330880,99129915066,DISCIPLES OF TZEENTCH: BLUE HORRORS,,GB,verified_uk,
gid://shopify/Product/15724737429888,gid://shopify/ProductVariant/57986419327360,gid://shopify/InventoryItem/56145460527488,99122601033,L/I: ARAKNAE WEAPONS PLATFORM BATTERIES,,GB,verified_uk,
gid://shopify/Product/15724737626496,gid://shopify/ProductVariant/57986419523968,gid://shopify/InventoryItem/56145460724096,99122601032,L/I: LEGIONES ASTARTES COMBAT FORCE,,GB,verified_uk,
gid://shopify/Product/15724737823104,gid://shopify/ProductVariant/57986420015488,gid://shopify/InventoryItem/56145461215616,99123001083,LEGIONES ASTARTES: DROP POD,,GB,verified_uk,
gid://shopify/Product/15724738052480,gid://shopify/ProductVariant/57986420310400,gid://shopify/InventoryItem/56145461510528,99123001092,HORUS HERESY: L/ASTARTES COMBAT FORCE,,GB,verified_uk,
gid://shopify/Product/15724738249088,gid://shopify/ProductVariant/57986420801920,gid://shopify/InventoryItem/56145462002048,60043099017,JOURNAL TACTICA: THE FORGES OF SATURN,,GB,verified_uk,
gid://shopify/Product/15724738511232,gid://shopify/ProductVariant/57986421064064,gid://shopify/InventoryItem/56145462264192,60043099014,HORUS HERESY: LIBER ASTARTES (ENGLISH),,GB,verified_uk,
gid://shopify/Product/15724738675072,gid://shopify/ProductVariant/57986421424512,gid://shopify/InventoryItem/56145462624640,60043099015,HORUS HERESY: LIBER HERETICUS (ENGLISH),,GB,verified_uk,
gid://shopify/Product/15724738871680,gid://shopify/ProductVariant/57986421850496,gid://shopify/InventoryItem/56145463050624,99122605015,L/IMPERIALIS: LEMAN RUSS STRIKE SQUADRON,,GB,verified_uk,
gid://shopify/Product/15724739035520,gid://shopify/ProductVariant/57986422276480,gid://shopify/InventoryItem/56145463476608,99122605003,LEGIONS IMPERIALIS: BANEBLADE SQUADRON,,GB,verified_uk,
gid://shopify/Product/15724739297664,gid://shopify/ProductVariant/57986422669696,gid://shopify/InventoryItem/56145463869824,99122605004,L/IMPERIALIS: SOLAR AUXILIA INFANTRY,,GB,verified_uk,
gid://shopify/Product/15724739428736,gid://shopify/ProductVariant/57986422866304,gid://shopify/InventoryItem/56145464066432,99122605006,L/I: SOLAR AUXILIA BASILISKS/MEDUSAS,,GB,verified_uk,
gid://shopify/Product/15724739625344,gid://shopify/ProductVariant/57986423357824,gid://shopify/InventoryItem/56145464557952,99122605010,L/IMPERIALIS: SHADOWSWORDS/STORMBLADES,,GB,verified_uk,
gid://shopify/Product/15724739854720,gid://shopify/ProductVariant/57986423849344,gid://shopify/InventoryItem/56145465049472,99122605016,L/IMPERIALIS: SOLAR AUXILIA COMBAT FORCE,,GB,verified_uk,
gid://shopify/Product/15724740051328,gid://shopify/ProductVariant/57986424045952,gid://shopify/InventoryItem/56145465246080,99123005010,SOLAR AUXILIA: VALDOR TANK DESTROYER,,GB,verified_uk,
gid://shopify/Product/15724740280704,gid://shopify/ProductVariant/57986424537472,gid://shopify/InventoryItem/56145465770368,99123005013,SOLAR AUXILIA: MALCADOR INFERNUS,,GB,verified_uk,
gid://shopify/Product/15724740477312,gid://shopify/ProductVariant/57986424734080,gid://shopify/InventoryItem/56145465934208,60033005001,HORUS HERESY: LIBER AUXILIA (ENGLISH),,GB,verified_uk,
gid://shopify/Product/15724740673920,gid://shopify/ProductVariant/57986425356672,gid://shopify/InventoryItem/56145466556800,99123005021,HORUS HERESY: SOLAR AUXILIA COMBAT FORCE,,GB,verified_uk,
gid://shopify/Product/15724740903296,gid://shopify/ProductVariant/57986425880960,gid://shopify/InventoryItem/56145467081088,99123005001,HORUS HERESY: SOLAR AUXILIA DRACOSAN,,GB,verified_uk,
gid://shopify/Product/15724741099904,gid://shopify/ProductVariant/57986426110336,gid://shopify/InventoryItem/56145467310464,99123005004,SOLAR AUXILIA LEMAN RUSS STRIKE TANK,,GB,verified_uk,
gid://shopify/Product/15724741329280,gid://shopify/ProductVariant/57986426601856,gid://shopify/InventoryItem/56145467801984,99123005002,HH: SOLAR AUXILIA LASRIFLE SECTION,,GB,verified_uk,
gid://shopify/Product/15724741493120,gid://shopify/ProductVariant/57986426765696,gid://shopify/InventoryItem/56145467965824,99123005003,SOLAR AUXILIA: TACTICAL COMMAND SECTION,,GB,verified_uk,
gid://shopify/Product/15724741624192,gid://shopify/ProductVariant/57986427224448,gid://shopify/InventoryItem/56145468424576,99123005009,HH: SOLAR AUXILIA AETHON HEAVY SENTINEL,,GB,verified_uk,
gid://shopify/Product/15724741853568,gid://shopify/ProductVariant/57986427453824,gid://shopify/InventoryItem/56145468653952,99123005008,SOLAR AUXILIA: VELETARIS STORM SECTION,,GB,verified_uk,
gid://shopify/Product/15724742017408,gid://shopify/ProductVariant/57986427912576,gid://shopify/InventoryItem/56145469112704,99123005005,HORUS HERESY: SOLAR AUXILIA MALCADOR,,GB,verified_uk,
gid://shopify/Product/15724742246784,gid://shopify/ProductVariant/57986428141952,gid://shopify/InventoryItem/56145469342080,99123005006,SOLAR AUXILIA LEMAN RUSS ASSAULT TANK,,GB,verified_uk,
gid://shopify/Product/15724742410624,gid://shopify/ProductVariant/57986428600704,gid://shopify/InventoryItem/56145469800832,99123005007,SOLAR AUXILIA: BASILISK/MEDUSA,,GB,verified_uk,
gid://shopify/Product/15724742738304,gid://shopify/ProductVariant/57986429190528,gid://shopify/InventoryItem/56145470390656,99123005011,SOLAR AUXILIA: HERMES SENTINEL SQUADRON,,GB,verified_uk,
gid://shopify/Product/15724742967680,gid://shopify/ProductVariant/57986429485440,gid://shopify/InventoryItem/56145470685568,99122699008,WARLORD TITAN WITH PLASMA ANNIHILATOR,,GB,verified_uk,
gid://shopify/Product/15724743164288,gid://shopify/ProductVariant/57986429976960,gid://shopify/InventoryItem/56145471177088,99122699010,REAVER TITAN W/MELTA CANNON & CHAINFIST,,GB,verified_uk,
gid://shopify/Product/15724743328128,gid://shopify/ProductVariant/57986430140800,gid://shopify/InventoryItem/56145471340928,99122699011,LEGIONS IMPERIALIS:WARHOUND SCOUT TITANS,,GB,verified_uk,
gid://shopify/Product/15724743426432,gid://shopify/ProductVariant/57986430566784,gid://shopify/InventoryItem/56145471766912,99122699027,WARBRINGER NEMESIS TITAN W/QUAKE CANNON,,GB,verified_uk,
gid://shopify/Product/15724743655808,gid://shopify/ProductVariant/57986431091072,gid://shopify/InventoryItem/56145472291200,99122699013,L/IMP: WARMASTER HEAVY BATTLE TITAN,,GB,verified_uk,
gid://shopify/Product/15724743786880,gid://shopify/ProductVariant/57986431222144,gid://shopify/InventoryItem/56145472422272,99122699014,WARMASTER ICONOCLAST HEAVY BATTLE TITAN,,GB,verified_uk,
gid://shopify/Product/15724744081792,gid://shopify/ProductVariant/57986431779200,gid://shopify/InventoryItem/56145472979328,99122699022,L/IMP: DIRE WOLF HEAVY SCOUT TITANS,,GB,verified_uk,
gid://shopify/Product/15724744245632,gid://shopify/ProductVariant/57986431975808,gid://shopify/InventoryItem/56145473175936,99122608001,L/IMP: WARHOUND TITANS WITH URSUS CLAWS,,GB,verified_uk,
gid://shopify/Product/15724744507776,gid://shopify/ProductVariant/57986432532864,gid://shopify/InventoryItem/56145473732992,99122699015,LEGIONS IMPERIALIS: QUESTORIS KNIGHTS,,GB,verified_uk,
gid://shopify/Product/15724744704384,gid://shopify/ProductVariant/57986432729472,gid://shopify/InventoryItem/56145473929600,99122699017,L/I: CERASTUS KNIGHTS ACHERON/CASTIGATOR,,GB,verified_uk,
gid://shopify/Product/15724744900992,gid://shopify/ProductVariant/57986433220992,gid://shopify/InventoryItem/56145474421120,99122699018,L/IMPERIALIS: ACASTUS KNIGHTS PORPHYRION,,GB,verified_uk,
gid://shopify/Product/15724745064832,gid://shopify/ProductVariant/57986433679744,gid://shopify/InventoryItem/56145474879872,99122616006,L/I: MECHANICUM ACASTUS KNIGHTS ASTERIUS,,GB,verified_uk,
gid://shopify/Product/15724745261440,gid://shopify/ProductVariant/57986433876352,gid://shopify/InventoryItem/56145475076480,99122616005,L/I: MECHANICUM CERASTUS KNIGHTS ATRAPOS,,GB,verified_uk,
gid://shopify/Product/15724745523584,gid://shopify/ProductVariant/57986434466176,gid://shopify/InventoryItem/56145475666304,99122616004,L/I: QUESTORIS KNIGHTS MAGAERA/STYRIX,,GB,verified_uk,
gid://shopify/Product/15724745720192,gid://shopify/ProductVariant/57986434695552,gid://shopify/InventoryItem/56145475895680,99123008004,HORUS HERESY: CERASTUS KNIGHT LANCER,,GB,verified_uk,
gid://shopify/Product/15724745884032,gid://shopify/ProductVariant/57986435154304,gid://shopify/InventoryItem/56145476354432,99123008007,HORUS HERESY: ARVUS LIGHTER,,GB,verified_uk,
gid://shopify/Product/15724746080640,gid://shopify/ProductVariant/57986435318144,gid://shopify/InventoryItem/56145476518272,99123008005,HORUS HERESY: CERASTUS KNIGHT CASTIGATOR,,GB,verified_uk,
gid://shopify/Product/15724746211712,gid://shopify/ProductVariant/57986435809664,gid://shopify/InventoryItem/56145477009792,99123008006,HORUS HERESY: CERASTUS KNIGHT ACHERON,,GB,verified_uk,
gid://shopify/Product/15724746408320,gid://shopify/ProductVariant/57986436301184,gid://shopify/InventoryItem/56145477468544,99122616012,L/IMPERIALIS: MECHANICUM COMBAT FORCE,,GB,verified_uk,
gid://shopify/Product/15724746604928,gid://shopify/ProductVariant/57986436465024,gid://shopify/InventoryItem/56145477665152,60043016001,J/TACTICA: SKITARII: STEEL HAND OF MARS,,GB,verified_uk,
gid://shopify/Product/15724746736000,gid://shopify/ProductVariant/57986436923776,gid://shopify/InventoryItem/56145478123904,9918995022606,BASE: RATSKIN FLESH (12ML) (6-PACK),,GB,verified_uk,
gid://shopify/Product/15724746932608,gid://shopify/ProductVariant/57986437120384,gid://shopify/InventoryItem/56145478320512,9918995024506,BASE: DEATH KORPS DRAB (12ML) (6-PACK),,GB,verified_uk,
gid://shopify/Product/15724747096448,gid://shopify/ProductVariant/57986439086464,gid://shopify/InventoryItem/56145480253824,9918995024606,BASE: GAL VORBAK RED (12ML) (6-PACK),,GB,verified_uk,
gid://shopify/Product/15724747227520,gid://shopify/ProductVariant/57986439479680,gid://shopify/InventoryItem/56145480679808,9918995024806,BASE: NOCTURNE GREEN (12ML) (6-PACK),,GB,verified_uk,
gid://shopify/Product/15724747424128,gid://shopify/ProductVariant/57986439709056,gid://shopify/InventoryItem/56145480909184,9918995025006,BASE: LUPERCAL GREEN (12ML) (6-PACK),,GB,verified_uk,
gid://shopify/Product/15724747587968,gid://shopify/ProductVariant/57986440135040,gid://shopify/InventoryItem/56145481335168,9918995025706,BASE: MORGHAST BONE (12ML) (6-PACK),,GB,verified_uk,
gid://shopify/Product/15724747751808,gid://shopify/ProductVariant/57986440298880,gid://shopify/InventoryItem/56145481499008,9918995026306,BASE: HOBGROT HIDE (12ML) (6-PACK),,GB,verified_uk,
gid://shopify/Product/15724747882880,gid://shopify/ProductVariant/57986440659328,gid://shopify/InventoryItem/56145481859456,9918995026406,BASE: THONDIA BROWN (12ML) (6-PACK),,GB,verified_uk,
gid://shopify/Product/15724748046720,gid://shopify/ProductVariant/57986440823168,gid://shopify/InventoryItem/56145482023296,9918995121606,LAYER: WARPFIEND GREY (12ML) (6-PACK),,GB,verified_uk,
gid://shopify/Product/15724748177792,gid://shopify/ProductVariant/57986440954240,gid://shopify/InventoryItem/56145482154368,9918995123106,SKARSNIK GREEN 12ML (6-PACK),,GB,verified_uk,
gid://shopify/Product/15724748439936,gid://shopify/ProductVariant/57986441183616,gid://shopify/InventoryItem/56145482383744,9918995123206,LAYER: LOREN FOREST (12ML) (6-PACK),,GB,verified_uk,
gid://shopify/Product/15724748603776,gid://shopify/ProductVariant/57986441609600,gid://shopify/InventoryItem/56145482809728,9918995123906,TALLARN SAND (6-PACK),,GB,verified_uk,
gid://shopify/Product/15724748767616,gid://shopify/ProductVariant/57986441773440,gid://shopify/InventoryItem/56145482973568,9918995124306,LAYER: BESTIGOR FLESH (12ML) (6-PACK),,GB,verified_uk,
gid://shopify/Product/15724748964224,gid://shopify/ProductVariant/57986442297728,gid://shopify/InventoryItem/56145483497856,9918995124406,UNGOR FLESH (6-PACK),,GB,verified_uk,
gid://shopify/Product/15724749160832,gid://shopify/ProductVariant/57986442494336,gid://shopify/InventoryItem/56145483694464,9918995124606,DEATHCLAW BROWN (6-PACK),,GB,verified_uk,
gid://shopify/Product/15724749324672,gid://shopify/ProductVariant/57986442920320,gid://shopify/InventoryItem/56145484120448,9918995124706,TAU LIGHT OCHRE (12ML) (6-PACK),,GB,verified_uk,
gid://shopify/Product/15724749554048,gid://shopify/ProductVariant/57986443149696,gid://shopify/InventoryItem/56145484349824,9918995124806,BALOR BROWN 12ML (6-PACK),,GB,verified_uk,
gid://shopify/Product/15724749717888,gid://shopify/ProductVariant/57986443575680,gid://shopify/InventoryItem/56145484775808,9918995127606,LAYER:SKULLCRUSHER BRASS (12ML) (6-PACK),,GB,verified_uk,
gid://shopify/Product/15724749914496,gid://shopify/ProductVariant/57986443772288,gid://shopify/InventoryItem/56145484972416,9918995127706,LAYER: FULGURITE COPPER (12ML) (6-PACK),,GB,verified_uk,
gid://shopify/Product/15724750176640,gid://shopify/ProductVariant/57986444198272,gid://shopify/InventoryItem/56145485398400,9918995128606,LAYER: KRIEG KHAKI (12ML) (6-PACK),,GB,verified_uk,
gid://shopify/Product/15724750340480,gid://shopify/ProductVariant/57986444493184,gid://shopify/InventoryItem/56145485693312,9918995128806,LAYER: LUGGANATH ORANGE (12ML) (6-PACK),,GB,verified_uk,
gid://shopify/Product/15724750504320,gid://shopify/ProductVariant/57986444886400,gid://shopify/InventoryItem/56145486086528,9918995129006,LAYER:SONS OF HORUS GREEN (12ML)(6-PACK),,GB,verified_uk,
gid://shopify/Product/15724750668160,gid://shopify/ProductVariant/57986445083008,gid://shopify/InventoryItem/56145486283136,9918995129206,LAYER: CASTELLAX BRONZE (12ML) (6-PACK),,GB,verified_uk,
gid://shopify/Product/15724750799232,gid://shopify/ProductVariant/57986445508992,gid://shopify/InventoryItem/56145486709120,9918995129306,LAYER: VULKAN GREEN (12ML) (6-PACK),,GB,verified_uk,
gid://shopify/Product/15724750995840,gid://shopify/ProductVariant/57986445967744,gid://shopify/InventoryItem/56145487167872,9918995129606,LAYER: BLOODREAVER FLESH (12ML) (6-PACK),,GB,verified_uk,
gid://shopify/Product/15724751225216,gid://shopify/ProductVariant/57986446197120,gid://shopify/InventoryItem/56145487397248,9918995203606,HEXOS PALESUN (6-PACK),,GB,verified_uk,
gid://shopify/Product/15724751421824,gid://shopify/ProductVariant/57986446819712,gid://shopify/InventoryItem/56145488019840,9918995203806,LUCIUS LILAC (6-PACK),,GB,verified_uk,
gid://shopify/Product/15724751552896,gid://shopify/ProductVariant/57986447311232,gid://shopify/InventoryItem/56145488511360,9918995203906,PRAXETI WHITE (6-PACK),,GB,verified_uk,
gid://shopify/Product/15724751782272,gid://shopify/ProductVariant/57986447507840,gid://shopify/InventoryItem/56145488707968,9918995204006,DRY: ETHERIUM BLUE (12ML) (6-PACK),,GB,verified_uk,
gid://shopify/Product/15724751946112,gid://shopify/ProductVariant/57986447933824,gid://shopify/InventoryItem/56145489133952,9918995204106,SKINK BLUE (6-PACK),,GB,verified_uk,
gid://shopify/Product/15724752208256,gid://shopify/ProductVariant/57986448458112,gid://shopify/InventoryItem/56145489396096,9918995204306,UNDERHIVE ASH (6-PACK),,GB,verified_uk,
gid://shopify/Product/15724752372096,gid://shopify/ProductVariant/57986448621952,gid://shopify/InventoryItem/56145489822080,9918995204406,DRY: ELDAR FLESH (12ML) (6-PACK),,GB,verified_uk,
gid://shopify/Product/15724752601472,gid://shopify/ProductVariant/57986449113472,gid://shopify/InventoryItem/56145490313600,9918995204506,DRY: TYRANT SKULL (12ML) (6-PACK),,GB,verified_uk,
gid://shopify/Product/15724752830848,gid://shopify/ProductVariant/57986449342848,gid://shopify/InventoryItem/56145490542976,9918995204606,DRY: TERMINATUS STONE (12ML) (6-PACK),,GB,verified_uk,
gid://shopify/Product/15724752994688,gid://shopify/ProductVariant/57986449965440,gid://shopify/InventoryItem/56145491165568,9918995204706,LONGBEARD GREY (6-PACK),,GB,verified_uk,
gid://shopify/Product/15724753191296,gid://shopify/ProductVariant/57986450162048,gid://shopify/InventoryItem/56145491362176,9918995204806,NECRON COMPOUND 12ML (6-PACK),,GB,verified_uk,
gid://shopify/Product/15724753355136,gid://shopify/ProductVariant/57986450620800,gid://shopify/InventoryItem/56145491820928,9918995204906,GOLDEN GRIFFON (6-PACK),,GB,verified_uk,
gid://shopify/Product/15724753518976,gid://shopify/ProductVariant/57986450784640,gid://shopify/InventoryItem/56145491984768,9918995205106,RYZA RUST (6-PACK),,GB,verified_uk,
gid://shopify/Product/15724753715584,gid://shopify/ProductVariant/57986451276160,gid://shopify/InventoryItem/56145492476288,9918995205306,DRY: ASTORATH RED (6-PACK),,GB,verified_uk,
gid://shopify/Product/15724753977728,gid://shopify/ProductVariant/57986451505536,gid://shopify/InventoryItem/56145492705664,9918995205406,DRY: HOETH BLUE (X6),,GB,verified_uk,
gid://shopify/Product/15724754141568,gid://shopify/ProductVariant/57986451767680,gid://shopify/InventoryItem/56145492967808,9918995205606,DRY: IMRIK BLUE (6-PACK),,GB,verified_uk,
gid://shopify/Product/15724754305408,gid://shopify/ProductVariant/57986451931520,gid://shopify/InventoryItem/56145493131648,9918995205706,DRY: STORMFANG (6-PACK),,GB,verified_uk,
gid://shopify/Product/15724754469248,gid://shopify/ProductVariant/57986453045632,gid://shopify/InventoryItem/56145494245760,9918995205206,DRY: WRACK WHITE (6-PACK),,GB,verified_uk,
gid://shopify/Product/15724754665856,gid://shopify/ProductVariant/57986453176704,gid://shopify/InventoryItem/56145494376832,9918995205806,DRY: NIBLET GREEN (6-PACK),,GB,verified_uk,
gid://shopify/Product/15724754862464,gid://shopify/ProductVariant/57986453832064,gid://shopify/InventoryItem/56145495032192,9918995205906,DRY: NURGLING GREEN (6-PACK),,GB,verified_uk,
gid://shopify/Product/15724755091840,gid://shopify/ProductVariant/57986454225280,gid://shopify/InventoryItem/56145495228800,9918995206006,DRY: GOLGFAG BROWN (6-PACK),,GB,verified_uk,
gid://shopify/Product/15724755288448,gid://shopify/ProductVariant/57986455863680,gid://shopify/InventoryItem/56145497063808,9918995206206,DRY: SYLVANETH BARK (6-PACK),,GB,verified_uk,
gid://shopify/Product/15724755419520,gid://shopify/ProductVariant/57986455961984,gid://shopify/InventoryItem/56145497162112,9918995206306,DRY: DAWNSTONE (6-PACK),,GB,verified_uk,
gid://shopify/Product/15724755616128,gid://shopify/ProductVariant/57986456453504,gid://shopify/InventoryItem/56145497653632,9918995305506,SHADE: CARROBURG CRIMSON (18ML) (6 PACK),,GB,verified_uk,
gid://shopify/Product/15724755779968,gid://shopify/ProductVariant/57986456584576,gid://shopify/InventoryItem/56145497784704,9918995304806,SHADE: NULN OIL (18ML) (6-PACK),,GB,verified_uk,
gid://shopify/Product/15724755911040,gid://shopify/ProductVariant/57986457010560,gid://shopify/InventoryItem/56145498210688,9918995305006,SHADE: AGRAX EARTHSHADE (18ML) (6 PACK),,GB,verified_uk,
gid://shopify/Product/15724756074880,gid://shopify/ProductVariant/57986457141632,gid://shopify/InventoryItem/56145498341760,9918995305706,SHADE: DRUCHII VIOLET (18ML) (6 PACK),,GB,verified_uk,
gid://shopify/Product/15724756205952,gid://shopify/ProductVariant/57986457305472,gid://shopify/InventoryItem/56145498505600,9918995305306,SHADE: DRAKENHOF NIGHTSHADE (18ML) 6 PK,,GB,verified_uk,
gid://shopify/Product/15724756337024,gid://shopify/ProductVariant/57986457698688,gid://shopify/InventoryItem/56145498898816,9918995305606,SHADE: CASANDORA YELLOW (18ML) (6 PACK),,GB,verified_uk,
gid://shopify/Product/15724756468096,gid://shopify/ProductVariant/57986457862528,gid://shopify/InventoryItem/56145499062656,9918995305106,SHADE: BIEL-TAN GREEN (18ML) (6 PACK),,GB,verified_uk,
gid://shopify/Product/15724756664704,gid://shopify/ProductVariant/57986458550656,gid://shopify/InventoryItem/56145499750784,9918995305906,SHADE: FUEGAN ORANGE (18ML) (6 PACK),,GB,verified_uk,
gid://shopify/Product/15724756894080,gid://shopify/ProductVariant/57986458780032,gid://shopify/InventoryItem/56145499980160,9918995305206,SHADE: ATHONIAN CAMOSHADE (18ML) (6 PCK),,GB,verified_uk,
gid://shopify/Product/15724757057920,gid://shopify/ProductVariant/57986459238784,gid://shopify/InventoryItem/56145500438912,9918995305806,SHADE: COELIA GREENSHADE (18ML) (6 PACK),,GB,verified_uk,
gid://shopify/Product/15724757254528,gid://shopify/ProductVariant/57986459697536,gid://shopify/InventoryItem/56145500897664,9918995305406,SHADE: SERAPHIM SEPIA (18ML) (6 PACK),,GB,verified_uk,
gid://shopify/Product/15724757483904,gid://shopify/ProductVariant/57986459926912,gid://shopify/InventoryItem/56145501127040,9918995304906,SHADE: REIKLAND FLESHSHADE (18ML) (6 PK),,GB,verified_uk,
gid://shopify/Product/15724757680512,gid://shopify/ProductVariant/57986460352896,gid://shopify/InventoryItem/56145501553024,9918995304106,SHADE: KROAK GREEN (18ML) (6 PACK),,GB,verified_uk,
gid://shopify/Product/15724757942656,gid://shopify/ProductVariant/57986460647808,gid://shopify/InventoryItem/56145501847936,9918995304206,SHADE: POXWALKER (18ML) (6 PACK),,GB,verified_uk,
gid://shopify/Product/15724758040960,gid://shopify/ProductVariant/57986461041024,gid://shopify/InventoryItem/56145502241152,9918995304306,SHADE: TARGOR RAGESHADE (18ML) (6 PACK),,GB,verified_uk,
gid://shopify/Product/15724758237568,gid://shopify/ProductVariant/57986461532544,gid://shopify/InventoryItem/56145502732672,9918995304406,SHADE: MORTARION GRIME (18ML) (6 PACK),,GB,verified_uk,
gid://shopify/Product/15724758565248,gid://shopify/ProductVariant/57986462286208,gid://shopify/InventoryItem/56145503486336,9918995304506,SHADE: TYRAN BLUE (18ML) (6 PACK),,GB,verified_uk,
gid://shopify/Product/15724758761856,gid://shopify/ProductVariant/57986463170944,gid://shopify/InventoryItem/56145504371072,9918995304606,SHADE: BERSERKER BLOODSHADE (18ML) (6PK),,GB,verified_uk,
gid://shopify/Product/15724758991232,gid://shopify/ProductVariant/57986463728000,gid://shopify/InventoryItem/56145504928128,9918995304706,SHADE: SOULBLIGHT GREY (18ML) (6 pack),,GB,verified_uk,
gid://shopify/Product/15724759220608,gid://shopify/ProductVariant/57986463957376,gid://shopify/InventoryItem/56145505157504,9918995607906,TECHNICAL: LAHMIAN MEDIUM (24ML) (6PK),,GB,verified_uk,
gid://shopify/Product/15724759417216,gid://shopify/ProductVariant/57986464448896,gid://shopify/InventoryItem/56145505649024,9918995608006,TECHNICAL: 'ARDCOAT (24ML) (6-PACK),,GB,verified_uk,
gid://shopify/Product/15724759613824,gid://shopify/ProductVariant/57986464940416,gid://shopify/InventoryItem/56145506140544,9918995606006,T: BLOOD FOR THE BLOOD GOD (12ML) 6-PACK,,GB,verified_uk,
gid://shopify/Product/15724759810432,gid://shopify/ProductVariant/57986465137024,gid://shopify/InventoryItem/56145506337152,9918995606106,NIHILAKH OXIDE 12ML (6-PACK),,GB,verified_uk,
gid://shopify/Product/15724760007040,gid://shopify/ProductVariant/57986465464704,gid://shopify/InventoryItem/56145506664832,9918995606206,NURGLES ROT 12ML (6-PACK),,GB,verified_uk,
gid://shopify/Product/15724760236416,gid://shopify/ProductVariant/57986465694080,gid://shopify/InventoryItem/56145506894208,9918995606306,TYPHUS CORROSION (6-PACK),,GB,verified_uk,
gid://shopify/Product/15724760400256,gid://shopify/ProductVariant/57986466152832,gid://shopify/InventoryItem/56145507352960,9918995606406,TECHNICAL: SPIRITSTONE RED (12ML) 6-PACK,,GB,verified_uk,
gid://shopify/Product/15724760629632,gid://shopify/ProductVariant/57986466611584,gid://shopify/InventoryItem/56145507811712,9918995606506,TECHNICAL: SOULSTONE BLUE (12ML) 6-PACK,,GB,verified_uk,
gid://shopify/Product/15724760826240,gid://shopify/ProductVariant/57986466840960,gid://shopify/InventoryItem/56145508041088,9918995606606,TECHNICAL: WAYSTONE GREEN (12ML) 6-PACK,,GB,verified_uk,
gid://shopify/Product/15724760990080,gid://shopify/ProductVariant/57986467299712,gid://shopify/InventoryItem/56145508467072,9918995606706,TECHNICAL: MORDANT EARTH (24ML) (6-PACK),,GB,verified_uk,
gid://shopify/Product/15724761153920,gid://shopify/ProductVariant/57986467660160,gid://shopify/InventoryItem/56145508860288,9918995606806,TECHNICAL: AGRELLAN EARTH (24ML) (6PK),,GB,verified_uk,
gid://shopify/Product/15724761317760,gid://shopify/ProductVariant/57986467824000,gid://shopify/InventoryItem/56145509024128,9918995606906,TECHNICAL: AGRELLAN BADLAND (24ML) (6PK),,GB,verified_uk,
gid://shopify/Product/15724761481600,gid://shopify/ProductVariant/57986468184448,gid://shopify/InventoryItem/56145509384576,9918995607006,TECHNICAL: MARTIAN IRONEARTH (24ML) 6PK,,GB,verified_uk,
gid://shopify/Product/15724761645440,gid://shopify/ProductVariant/57986468544896,gid://shopify/InventoryItem/56145509745024,9918995607106,TECHNICAL: MARTIAN IRONCRUST (24ML) 6PK,,GB,verified_uk,
gid://shopify/Product/15724761809280,gid://shopify/ProductVariant/57986468872576,gid://shopify/InventoryItem/56145509908864,9918995607206,TECHNICAL: STIRLAND MUD (24ML) (6-PACK),,GB,verified_uk,
gid://shopify/Product/15724762005888,gid://shopify/ProductVariant/57986469298560,gid://shopify/InventoryItem/56145510498688,9918995607406,TECHNICAL: ARMAGEDDON DUST (24ML) (6PK),,GB,verified_uk,
gid://shopify/Product/15724762202496,gid://shopify/ProductVariant/57986469495168,gid://shopify/InventoryItem/56145510695296,9918995607606,TECHNICAL: ASTROGRANITE (24ML) (6-PACK),,GB,verified_uk,
gid://shopify/Product/15724762399104,gid://shopify/ProductVariant/57986469921152,gid://shopify/InventoryItem/56145511121280,9918995607806,TECHNICAL: VALHALLAN BLIZZARD (24ML) 6PK,,GB,verified_uk,
gid://shopify/Product/15724762628480,gid://shopify/ProductVariant/57986470150528,gid://shopify/InventoryItem/56145511350656,9918995608106,TECHNICAL: CONTRAST MEDIUM (24ML) (6-PK),,GB,verified_uk,
gid://shopify/Product/15724762825088,gid://shopify/ProductVariant/57986470379904,gid://shopify/InventoryItem/56145511580032,9918995608206,TECHNICAL: STORMSHIELD (24ML) (6-PACK),,GB,verified_uk,
gid://shopify/Product/15724762956160,gid://shopify/ProductVariant/57986470740352,gid://shopify/InventoryItem/56145511940480,9918995608306,TECHNICAL: TESSERACT GLOW (18ML) 6-PACK,,GB,verified_uk,
gid://shopify/Product/15724763152768,gid://shopify/ProductVariant/57986470936960,gid://shopify/InventoryItem/56145512137088,9918995813106,AIR: AVERLAND SUNSET (24ML) (6-PACK),,GB,verified_uk,
gid://shopify/Product/15724763349376,gid://shopify/ProductVariant/57986471362944,gid://shopify/InventoryItem/56145512563072,9918995813206,AIR: MEPHISTON RED (24ML) (6-PACK),,GB,verified_uk,
gid://shopify/Product/15724763677056,gid://shopify/ProductVariant/57986471723392,gid://shopify/InventoryItem/56145512890752,9918995813306,AIR: KHORNE RED (24ML) (6-PACK),,GB,verified_uk,
gid://shopify/Product/15724763873664,gid://shopify/ProductVariant/57986472116608,gid://shopify/InventoryItem/56145513316736,9918995813406,AIR: KANTOR BLUE (24ML) (6-PACK),,GB,verified_uk,
gid://shopify/Product/15724764070272,gid://shopify/ProductVariant/57986472313216,gid://shopify/InventoryItem/56145513513344,9918995813506,AIR: MACRAGGE BLUE (24ML) (6-PACK),,GB,verified_uk,
gid://shopify/Product/15724764332416,gid://shopify/ProductVariant/57986472739200,gid://shopify/InventoryItem/56145513939328,9918995813706,AIR: CALIBAN GREEN (24ML) (6-PACK),,GB,verified_uk,
gid://shopify/Product/15724764594560,gid://shopify/ProductVariant/57986473197952,gid://shopify/InventoryItem/56145514398080,9918995813806,AIR: CASTELLAN GREEN (24ML) (6-PACK),,GB,verified_uk,
gid://shopify/Product/15724764889472,gid://shopify/ProductVariant/57986473460096,gid://shopify/InventoryItem/56145514660224,9918995813906,AIR: DEATHWORLD FOREST (24ML) (6-PACK),,GB,verified_uk,
gid://shopify/Product/15724765249920,gid://shopify/ProductVariant/57986474279296,gid://shopify/InventoryItem/56145515315584,9918995814006,AIR: ZANDRI DUST (24ML) (6-PACK),,GB,verified_uk,
gid://shopify/Product/15724765512064,gid://shopify/ProductVariant/57986474738048,gid://shopify/InventoryItem/56145515938176,9918995814106,AIR: MOURNFANG BROWN (24ML) (6-PACK),,GB,verified_uk,
gid://shopify/Product/15724765774208,gid://shopify/ProductVariant/57986474967424,gid://shopify/InventoryItem/56145516167552,9918995814406,AIR: MECH STANDARD GREY (24ML) (6-PACK),,GB,verified_uk,
gid://shopify/Product/15724766003584,gid://shopify/ProductVariant/57986475426176,gid://shopify/InventoryItem/56145516626304,9918995814506,AIR: ABADDON BLACK (24ML) (6-PACK),,GB,verified_uk,
gid://shopify/Product/15724766134656,gid://shopify/ProductVariant/57986475622784,gid://shopify/InventoryItem/56145516822912,9918995814606,AIR: LEADBELCHER (24ML) (6-PACK),,GB,verified_uk,
gid://shopify/Product/15724766331264,gid://shopify/ProductVariant/57986476081536,gid://shopify/InventoryItem/56145517281664,9918995814706,AIR: BALTHASAR GOLD 24ML (6-PACK),,GB,verified_uk,
gid://shopify/Product/15724766593408,gid://shopify/ProductVariant/57986476343680,gid://shopify/InventoryItem/56145517511040,9918995814906,AIR: THE FANG (24ML) (6-PACK),,GB,verified_uk,
gid://shopify/Product/15724766757248,gid://shopify/ProductVariant/57986476736896,gid://shopify/InventoryItem/56145517937024,9918995815006,AIR: FLASH GITZ YELLOW (24ML) (6-PACK),,GB,verified_uk,
gid://shopify/Product/15724766986624,gid://shopify/ProductVariant/57986477195648,gid://shopify/InventoryItem/56145518395776,9918995815106,AIR: TROLL SLAYER ORANGE (24ML) (6-PACK),,GB,verified_uk,
gid://shopify/Product/15724767281536,gid://shopify/ProductVariant/57986477425024,gid://shopify/InventoryItem/56145518625152,9918995815206,AIR: EVIL SUNZ SCARLET (24ML) (6-PACK),,GB,verified_uk,
gid://shopify/Product/15724767478144,gid://shopify/ProductVariant/57986477851008,gid://shopify/InventoryItem/56145519051136,9918995815506,AIR: LOTHERN BLUE (24ML) (6-PACK),,GB,verified_uk,
gid://shopify/Product/15724767707520,gid://shopify/ProductVariant/57986478080384,gid://shopify/InventoryItem/56145519280512,9918995815606,AIR: TEMPLE GUARD BLUE (24ML) (6-PACK),,GB,verified_uk,
gid://shopify/Product/15724767838592,gid://shopify/ProductVariant/57986478440832,gid://shopify/InventoryItem/56145519640960,9918995815806,AIR: MOOT GREEN (24ML) (6-PACK),,GB,verified_uk,
gid://shopify/Product/15724768100736,gid://shopify/ProductVariant/57986478702976,gid://shopify/InventoryItem/56145519903104,9918995816106,AIR: ELYSIAN GREEN (24ML) (6-PACK),,GB,verified_uk,
gid://shopify/Product/15724768199040,gid://shopify/ProductVariant/57986479096192,gid://shopify/InventoryItem/56145520296320,9918995816206,AIR: OGRYN CAMO (24ML) (6-PACK),,GB,verified_uk,
gid://shopify/Product/15724768395648,gid://shopify/ProductVariant/57986479292800,gid://shopify/InventoryItem/56145520492928,9918995816306,AIR: USHABTI BONE (24ML) (6-PACK),,GB,verified_uk,
gid://shopify/Product/15724768592256,gid://shopify/ProductVariant/57986479784320,gid://shopify/InventoryItem/56145520984448,9918995816406,AIR: CASTE THINNER (24ML) (6-PACK),,GB,verified_uk,
gid://shopify/Product/15724768788864,gid://shopify/ProductVariant/57986479980928,gid://shopify/InventoryItem/56145521181056,9918995816706,AIR: KISLEV FLESH (24ML) (6-PACK),,GB,verified_uk,
gid://shopify/Product/15724769018240,gid://shopify/ProductVariant/57986480210304,gid://shopify/InventoryItem/56145521410432,9918995817206,AIR: BANEBLADE BROWN (24ML) (6-PACK),,GB,verified_uk,
gid://shopify/Product/15724769214848,gid://shopify/ProductVariant/57986480701824,gid://shopify/InventoryItem/56145521901952,9918995817306,AIR: DAWNSTONE (24ML) (6-PACK),,GB,verified_uk,
gid://shopify/Product/15724769444224,gid://shopify/ProductVariant/57986481717632,gid://shopify/InventoryItem/56145522917760,9918995817406,AIR: ADMINISTRATUM GREY (24ML) (6-PACK),,GB,verified_uk,
gid://shopify/Product/15724769608064,gid://shopify/ProductVariant/57986482209152,gid://shopify/InventoryItem/56145523409280,9918995817506,AIR: ULTHUAN GREY (24ML) (6-PACK),,GB,verified_uk,
gid://shopify/Product/15724769771904,gid://shopify/ProductVariant/57986482667904,gid://shopify/InventoryItem/56145523868032,9918995817606,AIR: WHITE SCAR (24ML) (6-PACK),,GB,verified_uk,
gid://shopify/Product/15724769935744,gid://shopify/ProductVariant/57986482798976,gid://shopify/InventoryItem/56145523999104,9918995817806,AIR: RUNEFANG STEEL (24ML) (6-PACK),,GB,verified_uk,
gid://shopify/Product/15724770132352,gid://shopify/ProductVariant/57986483323264,gid://shopify/InventoryItem/56145524523392,9918995818006,AIR: RUSS GREY (24ML) (6-PACK),,GB,verified_uk,
gid://shopify/Product/15724770328960,gid://shopify/ProductVariant/57986483683712,gid://shopify/InventoryItem/56145524883840,9918995818106,AIR: FENRISIAN GREY (24ML) (6-PACK),,GB,verified_uk,
gid://shopify/Product/15724770558336,gid://shopify/ProductVariant/57986484208000,gid://shopify/InventoryItem/56145525408128,9918995818306,AIR: ANGRON RED CLEAR (24ML) (6-PACK),,GB,verified_uk,
gid://shopify/Product/15724770853248,gid://shopify/ProductVariant/57986484863360,gid://shopify/InventoryItem/56145525768576,9918995818406,AIR: CALTH BLUE CLEAR (24ML) (6-PACK),,GB,verified_uk,
gid://shopify/Product/15724771017088,gid://shopify/ProductVariant/57986484994432,gid://shopify/InventoryItem/56145526194560,9918995818606,AIR: EIDOLON PURPLE CLEAR (24ML)(6-PACK),,GB,verified_uk,
gid://shopify/Product/15724771213696,gid://shopify/ProductVariant/57986485485952,gid://shopify/InventoryItem/56145526686080,9918995818706,AIR: MORTARION GREEN (24ML) (6-PACK),,GB,verified_uk,
gid://shopify/Product/15724771344768,gid://shopify/ProductVariant/57986485649792,gid://shopify/InventoryItem/56145526849920,9918995818806,AIR: PHOENICIAN PURPLE (24ML) (6-PACK),,GB,verified_uk,
gid://shopify/Product/15724771606912,gid://shopify/ProductVariant/57986486206848,gid://shopify/InventoryItem/56145527406976,9918995819106,AIR: NIGHT LORDS BLUE (24ML) (6-PACK),,GB,verified_uk,
gid://shopify/Product/15724771770752,gid://shopify/ProductVariant/57986486403456,gid://shopify/InventoryItem/56145527570816,9918995819406,AIR: CORVUS BLACK (24ML) (6-PACK),,GB,verified_uk,
gid://shopify/Product/15724772000128,gid://shopify/ProductVariant/57986486927744,gid://shopify/InventoryItem/56145528127872,9918995819606,AIR: TYPHON ASH (24ML) (6-PACK),,GB,verified_uk,
gid://shopify/Product/15724772163968,gid://shopify/ProductVariant/57986487091584,gid://shopify/InventoryItem/56145528291712,9918995819806,AIR: PHALANX YELLOW (24ML) (6-PACK),,GB,verified_uk,
gid://shopify/Product/15724772360576,gid://shopify/ProductVariant/57986487583104,gid://shopify/InventoryItem/56145528783232,9918995820706,AIR: GREY KNIGHTS STEEL (24ML) (6-PACK),,GB,verified_uk,
gid://shopify/Product/15724772589952,gid://shopify/ProductVariant/57986487812480,gid://shopify/InventoryItem/56145528947072,9918995820806,AIR: THALLAX GOLD (24ML) (6-PACK),,GB,verified_uk,
gid://shopify/Product/15724772753792,gid://shopify/ProductVariant/57986488500608,gid://shopify/InventoryItem/56145529504128,9918996006106,CONTRAST: NIGHTHAUNT GLOOM (18ML) 6 PACK,,GB,verified_uk,
gid://shopify/Product/15724772917632,gid://shopify/ProductVariant/57986488664448,gid://shopify/InventoryItem/56145529831808,9918996006006,CONTRAST: HEXWRAITH FLAME (18ML) 6 PACK,,GB,verified_uk,
gid://shopify/Product/15724773114240,gid://shopify/ProductVariant/57986489155968,gid://shopify/InventoryItem/56145530356096,9918996009606,CONTRAST: IYANDEN YELLOW (18ML) (6-PACK),,GB,verified_uk,
gid://shopify/Product/15724773376384,gid://shopify/ProductVariant/57986492727680,gid://shopify/InventoryItem/56145533927808,9918996009706,CONTRAST: GRYPH-HOUND ORANGE (18ML) 6PK,,GB,verified_uk,
gid://shopify/Product/15724773540224,gid://shopify/ProductVariant/57986493219200,gid://shopify/InventoryItem/56145534419328,9918996009806,CONTRAST: BLOOD ANGELS RED (18ML) (6PK),,GB,verified_uk,
gid://shopify/Product/15724773802368,gid://shopify/ProductVariant/57986493776256,gid://shopify/InventoryItem/56145534681472,9918996009906,CONTRAST: FLESH TEARERS RED (18ML) (6PK),,GB,verified_uk,
gid://shopify/Product/15724774031744,gid://shopify/ProductVariant/57986494005632,gid://shopify/InventoryItem/56145535205760,9918996010006,CONTRAST: VOLUPUS PINK (18ML) (6-PACK),,GB,verified_uk,
gid://shopify/Product/15724774195584,gid://shopify/ProductVariant/57986494136704,gid://shopify/InventoryItem/56145535336832,9918996010106,CONTRAST: SHYISH PURPLE (18ML) (6-PACK),,GB,verified_uk,
gid://shopify/Product/15724774392192,gid://shopify/ProductVariant/57986494660992,gid://shopify/InventoryItem/56145535861120,9918996010206,CONTRAST: MAGOS PURPLE (18ML) (6-PACK),,GB,verified_uk,
gid://shopify/Product/15724774621568,gid://shopify/ProductVariant/57986495185280,gid://shopify/InventoryItem/56145536385408,9918996010306,CONTRAST: LEVIADON BLUE (18ML) (6-PACK),,GB,verified_uk,
gid://shopify/Product/15724774916480,gid://shopify/ProductVariant/57986495480192,gid://shopify/InventoryItem/56145536680320,9918996010406,CONTRAST: ULTRAMARINES BLUE (18ML) (6PK),,GB,verified_uk,
gid://shopify/Product/15724775113088,gid://shopify/ProductVariant/57986496135552,gid://shopify/InventoryItem/56145537335680,9918996010506,CONTRAST: AKHELIAN GREEN (18ML) (6-PACK),,GB,verified_uk,
gid://shopify/Product/15724775342464,gid://shopify/ProductVariant/57986496364928,gid://shopify/InventoryItem/56145537565056,9918996010606,CONTRAST: DARK ANGELS GREEN (18ML) (6PK),,GB,verified_uk,
gid://shopify/Product/15724775571840,gid://shopify/ProductVariant/57986496889216,gid://shopify/InventoryItem/56145538056576,9918996010706,CONTRAST: NAZDREG YELLOW (18ML) (6-PACK),,GB,verified_uk,
gid://shopify/Product/15724775833984,gid://shopify/ProductVariant/57986497151360,gid://shopify/InventoryItem/56145538351488,9918996010806,CONTRAST: ORK FLESH (18ML) (6-PACK),,GB,verified_uk,
gid://shopify/Product/15724776030592,gid://shopify/ProductVariant/57986497610112,gid://shopify/InventoryItem/56145538810240,9918996010906,CONTRAST: CREED CAMO (18ML) (6-PACK),,GB,verified_uk,
gid://shopify/Product/15724776259968,gid://shopify/ProductVariant/57986497872256,gid://shopify/InventoryItem/56145539072384,9918996011006,CONTRAST: MILITARUM GREEN (18ML) (6PK),,GB,verified_uk,
gid://shopify/Product/15724776456576,gid://shopify/ProductVariant/57986498331008,gid://shopify/InventoryItem/56145539531136,9918996011106,CONTRAST: AGGAROS DUNES (18ML) (6-PACK),,GB,verified_uk,
gid://shopify/Product/15724776685952,gid://shopify/ProductVariant/57986498560384,gid://shopify/InventoryItem/56145539760512,9918996011206,CONTRAST: SKELETON HORDE (18ML) (6-PACK),,GB,verified_uk,
gid://shopify/Product/15724776882560,gid://shopify/ProductVariant/57986499084672,gid://shopify/InventoryItem/56145540284800,9918996011306,CONTRAST: SNAKEBITE LEATHER (18ML) (6PK),,GB,verified_uk,
gid://shopify/Product/15724777144704,gid://shopify/ProductVariant/57986499346816,gid://shopify/InventoryItem/56145540546944,9918996011406,CONTRAST: GORE-GRUNTA FUR (18ML) (6PK),,GB,verified_uk,
gid://shopify/Product/15724777374080,gid://shopify/ProductVariant/57986499838336,gid://shopify/InventoryItem/56145541005696,9918996011506,CONTRAST: CYGOR BROWN (18ML) (6-PACK),,GB,verified_uk,
gid://shopify/Product/15724777636224,gid://shopify/ProductVariant/57986500395392,gid://shopify/InventoryItem/56145541562752,9918996011606,CONTRAST: WYLDWOOD (18ML) (6-PACK),,GB,verified_uk,
gid://shopify/Product/15724777800064,gid://shopify/ProductVariant/57986500592000,gid://shopify/InventoryItem/56145541792128,9918996011706,CONTRAST: FYRESLAYER FLESH (18ML) (6PK),,GB,verified_uk,
gid://shopify/Product/15724778029440,gid://shopify/ProductVariant/57986501116288,gid://shopify/InventoryItem/56145542316416,9918996011806,CONTRAST: GUILLIMAN FLESH (18ML) (6PK),,GB,verified_uk,
gid://shopify/Product/15724778258816,gid://shopify/ProductVariant/57986501312896,gid://shopify/InventoryItem/56145542513024,9918996011906,CONTRAST: DARKOATH FLESH (18ML) (6-PACK),,GB,verified_uk,
gid://shopify/Product/15724778455424,gid://shopify/ProductVariant/57986501804416,gid://shopify/InventoryItem/56145543004544,9918996012006,CONTRAST: APOTHECARY WHITE (18ML) (6PK),,GB,verified_uk,
gid://shopify/Product/15724778652032,gid://shopify/ProductVariant/57986502001024,gid://shopify/InventoryItem/56145543233920,9918996012106,CONTRAST: GRYPH-CHARGER GREY (18ML) 6PK,,GB,verified_uk,
gid://shopify/Product/15724778815872,gid://shopify/ProductVariant/57986502230400,gid://shopify/InventoryItem/56145543430528,9918996012206,CONTRAST: SPACE WOLVES GREY (18ML) (6PK),,GB,verified_uk,
gid://shopify/Product/15724779045248,gid://shopify/ProductVariant/57986502459776,gid://shopify/InventoryItem/56145543659904,9918996012306,CONTRAST: BASILICANUM GREY (18ML) (6PK),,GB,verified_uk,
gid://shopify/Product/15724779209088,gid://shopify/ProductVariant/57986502918528,gid://shopify/InventoryItem/56145544118656,9918996012406,CONTRAST: BLACK TEMPLAR (18ML) (6-PACK),,GB,verified_uk,
gid://shopify/Product/15724779405696,gid://shopify/ProductVariant/57986503115136,gid://shopify/InventoryItem/56145544315264,9918996012506,CONTRAST: TALASSAR BLUE (18ML) (6-PACK),,GB,verified_uk,
gid://shopify/Product/15724779635072,gid://shopify/ProductVariant/57986503606656,gid://shopify/InventoryItem/56145544806784,9918996012606,CONTRAST: WARP LIGHTNING (18ML) (6-PACK),,GB,verified_uk,
gid://shopify/Product/15724779798912,gid://shopify/ProductVariant/57986504884608,gid://shopify/InventoryItem/56145545986432,9918996012706,CONTRAST: AETHERMATIC BLUE (18ML) (6PK),,GB,verified_uk,
gid://shopify/Product/15724780061056,gid://shopify/ProductVariant/57986505146752,gid://shopify/InventoryItem/56145546346880,9918996012806,CONTRAST: PLAGUEBEARER FLESH (18ML) 6PK,,GB,verified_uk,
gid://shopify/Product/15724780290432,gid://shopify/ProductVariant/57986505671040,gid://shopify/InventoryItem/56145546871168,9918996012906,CONTRAST: TERRADON TURQUOISE (18ML) 6PK,,GB,verified_uk,
gid://shopify/Product/15724780552576,gid://shopify/ProductVariant/57986505965952,gid://shopify/InventoryItem/56145547166080,9918996003506,CONTRAST: GARAGHAK'S SEWER (18ML) (6 PK),,GB,verified_uk,
gid://shopify/Product/15724780847488,gid://shopify/ProductVariant/57986506326400,gid://shopify/InventoryItem/56145547559296,9918996003606,CONTRAST: BLACK LEGION (18ML) (6 PACK),,GB,verified_uk,
gid://shopify/Product/15724781044096,gid://shopify/ProductVariant/57986506850688,gid://shopify/InventoryItem/56145547755904,9918996003706,CONTRAST: RATLING GRIME (18ML) (6 PACK),,GB,verified_uk,
gid://shopify/Product/15724781339008,gid://shopify/ProductVariant/57986507112832,gid://shopify/InventoryItem/56145548280192,9918996003806,CONTRAST: MANTIS WARRIORS GRN (18ML) 6PK,,GB,verified_uk,
gid://shopify/Product/15724781568384,gid://shopify/ProductVariant/57986507669888,gid://shopify/InventoryItem/56145548870016,9918996003906,CONTRAST: AELDARI EMERALD (18ML) (6 PCK),,GB,verified_uk,
gid://shopify/Product/15724781863296,gid://shopify/ProductVariant/57986508030336,gid://shopify/InventoryItem/56145549230464,9918996004006,CONTRAST: GUTRIPPA FLESH (18ML) (6 PACK),,GB,verified_uk,
gid://shopify/Product/15724782092672,gid://shopify/ProductVariant/57986508587392,gid://shopify/InventoryItem/56145549754752,9918996004106,CONTRAST: KARANDRAS GREEN (18ML) (6PACK),,GB,verified_uk,
gid://shopify/Product/15724782322048,gid://shopify/ProductVariant/57986508816768,gid://shopify/InventoryItem/56145550016896,9918996004206,CONTRAST: S/SCORPION GREEN (18ML) (6 PK),,GB,verified_uk,
gid://shopify/Product/15724782551424,gid://shopify/ProductVariant/57986509341056,gid://shopify/InventoryItem/56145550541184,9918996004306,CONTRAST: IRONJAWZ YELLOW (18ML) (6PK),,GB,verified_uk,
gid://shopify/Product/15724782846336,gid://shopify/ProductVariant/57986509537664,gid://shopify/InventoryItem/56145550705024,9918996004406,CONTRAST: BAD MOON YELLOW (18ML) (6PK),,GB,verified_uk,
gid://shopify/Product/15724782944640,gid://shopify/ProductVariant/57986510029184,gid://shopify/InventoryItem/56145551229312,9918996004506,CONTRAST: IMPERIAL FIST (18ML) (6 PACK),,GB,verified_uk,
gid://shopify/Product/15724783239552,gid://shopify/ProductVariant/57986510324096,gid://shopify/InventoryItem/56145551524224,9918996004606,CONTRAST: KROXIGOR SCALES (18ML) 6 PACK,,GB,verified_uk,
gid://shopify/Product/15724783468928,gid://shopify/ProductVariant/57986510848384,gid://shopify/InventoryItem/56145552048512,9918996004706,CONTRAST: BRIAR QUEEN CHILL (18ML) 6 PCK,,GB,verified_uk,
gid://shopify/Product/15724783632768,gid://shopify/ProductVariant/57986511012224,gid://shopify/InventoryItem/56145552212352,9918996004806,CONTRAST: FROSTHEART (18ML) (6 PACK),,GB,verified_uk,
gid://shopify/Product/15724783862144,gid://shopify/ProductVariant/57986511536512,gid://shopify/InventoryItem/56145552736640,9918996004906,CONTRAST: PYLAR GLACIER (18ML) (6 PACK),,GB,verified_uk,
gid://shopify/Product/15724784157056,gid://shopify/ProductVariant/57986511896960,gid://shopify/InventoryItem/56145553097088,9918996005006,CONTRAST: ASURMEN BLUE (18ML) (6 PACK),,GB,verified_uk,
gid://shopify/Product/15724784386432,gid://shopify/ProductVariant/57986512388480,gid://shopify/InventoryItem/56145553555840,9918996005106,CONTRAST: CELESTIUM BLUE (18ML) (6 PACK),,GB,verified_uk,
gid://shopify/Product/15724784583040,gid://shopify/ProductVariant/57986512617856,gid://shopify/InventoryItem/56145553817984,9918996005206,CONTRAST: STORMFIEND (18ML) (6 PACK),,GB,verified_uk,
gid://shopify/Product/15724784779648,gid://shopify/ProductVariant/57986513109376,gid://shopify/InventoryItem/56145554309504,9918996005306,CONTRAST: LEVIATHAN PURPLE (18ML) (6PK),,GB,verified_uk,
gid://shopify/Product/15724784976256,gid://shopify/ProductVariant/57986513371520,gid://shopify/InventoryItem/56145554571648,9918996005406,CONTRAST: LUXION PURPLE (18ML) (6 PACK),,GB,verified_uk,
gid://shopify/Product/15724785140096,gid://shopify/ProductVariant/57986513830272,gid://shopify/InventoryItem/56145555030400,9918996005506,CONTRAST: SIGVALD BURGUNDY (18ML) 6 PACK,,GB,verified_uk,
gid://shopify/Product/15724785303936,gid://shopify/ProductVariant/57986514026880,gid://shopify/InventoryItem/56145555227008,9918996005606,CONTRAST: DREADFUL VISAGE (18ML) 6 PACK,,GB,verified_uk,
gid://shopify/Product/15724785533312,gid://shopify/ProductVariant/57986514583936,gid://shopify/InventoryItem/56145555751296,9918996005706,CONTRAST: DOOMFIRE MAGENTA (18ML) 6 PACK,,GB,verified_uk,
gid://shopify/Product/15724785762688,gid://shopify/ProductVariant/57986514813312,gid://shopify/InventoryItem/56145556013440,9918996005806,CONTRAST: BAAL RED (18ML) (6 PACK),,GB,verified_uk,
gid://shopify/Product/15724785992064,gid://shopify/ProductVariant/57986515370368,gid://shopify/InventoryItem/56145556570496,9918996005906,CONTRAST: MAGMADROTH FLAME (18ML) 6 PACK,,GB,verified_uk,
gid://shopify/Product/15724786155904,gid://shopify/ProductVariant/57986515829120,gid://shopify/InventoryItem/56145557029248,99121462013,URUK-HAI WARRIORS,,GB,verified_uk,
gid://shopify/Product/15724786418048,gid://shopify/ProductVariant/57986516058496,gid://shopify/InventoryItem/56145557291392,99121462015,LOTR: MORDOR ORCS,,GB,verified_uk,
gid://shopify/Product/15724786647424,gid://shopify/ProductVariant/57986516877696,gid://shopify/InventoryItem/56145558077824,99121462016,MORANNON ORCS,,GB,verified_uk,
gid://shopify/Product/15724786811264,gid://shopify/ProductVariant/57986517074304,gid://shopify/InventoryItem/56145558274432,99121462017,THE LORD OF THE RINGS: WARG RIDERS,,GB,verified_uk,
gid://shopify/Product/15724787007872,gid://shopify/ProductVariant/57986517565824,gid://shopify/InventoryItem/56145558765952,99121462027,M-E SBG: ISENGARD BATTLEHOST,,GB,verified_uk,
gid://shopify/Product/15724787237248,gid://shopify/ProductVariant/57986518090112,gid://shopify/InventoryItem/56145559290240,99121462025,MIDDLE-EARTH SBG: BOLG SPAWN OF AZOG,,GB,verified_uk,
gid://shopify/Product/15724787401088,gid://shopify/ProductVariant/57986518286720,gid://shopify/InventoryItem/56145559486848,99121463015,M-E SBG: ELROND MASTER OF RIVENDELL,,GB,verified_uk,
gid://shopify/Product/15724787597696,gid://shopify/ProductVariant/57986518712704,gid://shopify/InventoryItem/56145559912832,99121464041,M-E SBG: HELM HAMMERHAND KING OF ROHAN,,GB,verified_uk,
gid://shopify/Product/15724787794304,gid://shopify/ProductVariant/57986518942080,gid://shopify/InventoryItem/56145560109440,99121464015,LOTR: KNIGHTS OF MINAS TIRITH,,GB,verified_uk,
gid://shopify/Product/15724788023680,gid://shopify/ProductVariant/57986519499136,gid://shopify/InventoryItem/56145560699264,99121464016,WARRIORS OF MINAS TIRITH,,GB,verified_uk,
gid://shopify/Product/15724788220288,gid://shopify/ProductVariant/57986519662976,gid://shopify/InventoryItem/56145560863104,99121464018,EASTERLING WARRIORS,,GB,verified_uk,
gid://shopify/Product/15724788351360,gid://shopify/ProductVariant/57986520088960,gid://shopify/InventoryItem/56145561289088,99121464029,SARUMAN THE WHITE & GRIMA,,GB,verified_uk,
gid://shopify/Product/15724788515200,gid://shopify/ProductVariant/57986520285568,gid://shopify/InventoryItem/56145561485696,99121464030,EOMER MARSHAL OF THE RIDDERMARK,,GB,verified_uk,
gid://shopify/Product/15724788744576,gid://shopify/ProductVariant/57986520744320,gid://shopify/InventoryItem/56145561944448,99121464032,M-E SBG: MINAS TIRITH BATTLEHOST,,GB,verified_uk,
gid://shopify/Product/15724788875648,gid://shopify/ProductVariant/57986520940928,gid://shopify/InventoryItem/56145562141056,99121464035,MIDDLE-EARTH SBG: HILL TRIBESMEN,,GB,verified_uk,
gid://shopify/Product/15724789105024,gid://shopify/ProductVariant/57986521432448,gid://shopify/InventoryItem/56145562632576,99121464036,MIDDLE-EARTH SBG: WARRIORS OF ROHAN,,GB,verified_uk,
gid://shopify/Product/15724789268864,gid://shopify/ProductVariant/57986521629056,gid://shopify/InventoryItem/56145562829184,99121464038,M-E SBG: HALETH & HAMA PRINCES OF ROHAN,,GB,verified_uk,
gid://shopify/Product/15724789465472,gid://shopify/ProductVariant/57986521825664,gid://shopify/InventoryItem/56145563025792,99121464034,M-E SBG: PRINCE IMRAHIL OF DOL AMROTH,,GB,verified_uk,
gid://shopify/Product/15724789629312,gid://shopify/ProductVariant/57986522284416,gid://shopify/InventoryItem/56145563484544,99121464040,MIDDLE-EARTH SBG: HERA DAUGHTER OF HELM,,GB,verified_uk,
gid://shopify/Product/15724789858688,gid://shopify/ProductVariant/57986522775936,gid://shopify/InventoryItem/56145563976064,99121464039,M-E SBG: FREALAF HILDESON & OLWYN & LIEF,,GB,verified_uk,
gid://shopify/Product/15724790022528,gid://shopify/ProductVariant/57986522972544,gid://shopify/InventoryItem/56145564172672,9920999909006,CHAOS BLACK SPRAY PAINT (UK/ROW) (6-PK),,GB,verified_uk,
gid://shopify/Product/15724790219136,gid://shopify/ProductVariant/57986523464064,gid://shopify/InventoryItem/56145564664192,9920999909406,MEPHISTON RED SPRAY (UK/ROW) (6-PK),,GB,verified_uk,
gid://shopify/Product/15724790448512,gid://shopify/ProductVariant/57986523922816,gid://shopify/InventoryItem/56145565122944,9920999909506,MACRAGGE BLUE SPRAY (UK/ROW) (6-PK),,GB,verified_uk,
gid://shopify/Product/15724790645120,gid://shopify/ProductVariant/57986524381568,gid://shopify/InventoryItem/56145565581696,9920999909606,ZANDRI DUST SPRAY (UK/ROW) (6-PK),,GB,verified_uk,
gid://shopify/Product/15724790841728,gid://shopify/ProductVariant/57986524610944,gid://shopify/InventoryItem/56145565811072,9920999909706,LEADBELCHER SPRAY (UK/ROW) (6-PK),,GB,verified_uk,
gid://shopify/Product/15724791103872,gid://shopify/ProductVariant/57986525168000,gid://shopify/InventoryItem/56145566368128,9920999910006,RETRIBUTOR ARMOUR SPRAY (UK/ROW) (6-PK),,GB,verified_uk,
gid://shopify/Product/15724791333248,gid://shopify/ProductVariant/57986525397376,gid://shopify/InventoryItem/56145566597504,9920999909806,MECH.STANDARD GREY SPRAY (UK/ROW) (6-PK),,GB,verified_uk,
gid://shopify/Product/15724791497088,gid://shopify/ProductVariant/57986525888896,gid://shopify/InventoryItem/56145567089024,9920999909906,DEATH GUARD GREEN SPRAY (UK/ROW) (6-PK),,GB,verified_uk,
gid://shopify/Product/15724791693696,gid://shopify/ProductVariant/57986526085504,gid://shopify/InventoryItem/56145567285632,9920999909106,WRAITHBONE SPRAY PAINT (UK/ROW) (6-PACK),,GB,verified_uk,
gid://shopify/Product/15724791824768,gid://shopify/ProductVariant/57986527297920,gid://shopify/InventoryItem/56145568498048,9920999909206,GREY SEER SPRAY PAINT (UK/ROW) (6-PACK),,GB,verified_uk,
gid://shopify/Product/15724792054144,gid://shopify/ProductVariant/57986527527296,gid://shopify/InventoryItem/56145568694656,9920999910206,WHITE SCAR SPRAY PAINT (6-PACK) (ROW),,GB,verified_uk,
gid://shopify/Product/15724792185216,gid://shopify/ProductVariant/57986527691136,gid://shopify/InventoryItem/56145568891264,99121466008,LOTR: MORDOR TROLL / ISENGARD TROLL,,GB,verified_uk,
gid://shopify/Product/15724792414592,gid://shopify/ProductVariant/57986527920512,gid://shopify/InventoryItem/56145569120640,99121466009,LOTR: WAR MUMAK OF HARAD,,GB,verified_uk,
gid://shopify/Product/15724792545664,gid://shopify/ProductVariant/57986528346496,gid://shopify/InventoryItem/56145569546624,99121466010,THE BALROG,,GB,verified_uk,
gid://shopify/Product/15724792775040,gid://shopify/ProductVariant/57986528543104,gid://shopify/InventoryItem/56145569743232,99121466012,LORD OF THE RINGS: WINGED NAZGUL,,GB,verified_uk,
gid://shopify/Product/15724792938880,gid://shopify/ProductVariant/57986528772480,gid://shopify/InventoryItem/56145569972608,99121466014,KING OF THE DEAD & HERALDS,,GB,verified_uk,
gid://shopify/Product/15724793102720,gid://shopify/ProductVariant/57986528936320,gid://shopify/InventoryItem/56145570136448,99121466015,M-E SBG: THE WITCH-KING OF ANGMAR,,GB,verified_uk,
gid://shopify/Product/15724793299328,gid://shopify/ProductVariant/57986529165696,gid://shopify/InventoryItem/56145570365824,99199999054,CITADEL X-SMALL ARTIFICER LAYER BRUSH,,GB,verified_uk,
gid://shopify/Product/15724793495936,gid://shopify/ProductVariant/57986529395072,gid://shopify/InventoryItem/56145570595200,99199999060,CITADEL SMALL ARTIFICER LAYER BRUSH,,GB,verified_uk,
gid://shopify/Product/15724793692544,gid://shopify/ProductVariant/57986529886592,gid://shopify/InventoryItem/56145571086720,99199999061,CITADEL MEDIUM ARTIFICER LAYER BRUSH,,GB,verified_uk,
gid://shopify/Product/15724793889152,gid://shopify/ProductVariant/57986530083200,gid://shopify/InventoryItem/56145571250560,9919999906803,SYNTHETIC BASE BRUSH (SMALL) (X3),,GB,verified_uk,
gid://shopify/Product/15724794151296,gid://shopify/ProductVariant/57986530607488,gid://shopify/InventoryItem/56145571807616,9919999907303,SYNTHETIC BASE BRUSH (MEDIUM) (X3),,GB,verified_uk,
gid://shopify/Product/15724794282368,gid://shopify/ProductVariant/57986530738560,gid://shopify/InventoryItem/56145571938688,9919999907403,SYNTHETIC BASE BRUSH (LARGE) (X3),,GB,verified_uk,
gid://shopify/Product/15724794544512,gid://shopify/ProductVariant/57986531295616,gid://shopify/InventoryItem/56145572495744,9919999907503,SYNTHETIC BASE BRUSH (X-LARGE) (X3),,GB,verified_uk,
gid://shopify/Product/15724794708352,gid://shopify/ProductVariant/57986531459456,gid://shopify/InventoryItem/56145572659584,9919999904303,CITADEL SMALL BASE BRUSH (3-PACK),,GB,verified_uk,
gid://shopify/Product/15724794872192,gid://shopify/ProductVariant/57986531918208,gid://shopify/InventoryItem/56145573118336,9919999906606,SYNTHETIC LAYER BRUSH (SMALL) (X6),,GB,verified_uk,
gid://shopify/Product/15724795134336,gid://shopify/ProductVariant/57986532442496,gid://shopify/InventoryItem/56145573642624,9919999906706,SYNTHETIC LAYER BRUSH (MEDIUM) (X6),,GB,verified_uk,
gid://shopify/Product/15724795330944,gid://shopify/ProductVariant/57986532704640,gid://shopify/InventoryItem/56145573904768,9919999905206,CITADEL SMALL LAYER BRUSH (6-PACK),,GB,verified_uk,
gid://shopify/Product/15724795494784,gid://shopify/ProductVariant/57986533163392,gid://shopify/InventoryItem/56145574363520,9919999905306,CITADEL MEDIUM LAYER BRUSH (6-PACK),,GB,verified_uk,
gid://shopify/Product/15724795658624,gid://shopify/ProductVariant/57986533327232,gid://shopify/InventoryItem/56145574527360,9919999906903,SYNTHETIC SHADE BRUSH (MEDIUM) (X3),,GB,verified_uk,
gid://shopify/Product/15724795822464,gid://shopify/ProductVariant/57986533818752,gid://shopify/InventoryItem/56145575018880,9919999907003,SYNTHETIC SHADE BRUSH (LARGE) (X3),,GB,verified_uk,
gid://shopify/Product/15724795986304,gid://shopify/ProductVariant/57986533982592,gid://shopify/InventoryItem/56145575182720,9919999904703,CITADEL MEDIUM SHADE BRUSH (3-PACK),,GB,verified_uk,
gid://shopify/Product/15724796182912,gid://shopify/ProductVariant/57986534441344,gid://shopify/InventoryItem/56145575641472,9919999904803,CITADEL LARGE SHADE BRUSH (3-PACK),,GB,verified_uk,
gid://shopify/Product/15724796346752,gid://shopify/ProductVariant/57986534637952,gid://shopify/InventoryItem/56145575838080,9919999907903,SYNTHETIC GLAZE BRUSH (X3),,GB,verified_uk,
gid://shopify/Product/15724796477824,gid://shopify/ProductVariant/57986535063936,gid://shopify/InventoryItem/56145576264064,9919999907603,SYNTHETIC DRYBRUSH (SMALL) (X3),,GB,verified_uk,
gid://shopify/Product/15724796608896,gid://shopify/ProductVariant/57986535195008,gid://shopify/InventoryItem/56145576395136,9919999907803,SYNTHETIC DRYBRUSH (LARGE) (X3),,GB,verified_uk,
gid://shopify/Product/15724796739968,gid://shopify/ProductVariant/57986535620992,gid://shopify/InventoryItem/56145576821120,9919999904903,CITADEL SMALL DRYBRUSH (3-PACK),,GB,verified_uk,
gid://shopify/Product/15724796871040,gid://shopify/ProductVariant/57986535752064,gid://shopify/InventoryItem/56145576952192,9919999905003,CITADEL MEDIUM DRYBRUSH (3-PACK),,GB,verified_uk,
gid://shopify/Product/15724797034880,gid://shopify/ProductVariant/57986537357696,gid://shopify/InventoryItem/56145578230144,9919999905103,CITADEL LARGE DRYBRUSH (3-PACK),,GB,verified_uk,
gid://shopify/Product/15724797165952,gid://shopify/ProductVariant/57986537488768,gid://shopify/InventoryItem/56145578688896,9919999905803,CITADEL MEDIUM TEXTURE SPREADER (3-PACK),,GB,verified_uk,
gid://shopify/Product/15724797329792,gid://shopify/ProductVariant/57986537947520,gid://shopify/InventoryItem/56145578852736,99239999121,CITADEL COLOUR SUB-ASSEMBLY HOLDER,,GB,verified_uk,
gid://shopify/Product/15724797460864,gid://shopify/ProductVariant/57986538078592,gid://shopify/InventoryItem/56145579278720,99239999117,CITADEL TOOLS: KNIFE,,GB,verified_uk,
gid://shopify/Product/15724797624704,gid://shopify/ProductVariant/57986538242432,gid://shopify/InventoryItem/56145579442560,99239999122,SUPER FINE DETAIL CUTTERS,,GB,verified_uk,
gid://shopify/Product/15724797755776,gid://shopify/ProductVariant/57986538701184,gid://shopify/InventoryItem/56145579901312,99239999123,CITADEL TOOLS: DRILL,,GB,verified_uk,
gid://shopify/Product/15724797952384,gid://shopify/ProductVariant/57986538865024,gid://shopify/InventoryItem/56145580065152,99239999116,CITADEL TOOLS: MOULDLINE REMOVER,,GB,verified_uk,
gid://shopify/Product/15724798050688,gid://shopify/ProductVariant/57986539028864,gid://shopify/InventoryItem/56145580228992,99239999066,CITADEL FILE SET,,GB,verified_uk,
gid://shopify/Product/15724798214528,gid://shopify/ProductVariant/57986539192704,gid://shopify/InventoryItem/56145580392832,99129999012,CITADEL SKULLS,,GB,verified_uk,
gid://shopify/Product/15724798411136,gid://shopify/ProductVariant/57986539684224,gid://shopify/InventoryItem/56145580884352,99229999177,CITADEL COLOUR TUFTS: VERDIA VELDT,,GB,verified_uk,
gid://shopify/Product/15724798509440,gid://shopify/ProductVariant/57986539782528,gid://shopify/InventoryItem/56145580982656,99079999004,CITADEL MIXED BASE PACK 1,,GB,verified_uk,
gid://shopify/Product/15724798673280,gid://shopify/ProductVariant/57986540208512,gid://shopify/InventoryItem/56145581408640,99079999005,CITADEL MIXED BASE PACK 2,,GB,verified_uk,
gid://shopify/Product/15724798771584,gid://shopify/ProductVariant/57986540339584,gid://shopify/InventoryItem/56145581539712,9923999903503,GW TAPE MEASURE (PACK OF 3),,GB,verified_uk,
gid://shopify/Product/15724798935424,gid://shopify/ProductVariant/57986540831104,gid://shopify/InventoryItem/56145582031232,99239999124,STORMVAULT SKIRMISH CASE,,GB,verified_uk,
gid://shopify/Product/15724799099264,gid://shopify/ProductVariant/57986540994944,gid://shopify/InventoryItem/56145582195072,99239999129,WARHAMMER BATTLE CASE,,GB,verified_uk,
gid://shopify/Product/15724799263104,gid://shopify/ProductVariant/57986541355392,gid://shopify/InventoryItem/56145582555520,99239999130,WARHAMMER CRUSADE CASE,,GB,verified_uk,
gid://shopify/Product/15724799492480,gid://shopify/ProductVariant/57986541519232,gid://shopify/InventoryItem/56145582719360,99239999126,STORMVAULT COMBAT CASE,,GB,verified_uk,
gid://shopify/Product/15724799623552,gid://shopify/ProductVariant/57986542207360,gid://shopify/InventoryItem/56145583145344,99122616001,L/IMPERIALIS: MECHANICUM INFANTRY,,GB,verified_uk,
gid://shopify/Product/15724799787392,gid://shopify/ProductVariant/57986542371200,gid://shopify/InventoryItem/56145583309184,99122616008,L/I: MECHANICUM KARACNOS ASSAULT TANK SQ,,GB,verified_uk,
gid://shopify/Product/15724799951232,gid://shopify/ProductVariant/57986542862720,gid://shopify/InventoryItem/56145583800704,99122616009,L/IMPERIALIS: MECHANICUM KRIOS SQUADRON,,GB,verified_uk,
gid://shopify/Product/15724800082304,gid://shopify/ProductVariant/57986542993792,gid://shopify/InventoryItem/56145583931776,99123016008,MECHANICUM: URSARAX COHORT,,GB,verified_uk,
gid://shopify/Product/15724800246144,gid://shopify/ProductVariant/57986543485312,gid://shopify/InventoryItem/56145584456064,99123016018,MECHANICUM THANATAR CALIX SIEGE AUTOMATA,,GB,verified_uk,
gid://shopify/Product/15724800344448,gid://shopify/ProductVariant/57986543583616,gid://shopify/InventoryItem/56145584521600,99123016014,MECHANICUM: KARACNOS ASSAULT TANK,,GB,verified_uk,
gid://shopify/Product/15724800508288,gid://shopify/ProductVariant/57986544042368,gid://shopify/InventoryItem/56145584980352,99123016009,MECHANICUM: KRIOS BATTLE TANK,,GB,verified_uk,
gid://shopify/Product/15724800672128,gid://shopify/ProductVariant/57986544206208,gid://shopify/InventoryItem/56145585406336,60033016001,HORUS HERESY: LIBER MECHANICUM (ENGLISH),,GB,verified_uk,
gid://shopify/Product/15724800868736,gid://shopify/ProductVariant/57986544599424,gid://shopify/InventoryItem/56145585799552,99123016015,HORUS HERESY: MECHANICUM COMBAT FORCE,,GB,verified_uk,
gid://shopify/Product/15724800934272,gid://shopify/ProductVariant/57986544697728,gid://shopify/InventoryItem/56145585897856,99123016003,MECH: CASTELLAX BATTLE-AUTOMATA MANIPLE,,GB,verified_uk,
gid://shopify/Product/15724801163648,gid://shopify/ProductVariant/57986544927104,gid://shopify/InventoryItem/56145586127232,99123016005,MECHANICUM: TECH-THRALLS COVENANT,,GB,verified_uk,
gid://shopify/Product/15724801294720,gid://shopify/ProductVariant/57986545353088,gid://shopify/InventoryItem/56145586553216,99123016007,MECHANICUM:THANATAR CAVAS SIEGE-AUTOMATA,,GB,verified_uk,
gid://shopify/Product/15724801458560,gid://shopify/ProductVariant/57986545877376,gid://shopify/InventoryItem/56145587077504,99123016006,MECHANICUM: TRIAROS ARMOURED CONVEYOR,,GB,verified_uk,
gid://shopify/Product/15724801655168,gid://shopify/ProductVariant/57986546073984,gid://shopify/InventoryItem/56145587274112,99123016002,MECHANICUM: THALLAX COHORT,,GB,verified_uk,
gid://shopify/Product/15724801753472,gid://shopify/ProductVariant/57986546434432,gid://shopify/InventoryItem/56145587634560,99123016004,MECHANICUM: ARCHMAGOS PRIME,,GB,verified_uk,
gid://shopify/Product/15724801884544,gid://shopify/ProductVariant/57986546565504,gid://shopify/InventoryItem/56145587765632,99122601002,LEGION IMPERIALIS: PREDATOR SQUADRON,,GB,verified_uk,
gid://shopify/Product/15724802048384,gid://shopify/ProductVariant/57986546991488,gid://shopify/InventoryItem/56145588191616,99122601003,L/IMPERIALIS: KRATOS HEAVY TANK SQUADRON,,GB,verified_uk,
gid://shopify/Product/15724802179456,gid://shopify/ProductVariant/57986547122560,gid://shopify/InventoryItem/56145588322688,99122601004,L/IMPERIALIS: LEGIONES ASTARTES INFANTRY,,GB,verified_uk,
gid://shopify/Product/15724802441600,gid://shopify/ProductVariant/57986547843456,gid://shopify/InventoryItem/56145588814208,99122601005,L/IMPERIALIS: LEGIONES ASTARTES SUPPORT,,GB,verified_uk,
gid://shopify/Product/15724802638208,gid://shopify/ProductVariant/57986548040064,gid://shopify/InventoryItem/56145589240192,99122601006,LEGIONS IMPERIALIS: LEGION DROP PODS,,GB,verified_uk,
gid://shopify/Product/15724802834816,gid://shopify/ProductVariant/57986548531584,gid://shopify/InventoryItem/56145589731712,99122601008,L/IMPERIALIS: RHINO TRANSPORT DETACHMENT,,GB,verified_uk,
gid://shopify/Product/15724802965888,gid://shopify/ProductVariant/57986549973376,gid://shopify/InventoryItem/56145591173504,99122601028,L/I: L/A: SATURNINE HEAVY ASSAULT CADRE,,GB,verified_uk,
gid://shopify/Product/15724803129728,gid://shopify/ProductVariant/57986550104448,gid://shopify/InventoryItem/56145591304576,99122601009,L/IMPERIALIS: STORM EAGLE SQUADRON,,GB,verified_uk,
gid://shopify/Product/15724803260800,gid://shopify/ProductVariant/57986550235520,gid://shopify/InventoryItem/56145591435648,99122601010,L/I: XIPHON INTERCEPTOR SQUADRON,,GB,verified_uk,
gid://shopify/Product/15724803391872,gid://shopify/ProductVariant/57986550661504,gid://shopify/InventoryItem/56145591861632,99122601011,L/I: FIRE RAPTOR GUNSHIP SQUADRON,,GB,verified_uk,
gid://shopify/Product/15724803555712,gid://shopify/ProductVariant/57986550825344,gid://shopify/InventoryItem/56145592025472,99122601012,L/I:LEGIONS ASTARTES THUNDERHAWK GUNSHIP,,GB,verified_uk,
gid://shopify/Product/15724803686784,gid://shopify/ProductVariant/57986551218560,gid://shopify/InventoryItem/56145592418688,99122601013,LEGIONS IMPERIALIS: LEGION FAST ATTACK,,GB,verified_uk,
gid://shopify/Product/15724803850624,gid://shopify/ProductVariant/57986551644544,gid://shopify/InventoryItem/56145592582528,99122601014,LEGIONS IMPERIALIS SPARTAN ASSAULT TANKS,,GB,verified_uk,
gid://shopify/Product/15724803948928,gid://shopify/ProductVariant/57986551742848,gid://shopify/InventoryItem/56145592942976,99122601017,L/I: LAND RAIDER PROTEUS SQUADRON,,GB,verified_uk,
gid://shopify/Product/15724804145536,gid://shopify/ProductVariant/57986552168832,gid://shopify/InventoryItem/56145593368960,99122601016,L/IMPERIALIS: SABRE STRIKE TANK SQUADRON,,GB,verified_uk,
gid://shopify/Product/15724804276608,gid://shopify/ProductVariant/57986552299904,gid://shopify/InventoryItem/56145593500032,99122601015,L/I: SICARAN ARCUS/PUNISHER SQUADRON,,GB,verified_uk,
gid://shopify/Product/15724804407680,gid://shopify/ProductVariant/57986552725888,gid://shopify/InventoryItem/56145593663872,99122601029,L/I: VINDICATOR SIEGE TANK SQUADRON,,GB,verified_uk,
gid://shopify/Product/15724804538752,gid://shopify/ProductVariant/57986552856960,gid://shopify/InventoryItem/56145594057088,99122601030,L/I: TYPHON HEAVY SIEGE TANK SQUADRON,,GB,verified_uk,
gid://shopify/Product/15724804702592,gid://shopify/ProductVariant/57986553348480,gid://shopify/InventoryItem/56145594548608,99122601025,L/I: MASTODON SUPER-HEAVY ASSLT TRNSPRTS,,GB,verified_uk,
gid://shopify/Product/15724804833664,gid://shopify/ProductVariant/57986553774464,gid://shopify/InventoryItem/56145594974592,99122601031,L/I: CERBERUS HEAVY TANK DESTROYER SQDRN,,GB,verified_uk,
gid://shopify/Product/15724805030272,gid://shopify/ProductVariant/57986554233216,gid://shopify/InventoryItem/56145595138432,99122601019,L/I: WHIRLWIND/SCORPIUS MISSILE TANK SQD,,GB,verified_uk,
gid://shopify/Product/15724805128576,gid://shopify/ProductVariant/57986554593664,gid://shopify/InventoryItem/56145595793792,99122601026,L/I: FELLBLADE/GLAIVE SUPER-HEAVY TANKS,,GB,verified_uk,
gid://shopify/Product/15724805292416,gid://shopify/ProductVariant/57986554757504,gid://shopify/InventoryItem/56145595957632,99122601024,L/I: FALCHION/ASCALON SUPER-HEAVY TANKS,,GB,verified_uk,
gid://shopify/Product/15724805489024,gid://shopify/ProductVariant/57986555707776,gid://shopify/InventoryItem/56145596907904,99123001001,LEGIONES ASTARTES: DEIMOS PATTERN RHINO,,GB,verified_uk,
gid://shopify/Product/15724805652864,gid://shopify/ProductVariant/57986555937152,gid://shopify/InventoryItem/56145597104512,99123001009,L/AST: MISSILE LAUNCHERS & HEAVY BOLTERS,,GB,verified_uk,
gid://shopify/Product/15724805718400,gid://shopify/ProductVariant/57986556264832,gid://shopify/InventoryItem/56145597464960,99123001013,L/ASTARTES: SPECIAL WEAPONS UPGRADE SET,,GB,verified_uk,
gid://shopify/Product/15724805849472,gid://shopify/ProductVariant/57986556690816,gid://shopify/InventoryItem/56145597890944,99123001022,L/ASTARTES: TERMINATOR TARTAROS SQUAD,,GB,verified_uk,
gid://shopify/Product/15724805947776,gid://shopify/ProductVariant/57986556789120,gid://shopify/InventoryItem/56145597989248,99123001023,L/ASTARTES: PRAETOR & CHAPLAIN CONSUL,,GB,verified_uk,
gid://shopify/Product/15724806046080,gid://shopify/ProductVariant/57986556887424,gid://shopify/InventoryItem/56145598087552,99123001044,HORUS HERESY: RAPIER LASER DESTROYER,,GB,verified_uk,
gid://shopify/Product/15724806177152,gid://shopify/ProductVariant/57986557313408,gid://shopify/InventoryItem/56145598513536,99123001057,L/ASTARTES: RAPIER QUAD HEAVY BOLTERS,,GB,verified_uk,
gid://shopify/Product/15724806373760,gid://shopify/ProductVariant/57986557510016,gid://shopify/InventoryItem/56145598710144,99123001063,HORUS HERESY: TARANTULA MISSILE BATTERY,,GB,verified_uk,
gid://shopify/Product/15724806472064,gid://shopify/ProductVariant/57986557903232,gid://shopify/InventoryItem/56145599103360,99123001064,HORUS HERESY: TARANTULA SENTRY GUNS,,GB,verified_uk,
gid://shopify/Product/15724806668672,gid://shopify/ProductVariant/57986558067072,gid://shopify/InventoryItem/56145599267200,99123001028,L/ASTARTES: PRAETOR WITH POWER AXE,,GB,verified_uk,
gid://shopify/Product/15724806832512,gid://shopify/ProductVariant/57986558525824,gid://shopify/InventoryItem/56145599725952,60043099016,JOURNAL TACTICA: ISSTVAN V: PART 1,,GB,verified_uk,
gid://shopify/Product/15724806963584,gid://shopify/ProductVariant/57986558656896,gid://shopify/InventoryItem/56145599857024,99123001010,L/ASTARTES: MULTI-MELTAS+PLASMA CANNONS,,GB,verified_uk,
gid://shopify/Product/15724807094656,gid://shopify/ProductVariant/57986559050112,gid://shopify/InventoryItem/56145600250240,99123001058,LEGIONES ASTARTES: MKII TACTICAL SQUAD,,GB,verified_uk,
gid://shopify/Product/15724807258496,gid://shopify/ProductVariant/57986559181184,gid://shopify/InventoryItem/56145600381312,99123001059,LEGIONES ASTARTES: SATURNINE TERMINATORS,,GB,verified_uk,
gid://shopify/Product/15724807324032,gid://shopify/ProductVariant/57986559705472,gid://shopify/InventoryItem/56145600741760,99123001061,LEGIONES ASTARTES: SATURNINE PRAETOR,,GB,verified_uk,
gid://shopify/Product/15724807487872,gid://shopify/ProductVariant/57986559869312,gid://shopify/InventoryItem/56145601069440,99123001062,LEGIONES ASTARTES CENTURION W/POWER MAUL,,GB,verified_uk,
gid://shopify/Product/15724807618944,gid://shopify/ProductVariant/57986560360832,gid://shopify/InventoryItem/56145601560960,99123001011,L/ASTARTES: VOLKITE CULVERINS+LASCANNONS,,GB,verified_uk,
gid://shopify/Product/15724807717248,gid://shopify/ProductVariant/57986560459136,gid://shopify/InventoryItem/56145601659264,99123001066,L/ASTARTES: SATURNINE DREADNOUGHT OPHION,,GB,verified_uk,
gid://shopify/Product/15724807881088,gid://shopify/ProductVariant/57986560885120,gid://shopify/InventoryItem/56145601823104,99123001070,LEGIONES ASTARTES: MKII ASSAULT SQUAD,,GB,verified_uk,
gid://shopify/Product/15724807979392,gid://shopify/ProductVariant/57986560983424,gid://shopify/InventoryItem/56145602183552,99123001012,LEGIONES ASTARTES: PREDATOR BATTLE TANK,,GB,verified_uk,
gid://shopify/Product/15724808110464,gid://shopify/ProductVariant/57986561114496,gid://shopify/InventoryItem/56145602314624,99123001071,L/A: FELLBLADE SUPER-HEAVY BATTLE TANK,,GB,verified_uk,
gid://shopify/Product/15724808339840,gid://shopify/ProductVariant/57986561507712,gid://shopify/InventoryItem/56145602707840,99123001026,L/ASTARTES: TYPHON HEAVY SIEGE TANK,,GB,verified_uk,
gid://shopify/Product/15724808601984,gid://shopify/ProductVariant/57986561638784,gid://shopify/InventoryItem/56145602838912,99123001002,L/ASTARTES: KRATOS HEAVY ASSAULT TANK,,GB,verified_uk,
gid://shopify/Product/15724808798592,gid://shopify/ProductVariant/57986562064768,gid://shopify/InventoryItem/56145603264896,99123001003,LEGIONES ASTARTES: MKVI TACTICAL SQUAD,,GB,verified_uk,
gid://shopify/Product/15724808995200,gid://shopify/ProductVariant/57986562195840,gid://shopify/InventoryItem/56145603395968,99123001004,L/ASTARTES: PRAETOR WITH POWER SWORD,,GB,verified_uk,
gid://shopify/Product/15724809191808,gid://shopify/ProductVariant/57986562654592,gid://shopify/InventoryItem/56145603854720,99123001007,LEGIONES ASTARTES:CONTEMPTOR DREADNOUGHT,,GB,verified_uk,
gid://shopify/Product/15724809453952,gid://shopify/ProductVariant/57986562851200,gid://shopify/InventoryItem/56145604051328,99123001005,LEGIONES ASTARTES: SICARAN BATTLE TANK,,GB,verified_uk,
gid://shopify/Product/15724809617792,gid://shopify/ProductVariant/57986563015040,gid://shopify/InventoryItem/56145604215168,99123001008,LEVIATHAN DREADNOUGHT + RANGED WEAPONS,,GB,verified_uk,
gid://shopify/Product/15724809781632,gid://shopify/ProductVariant/57986563473792,gid://shopify/InventoryItem/56145604673920,99123001031,LEVIATHAN DREADNOUGHT WITH CLAWS/DRILLS,,GB,verified_uk,
gid://shopify/Product/15724809978240,gid://shopify/ProductVariant/57986563572096,gid://shopify/InventoryItem/56145604772224,99123001014,LEGIONES ASTARTES: LAND RAIDER PROTEUS,,GB,verified_uk,
gid://shopify/Product/15724810076544,gid://shopify/ProductVariant/57986563965312,gid://shopify/InventoryItem/56145605165440,99123001015,HORUS HERESY SKY-HUNTER SQUADRON,,GB,verified_uk,
gid://shopify/Product/15724810338688,gid://shopify/ProductVariant/57986564129152,gid://shopify/InventoryItem/56145605329280,99123001006,LEGIONES ASTARTES: SPARTAN ASSAULT TANK,,GB,verified_uk,
gid://shopify/Product/15724810436992,gid://shopify/ProductVariant/57986564522368,gid://shopify/InventoryItem/56145605722496,99123001036,DEREDEO DREADNOUGHT ANVILUS CONFIGURATN,,GB,verified_uk,
gid://shopify/Product/15724810568064,gid://shopify/ProductVariant/57986564653440,gid://shopify/InventoryItem/56145605853568,99123001018,HORUS HERESY: PREDATOR SUPPORT TANK,,GB,verified_uk,
gid://shopify/Product/15724810731904,gid://shopify/ProductVariant/57986565079424,gid://shopify/InventoryItem/56145606279552,99123001017,HORUS HERESY: SCORPIUS MISSILE TANK,,GB,verified_uk,
gid://shopify/Product/15724810895744,gid://shopify/ProductVariant/57986565243264,gid://shopify/InventoryItem/56145606443392,99123001030,LEGIONES ASTARTES: VINDICATOR SIEGE TANK,,GB,verified_uk,
gid://shopify/Product/15724810961280,gid://shopify/ProductVariant/57986565538176,gid://shopify/InventoryItem/56145606738304,99123001027,LEGIONES ASTARTES: CERBERUS HEAVY TANK,,GB,verified_uk,
gid://shopify/Product/15724811190656,gid://shopify/ProductVariant/57986565734784,gid://shopify/InventoryItem/56145606934912,99123001016,LEGIONES ASTARTES: SICARAN VENATOR,,GB,verified_uk,
gid://shopify/Product/15724811288960,gid://shopify/ProductVariant/57986566193536,gid://shopify/InventoryItem/56145607393664,99123001037,HORUS HERESY L/A: MKIII TACTICAL SQUAD,,GB,verified_uk,
gid://shopify/Product/15724811452800,gid://shopify/ProductVariant/57986566324608,gid://shopify/InventoryItem/56145607524736,99123001041,HORUS HERESY: MKVI ASSAULT MARINES,,GB,verified_uk,
gid://shopify/Product/15724811747712,gid://shopify/ProductVariant/57986566521216,gid://shopify/InventoryItem/56145607721344,99123001045,LEGIONES ASTARTES: MKVI COMMAND SQUAD,,GB,verified_uk,
gid://shopify/Product/15724811846016,gid://shopify/ProductVariant/57986566947200,gid://shopify/InventoryItem/56145608147328,99123001046,LEGIONES ASTARTES: MKIII COMMAND SQUAD,,GB,verified_uk,
gid://shopify/Product/15724812042624,gid://shopify/ProductVariant/57986569470336,gid://shopify/InventoryItem/56145608343936,99123001049,DEREDEO DREADNOUGHT BOREAS CONFIGURATION,,GB,verified_uk,
gid://shopify/Product/15724812206464,gid://shopify/ProductVariant/57986569929088,gid://shopify/InventoryItem/56145611129216,99123001042,HH:LEGION ASTARTES MELEE WEAPONS UPGRADE,,GB,verified_uk,
gid://shopify/Product/15724812403072,gid://shopify/ProductVariant/57986570256768,gid://shopify/InventoryItem/56145611456896,9922999919106,WARHAMMER WATER POT (6-PACK),,GB,verified_uk,
gid://shopify/Product/15724812534144,gid://shopify/ProductVariant/57986570715520,gid://shopify/InventoryItem/56145611915648,9923999911206,CITADEL PAINTING HANDLE (MK2) (6-PACK),,GB,verified_uk,
gid://shopify/Product/15724812697984,gid://shopify/ProductVariant/57986570879360,gid://shopify/InventoryItem/56145612079488,99239999119,CITADEL COLOUR PAINTING HANDLE XL,,GB,verified_uk,
gid://shopify/Product/15724812861824,gid://shopify/ProductVariant/57986571370880,gid://shopify/InventoryItem/56145612571008,99239999118,CITADEL COLOUR SPRAY STICK,,GB,verified_uk,
gid://shopify/Product/15724813025664,gid://shopify/ProductVariant/57986571534720,gid://shopify/InventoryItem/56145612734848,9923999912806,WARHAMMER SERVO-SKULL PALETTE (6-PACK),,GB,verified_uk,
gid://shopify/Product/15724813156736,gid://shopify/ProductVariant/57986571895168,gid://shopify/InventoryItem/56145613095296,99120709001,WH UNDERWORLDS: BORGIT'S BEASTGRABBAZ,,GB,verified_uk,
gid://shopify/Product/15724813287808,gid://shopify/ProductVariant/57986572026240,gid://shopify/InventoryItem/56145613226368,99120799013,WARHAMMER UNDERWORLDS: GITZ AND GOLIATHS,,GB,verified_uk,
gid://shopify/Product/15724813418880,gid://shopify/ProductVariant/57986572386688,gid://shopify/InventoryItem/56145613586816,99120209087,KRAGNOS THE END OF EMPIRES,,GB,verified_uk,
gid://shopify/Product/15724813582720,gid://shopify/ProductVariant/57986572550528,gid://shopify/InventoryItem/56145613750656,99120799011,WARHAMMER UNDERWORLDS: MORBID MINIONS,,GB,verified_uk,
gid://shopify/Product/15724813713792,gid://shopify/ProductVariant/57986572910976,gid://shopify/InventoryItem/56145614111104,99120207157,DEATHLORDS NAGASH SUPREME LORD OF UNDEAD,,GB,verified_uk,
gid://shopify/Product/15724813943168,gid://shopify/ProductVariant/57986573140352,gid://shopify/InventoryItem/56145614340480,99120799010,WARHAMMER UNDERWORLDS: SEEKERS IN SHADOW,,GB,verified_uk,
gid://shopify/Product/15724814139776,gid://shopify/ProductVariant/57986573599104,gid://shopify/InventoryItem/56145614799232,99120799012,WARHAMMER UNDERWORLDS: REAVERS OF RUIN,,GB,verified_uk,
gid://shopify/Product/15724814336384,gid://shopify/ProductVariant/57986573828480,gid://shopify/InventoryItem/56145615028608,60042799003,THE OLD WORLD: RAVENING HORDES (ENG),,GB,verified_uk,
gid://shopify/Product/15724814434688,gid://shopify/ProductVariant/57986574221696,gid://shopify/InventoryItem/56145615421824,60042799004,THE OLD WORLD: FORCES OF FANTASY (ENG),,GB,verified_uk,
gid://shopify/Product/15724814631296,gid://shopify/ProductVariant/57986574680448,gid://shopify/InventoryItem/56145615880576,99120101422,KILL TEAM: SCOUT SQUAD,,GB,verified_uk,
gid://shopify/Product/15724814827904,gid://shopify/ProductVariant/57986574909824,gid://shopify/InventoryItem/56145616109952,60050101024,KILL TEAM DATACARDS: SCOUT SQUAD (ENG),,GB,verified_uk,
gid://shopify/Product/15724814958976,gid://shopify/ProductVariant/57986575270272,gid://shopify/InventoryItem/56145616470400,60100181296,HORUS HERESY: FALSE GODS,,GB,verified_uk,
gid://shopify/Product/15724815188352,gid://shopify/ProductVariant/57986575729024,gid://shopify/InventoryItem/56145616929152,60100181297,HORUS HERESY: GALAXY IN FLAMES,,GB,verified_uk,
gid://shopify/Product/15724815286656,gid://shopify/ProductVariant/57986575827328,gid://shopify/InventoryItem/56145617027456,60100181290,HORUS HERESY: FULGRIM (PB),,GB,verified_uk,
gid://shopify/Product/15724815450496,gid://shopify/ProductVariant/57986575991168,gid://shopify/InventoryItem/56145617191296,60100181295,HORUS HERESY: HORUS RISING,,GB,verified_uk,
gid://shopify/Product/15724815581568,gid://shopify/ProductVariant/57986576351616,gid://shopify/InventoryItem/56145617551744,60100181470,HORUS HERESY: PRAETORIAN OF DORN (PB),,GB,verified_uk,
gid://shopify/Product/15724815745408,gid://shopify/ProductVariant/57986576482688,gid://shopify/InventoryItem/56145617682816,60100181133,HH: THE FIRST HERETIC (PB),,GB,verified_uk,
gid://shopify/Product/15724815876480,gid://shopify/ProductVariant/57986576843136,gid://shopify/InventoryItem/56145618043264,60100181599,HORUS HERESY: THE MASTER OF MANKIND,,GB,verified_uk,
gid://shopify/Product/15724816040320,gid://shopify/ProductVariant/57986577006976,gid://shopify/InventoryItem/56145618207104,60100281220,GOTREK & FELIX: THE FIRST OMNIBUS (PB),,GB,verified_uk,
gid://shopify/Product/15724816171392,gid://shopify/ProductVariant/57986577400192,gid://shopify/InventoryItem/56145618600320,60100181735,HORUS HERESY: SLAVES TO DARKNESS (PB),,GB,verified_uk,
gid://shopify/Product/15724816368000,gid://shopify/ProductVariant/57986577826176,gid://shopify/InventoryItem/56145619026304,60100181764,HORUS HERESY:S.O.T: THE SOLAR WAR (PB),,GB,verified_uk,
gid://shopify/Product/15724816499072,gid://shopify/ProductVariant/57986577990016,gid://shopify/InventoryItem/56145619190144,60100181771,HORUS HERESY:SOT:THE LOST AND THE DAMNED,,GB,verified_uk,
gid://shopify/Product/15724816695680,gid://shopify/ProductVariant/57986578121088,gid://shopify/InventoryItem/56145619321216,60100181779,HORUS HERESY: S.O.T: THE FIRST WALL,,GB,verified_uk,
gid://shopify/Product/15724816859520,gid://shopify/ProductVariant/57986578547072,gid://shopify/InventoryItem/56145619747200,60100281317,THE HOLLOW KING (PB),,GB,verified_uk,
gid://shopify/Product/15724817056128,gid://shopify/ProductVariant/57986578776448,gid://shopify/InventoryItem/56145619976576,60100281323,BAD LOON RISING (PB),,GB,verified_uk,
gid://shopify/Product/15724817252736,gid://shopify/ProductVariant/57986579202432,gid://shopify/InventoryItem/56145620402560,60100281046,WAR FOR THE MORTAL REALMS (PB OMNIBUS),,GB,verified_uk,
gid://shopify/Product/15724817416576,gid://shopify/ProductVariant/57986579366272,gid://shopify/InventoryItem/56145620566400,60100281061,LEGEND OF THE DOOMSEEKER (PB),,GB,verified_uk,
gid://shopify/Product/15724817547648,gid://shopify/ProductVariant/57986579759488,gid://shopify/InventoryItem/56145620959616,60100281077,BLACKTALON (PB),,GB,verified_uk,
gid://shopify/Product/15724817711488,gid://shopify/ProductVariant/57986579890560,gid://shopify/InventoryItem/56145621090688,60100181166,HORUS HERESY: KNOW NO FEAR (PB),,GB,verified_uk,
gid://shopify/Product/15724817777024,gid://shopify/ProductVariant/57986580251008,gid://shopify/InventoryItem/56145621451136,60100281087,AGE OF SIGMAR: SKAVENTIDE (PAPERBACK),,GB,verified_uk,
gid://shopify/Product/15724817940864,gid://shopify/ProductVariant/57986580382080,gid://shopify/InventoryItem/56145621582208,60040281087,GROMBRINDAL: ANCESTOR'S BURDEN (HB),,GB,verified_uk,
gid://shopify/Product/15724818039168,gid://shopify/ProductVariant/57986580742528,gid://shopify/InventoryItem/56145621942656,60100281123,THE DEAD KINGDOM (PB),,GB,verified_uk,
gid://shopify/Product/15724818203008,gid://shopify/ProductVariant/57986581070208,gid://shopify/InventoryItem/56145622270336,60100281133,CALLIS AND TOLL (PB),,GB,verified_uk,
gid://shopify/Product/15724818334080,gid://shopify/ProductVariant/57986581463424,gid://shopify/InventoryItem/56145622663552,60100281199,GOTREK & MALENETH: THE OMNIBUS (PB),,GB,verified_uk,
gid://shopify/Product/15724818530688,gid://shopify/ProductVariant/57986581922176,gid://shopify/InventoryItem/56145623122304,60100181510,THE TWICE-DEAD KING: THE OMNIBUS (PB),,GB,verified_uk,
gid://shopify/Product/15724818727296,gid://shopify/ProductVariant/57986582446464,gid://shopify/InventoryItem/56145623613824,60100281202,SOULBLIGHT GRAVELORDS: MASTERS OF DEATH,,GB,verified_uk,
gid://shopify/Product/15724818858368,gid://shopify/ProductVariant/57986582577536,gid://shopify/InventoryItem/56145623777664,60100281203,LIONESS OF THE PARCH (PAPERBACK),,GB,verified_uk,
gid://shopify/Product/15724819054976,gid://shopify/ProductVariant/57986583036288,gid://shopify/InventoryItem/56145624236416,60100281244,AGE OF SIGMAR: DARKOATH (PAPERBACK),,GB,verified_uk,
gid://shopify/Product/15724819218816,gid://shopify/ProductVariant/57986583200128,gid://shopify/InventoryItem/56145624400256,60100281247,GROMBRINDAL: ANCESTOR'S BURDEN (PB),,GB,verified_uk,
gid://shopify/Product/15724819448192,gid://shopify/ProductVariant/57986583691648,gid://shopify/InventoryItem/56145624891776,60100281328,ON THE SHOULDERS OF GIANTS+STORIES (PB),,GB,verified_uk,
gid://shopify/Product/15724819612032,gid://shopify/ProductVariant/57986584117632,gid://shopify/InventoryItem/56145625022848,60100281329,ANVILS OF THE HELDENHAMMER: THE ANCIENTS,,GB,verified_uk,
gid://shopify/Product/15724819775872,gid://shopify/ProductVariant/57986584248704,gid://shopify/InventoryItem/56145625448832,60102781005,THE OLD WORLD: THE RISE OF NAGASH (PB),,GB,verified_uk,
gid://shopify/Product/15724819939712,gid://shopify/ProductVariant/57986584412544,gid://shopify/InventoryItem/56145625612672,60040181416,ASHES OF THE IMPERIUM: THE SCOURING HB,,GB,verified_uk,
gid://shopify/Product/15724820103552,gid://shopify/ProductVariant/57986584871296,gid://shopify/InventoryItem/56145626071424,60100281330,GOTREK GURNISSON: VERMINSLAYER (PB),,GB,verified_uk,
gid://shopify/Product/15724820267392,gid://shopify/ProductVariant/57986585035136,gid://shopify/InventoryItem/56145626235264,60100181537,SOT: THE SHATTERED AND THE SOULLESS (PB),,GB,verified_uk,
gid://shopify/Product/15724820398464,gid://shopify/ProductVariant/57986585559424,gid://shopify/InventoryItem/56145626759552,9954999912320,WARHAMMER TOTE BAG (RPET) (20-PACK),,GB,verified_uk,
gid://shopify/Product/15724820562304,gid://shopify/ProductVariant/57986585723264,gid://shopify/InventoryItem/56145626923392,X002DWA1CD,Cat Bookshelf Puzzle,,GB,verified_uk,
gid://shopify/Product/15724820693376,gid://shopify/ProductVariant/57986586116480,gid://shopify/InventoryItem/56145627316608,X002A8QKZR,Cat Flower Puzzle,,GB,verified_uk,
gid://shopify/Product/15724820889984,gid://shopify/ProductVariant/57986586313088,gid://shopify/InventoryItem/56145627513216,DNL0113,DEEP MINES: PRE-PAINTED,,GB,verified_uk,
gid://shopify/Product/15724821086592,gid://shopify/ProductVariant/57986586771840,gid://shopify/InventoryItem/56145627971968,DNL0099,FANTASY DUNGEON: PRE-PAINTED,,GB,verified_uk,
gid://shopify/Product/15724821217664,gid://shopify/ProductVariant/57986586870144,gid://shopify/InventoryItem/56145628070272,DNL0097,GIANT KRAKEN,,GB,verified_uk,
gid://shopify/Product/15724821348736,gid://shopify/ProductVariant/57986587296128,gid://shopify/InventoryItem/56145628496256,DNL0092,HALLS OF ANCESTORS: PRE-PAINTED,,GB,verified_uk,
gid://shopify/Product/15724821414272,gid://shopify/ProductVariant/57986587361664,gid://shopify/InventoryItem/56145628561792,MOTU0003,MotU Battleground Starter Set (EN),,GB,verified_uk,
gid://shopify/Product/15724821578112,gid://shopify/ProductVariant/57986587787648,gid://shopify/InventoryItem/56145628987776,DNL0043,NPC MINIATURE PACK,,GB,verified_uk,
gid://shopify/Product/15724821741952,gid://shopify/ProductVariant/57986588311936,gid://shopify/InventoryItem/56145629249920,DNL0036,TOWNSFOLK MINIATURE PACK,,GB,verified_uk,
gid://shopify/Product/15724821840256,gid://shopify/ProductVariant/57986588443008,gid://shopify/InventoryItem/56145629643136,558 CN3081,Catan 6th Edition (2025),,GB,verified_uk,
gid://shopify/Product/15724821971328,gid://shopify/ProductVariant/57986590212480,gid://shopify/InventoryItem/56145631412608,GTSUBY1033,Submarine (Yellow Handle),,GB,verified_uk,
gid://shopify/Product/15724822135168,gid://shopify/ProductVariant/57986590638464,gid://shopify/InventoryItem/56145631838592,978-1529032178,Attached - Book,,GB,verified_uk,
gid://shopify/Product/15724822266240,gid://shopify/ProductVariant/57986590769536,gid://shopify/InventoryItem/56145631969664,231 6072650,Dreamworks Dragons - Red Chompin Death Rampage,,GB,verified_uk,
gid://shopify/Product/15724822397312,gid://shopify/ProductVariant/57986591162752,gid://shopify/InventoryItem/56145632362880,681147061323,Dreamworks Dragons - Red Chompin Death Rampage,,GB,verified_uk,
gid://shopify/Product/15724822659456,gid://shopify/ProductVariant/57986592604544,gid://shopify/InventoryItem/56145633804672,279 T73118,Articulate for Kids Mini Game,,GB,verified_uk,
gid://shopify/Product/15724822790528,gid://shopify/ProductVariant/57986592702848,gid://shopify/InventoryItem/56145633902976,900 HYR98,Fisher Price Laugh & Learn & Serve Coffee,,GB,verified_uk,
gid://shopify/Product/15724823019904,gid://shopify/ProductVariant/57986593194368,gid://shopify/InventoryItem/56145634394496,978-0552178594,A Survival Guide for Life - Bear Grylls,,GB,verified_uk,
gid://shopify/Product/15724823085440,gid://shopify/ProductVariant/57986593292672,gid://shopify/InventoryItem/56145634492800,985 86892,Bitty POP: One Piece - Luffy 4 Pack,,GB,verified_uk,
gid://shopify/Product/15724823314816,gid://shopify/ProductVariant/57986593489280,gid://shopify/InventoryItem/56145634689408,985 85703,Bitty POP: Spiderman - Venom 4 Pack,,GB,verified_uk,
gid://shopify/Product/15724823445888,gid://shopify/ProductVariant/57986593915264,gid://shopify/InventoryItem/56145635115392,985 47709,Pop! Vinyl - Batman 1989 - Joker w/Hat w/Chase,,GB,verified_uk,
gid://shopify/Product/15724823576960,gid://shopify/ProductVariant/57986594079104,gid://shopify/InventoryItem/56145635279232,985 83877,Pop! Vinyl - Dragon Ball - Goku with Tail,,GB,verified_uk,
gid://shopify/Product/15724823675264,gid://shopify/ProductVariant/57986594636160,gid://shopify/InventoryItem/56145635836288,985 48600,Pop! Vinyl - Dragon Ball Z - Super Saiyan Goku,,GB,verified_uk,
gid://shopify/Product/15724823871872,gid://shopify/ProductVariant/57986595127680,gid://shopify/InventoryItem/56145636327808,985 5858,Pop! Vinyl - Harry Potter - Harry Potter,,GB,verified_uk,
gid://shopify/Product/15724824002944,gid://shopify/ProductVariant/57986595258752,gid://shopify/InventoryItem/56145636458880,985 5859,Pop! Vinyl - Harry Potter - Ron Weasley,,GB,verified_uk,
gid://shopify/Product/15724824199552,gid://shopify/ProductVariant/57986595455360,gid://shopify/InventoryItem/56145636655488,985 86430,Pop! Vinyl - LOTR - Frodo Baggins,,GB,verified_uk,
gid://shopify/Product/15724824363392,gid://shopify/ProductVariant/57986595848576,gid://shopify/InventoryItem/56145637081472,985 48740,Pop! Vinyl - Mandalorian - The Child,,GB,verified_uk,
gid://shopify/Product/15724824560000,gid://shopify/ProductVariant/57986596209024,gid://shopify/InventoryItem/56145637409152,985 82497,Pop! Vinyl - Marvel NC - Captain America,,GB,verified_uk,
gid://shopify/Product/15724824691072,gid://shopify/ProductVariant/57986596667776,gid://shopify/InventoryItem/56145637867904,985 82499,Pop! Vinyl - Marvel NC - Iron Man,,GB,verified_uk,
gid://shopify/Product/15724824887680,gid://shopify/ProductVariant/57986597159296,gid://shopify/InventoryItem/56145638359424,985 82500,Pop! Vinyl - Marvel NC - Spiderman,,GB,verified_uk,
gid://shopify/Product/15724825018752,gid://shopify/ProductVariant/57986597257600,gid://shopify/InventoryItem/56145638457728,985 83804,Pop! Vinyl - Naruto Shippuden - Naruto (chase),,GB,verified_uk,
gid://shopify/Product/15724825215360,gid://shopify/ProductVariant/57986597781888,gid://shopify/InventoryItem/56145638982016,985 5305,Pop! Vinyl - One Piece - Luffy,,GB,verified_uk,
gid://shopify/Product/15724825346432,gid://shopify/ProductVariant/57986597880192,gid://shopify/InventoryItem/56145639080320,985 54462,Pop! Vinyl - One Piece - Roronoa Zoro,,GB,verified_uk,
gid://shopify/Product/15724825477504,gid://shopify/ProductVariant/57986598306176,gid://shopify/InventoryItem/56145639506304,985 83797,Pop! Vinyl - Star Wars S9 - Luke Skywalker BS,,GB,verified_uk,
gid://shopify/Product/15724825641344,gid://shopify/ProductVariant/57986598470016,gid://shopify/InventoryItem/56145639670144,985 72135,Pop! Vinyl - Stranger Things S4 - Finale Eleven,,GB,verified_uk,
gid://shopify/Product/15724825870720,gid://shopify/ProductVariant/57986598961536,gid://shopify/InventoryItem/56145640128896,985 72137,Pop! Vinyl - Stranger Things Season 4 - Dustin with Shield,,GB,verified_uk,
gid://shopify/Product/15724825969024,gid://shopify/ProductVariant/57986599059840,gid://shopify/InventoryItem/56145640259968,985 59276,Pop! Vinyl - The Batman - Batman,,GB,verified_uk,
gid://shopify/Product/15724826165632,gid://shopify/ProductVariant/57986599485824,gid://shopify/InventoryItem/56145640685952,985 86681,Pop! Vinyl - Wednesday - Enid Sinclair,,GB,verified_uk,
gid://shopify/Product/15724826296704,gid://shopify/ProductVariant/57986599649664,gid://shopify/InventoryItem/56145640849792,985 67457,Pop! Vinyl - Wednesday Addams,,GB,verified_uk,
gid://shopify/Product/15724826493312,gid://shopify/ProductVariant/57986600108416,gid://shopify/InventoryItem/56145641308544,681147092822,Gabby's Dollhouse Movie - 2-Pack Cat Francisco,,GB,verified_uk,
gid://shopify/Product/15724826591616,gid://shopify/ProductVariant/57986600206720,gid://shopify/InventoryItem/56145641406848,681147088856,Gabby's Dollhouse Movie - 2-Pack Garden,,GB,verified_uk,
gid://shopify/Product/15724826755456,gid://shopify/ProductVariant/57986600599936,gid://shopify/InventoryItem/56145641800064,285 G0009,Monopoly Classic,,GB,verified_uk,
gid://shopify/Product/15724826886528,gid://shopify/ProductVariant/57986600763776,gid://shopify/InventoryItem/56145641963904,125 HKPP6409,Hello Kitty Project Book,,GB,verified_uk,
gid://shopify/Product/15724826984832,gid://shopify/ProductVariant/57986601386368,gid://shopify/InventoryItem/56145642586496,211 20805,Plastic Coated Playing Cards,,GB,verified_uk,
gid://shopify/Product/15724827214208,gid://shopify/ProductVariant/57986601615744,gid://shopify/InventoryItem/56145642815872,10000479,Rajas of the Ganges,,GB,verified_uk,
gid://shopify/Product/15724827476352,gid://shopify/ProductVariant/57986602107264,gid://shopify/InventoryItem/56145643307392,LED01000,Root,,GB,verified_uk,
gid://shopify/Product/15724827607424,gid://shopify/ProductVariant/57986602271104,gid://shopify/InventoryItem/56145643471232,978-1509801251,Julia Donaldson Story Collection,,GB,verified_uk,
gid://shopify/Product/15724827771264,gid://shopify/ProductVariant/57986604794240,gid://shopify/InventoryItem/56145645994368,MGHA117,HA Halo Flashpoint Master Chief,,GB,verified_uk,
gid://shopify/Product/15724827935104,gid://shopify/ProductVariant/57986604958080,gid://shopify/InventoryItem/56145646158208,MGTC115,TC Abandoned Mine,,GB,verified_uk,
gid://shopify/Product/15724828098944,gid://shopify/ProductVariant/57986605449600,gid://shopify/InventoryItem/56145646354816,MGTC103,TC Dungeon Essentials,,GB,verified_uk,
gid://shopify/Product/15724828230016,gid://shopify/ProductVariant/57986605580672,gid://shopify/InventoryItem/56145646780800,MATTJBP96,Masters of the Universe Masterverse Vintage Collection Action Figure Stratos 18 cm,,GB,verified_uk,
gid://shopify/Product/15724828426624,gid://shopify/ProductVariant/57986605777280,gid://shopify/InventoryItem/56145646977408,900 HLN49,Jurassic World Danger Pack,,GB,verified_uk,
gid://shopify/Product/15724828590464,gid://shopify/ProductVariant/57986606236032,gid://shopify/InventoryItem/56145647436160,900 JKM92,Jurassic World Hammond Collection Dryosaurus,,GB,verified_uk,
gid://shopify/Product/15724828656000,gid://shopify/ProductVariant/57986606629248,gid://shopify/InventoryItem/56145647501696,900 JKM91,Jurassic World Hammond Collection Ornitholestes,,GB,verified_uk,
gid://shopify/Product/15724828787072,gid://shopify/ProductVariant/57986606760320,gid://shopify/InventoryItem/56145647960448,42003,UNO Card Game,,GB,verified_uk,
gid://shopify/Product/15724828983680,gid://shopify/ProductVariant/57986607251840,gid://shopify/InventoryItem/56145648419200,192995408753,Nintendo 2.5in Spin Out Mario Kart Assortment,,GB,verified_uk,
gid://shopify/Product/15724829114752,gid://shopify/ProductVariant/57986607415680,gid://shopify/InventoryItem/56145648583040,SAKA10381,One Piece Plush Figure Op Op Devilfruit Trafalgar D. Law 15 cm,,GB,verified_uk,
gid://shopify/Product/15724829278592,gid://shopify/ProductVariant/57986607907200,gid://shopify/InventoryItem/56145649107328,978-1473217447,Burning Chrome - William Gibson,,GB,verified_uk,
gid://shopify/Product/15724829475200,gid://shopify/ProductVariant/57986608103808,gid://shopify/InventoryItem/56145649303936,978-1473217386,Neuromancer - William Gibson,,GB,verified_uk,
gid://shopify/Product/15724829606272,gid://shopify/ProductVariant/57986608529792,gid://shopify/InventoryItem/56145649729920,978-1035053995,Kristin Hannah Collection,,GB,verified_uk,
gid://shopify/Product/15724829770112,gid://shopify/ProductVariant/57986608660864,gid://shopify/InventoryItem/56145649860992,5029736084233,Peppa Pig Peppa/George/Evie 3-Pack,,GB,verified_uk,
gid://shopify/Product/15724829868416,gid://shopify/ProductVariant/57986608791936,gid://shopify/InventoryItem/56145649992064,674 08423,Peppa Pig Peppa/George/Evie 3-Pack,,GB,verified_uk,
gid://shopify/Product/15724830065024,gid://shopify/ProductVariant/57986609283456,gid://shopify/InventoryItem/56145650483584,978-0349437675,Flawless - Elise Silver,,GB,verified_uk,
gid://shopify/Product/15724830196096,gid://shopify/ProductVariant/57986609545600,gid://shopify/InventoryItem/56145650745728,978-0349437705,Powerless - Elise Silver,,GB,verified_uk,
gid://shopify/Product/15724830359936,gid://shopify/ProductVariant/57986612167040,gid://shopify/InventoryItem/56145651204480,B0080OJ6K8,Plus-Plus Basic / 600 pcs,,GB,verified_uk,
gid://shopify/Product/15724830556544,gid://shopify/ProductVariant/57986612363648,gid://shopify/InventoryItem/56145653531008,5710410000000,Plus-Plus BIG Basic / 100 pcs,,GB,verified_uk,
gid://shopify/Product/15724830622080,gid://shopify/ProductVariant/57986612724096,gid://shopify/InventoryItem/56145653924224,978-1464221361,Never Lie - Freida McFadden,,GB,verified_uk,
gid://shopify/Product/15724830818688,gid://shopify/ProductVariant/57986612920704,gid://shopify/InventoryItem/56145654120832,978-1464221392,One by One - Freida McFadden,,GB,verified_uk,
gid://shopify/Product/15724830949760,gid://shopify/ProductVariant/57986613313920,gid://shopify/InventoryItem/56145654514048,978-1464221385,The Inmate - Freida McFadden,,GB,verified_uk,
gid://shopify/Product/15724831080832,gid://shopify/ProductVariant/57986613707136,gid://shopify/InventoryItem/56145654907264,978-1464228599,The Perfect Son - Freida McFadden,,GB,verified_uk,
gid://shopify/Product/15724831211904,gid://shopify/ProductVariant/57986613805440,gid://shopify/InventoryItem/56145655005568,978-1464228575,Ward D - Freida McFadden,,GB,verified_uk,
gid://shopify/Product/15724831375744,gid://shopify/ProductVariant/57986614198656,gid://shopify/InventoryItem/56145655398784,888 95132,* Pokemon Battle Feature Figure Charizard,,GB,verified_uk,
gid://shopify/Product/15724831441280,gid://shopify/ProductVariant/57986614296960,gid://shopify/InventoryItem/56145655497088,889933951326,* Pokemon Battle Feature Figure Charizard,,GB,verified_uk,
gid://shopify/Product/15724831637888,gid://shopify/ProductVariant/57986614722944,gid://shopify/InventoryItem/56145655923072,98581134,Bitty POP: Pokemon - Bulbasaur 4 Pack,,GB,verified_uk,
gid://shopify/Product/15724831768960,gid://shopify/ProductVariant/57986614854016,gid://shopify/InventoryItem/56145656054144,98581135,Bitty POP: Pokemon - Squirtle 4 Pack,,GB,verified_uk,
gid://shopify/Product/15724831932800,gid://shopify/ProductVariant/57986615247232,gid://shopify/InventoryItem/56145656447360,888 PKW4403,Pokemon - Battle Spinner Arena Set,,GB,verified_uk,
gid://shopify/Product/15724832031104,gid://shopify/ProductVariant/57986615312768,gid://shopify/InventoryItem/56145656512896,88895217,Pokemon 8 Inch Push - 6 Pack,,GB,verified_uk,
gid://shopify/Product/15724832162176,gid://shopify/ProductVariant/57986615705984,gid://shopify/InventoryItem/56145656906112,125PKPW6711,Pokemon A5 Notebook - Pikachu Black,,GB,verified_uk,
gid://shopify/Product/15724832293248,gid://shopify/ProductVariant/57986615837056,gid://shopify/InventoryItem/56145657037184,426103,Pokemon Bulbasaur Plush,,GB,verified_uk,
gid://shopify/Product/15724832457088,gid://shopify/ProductVariant/57986616197504,gid://shopify/InventoryItem/56145657397632,221013,Pokemon Cards - Mega Evolution,,GB,verified_uk,
gid://shopify/Product/15724832588160,gid://shopify/ProductVariant/57986616361344,gid://shopify/InventoryItem/56145657561472,10-10187-122,Pokemon Cards - Phantasmal Flames Blister Pack of 3,,GB,verified_uk,
gid://shopify/Product/15724832752000,gid://shopify/ProductVariant/57986616787328,gid://shopify/InventoryItem/56145657987456,100-10341,Pokemon Cards - SV Journey Together,,GB,verified_uk,
gid://shopify/Product/15724832850304,gid://shopify/ProductVariant/57986616918400,gid://shopify/InventoryItem/56145658118528,100-10111,Pokemon Cards - SV Prismatic Evolutions,,GB,verified_uk,
gid://shopify/Product/15724833014144,gid://shopify/ProductVariant/57986617377152,gid://shopify/InventoryItem/56145658577280,977302,Pokemon Pikachu Plush,,GB,verified_uk,
gid://shopify/Product/15724833112448,gid://shopify/ProductVariant/57986617475456,gid://shopify/InventoryItem/56145658675584,125 PIKA6430,Pokemon Project Notebook,,GB,verified_uk,
gid://shopify/Product/15724833276288,gid://shopify/ProductVariant/57986618163584,gid://shopify/InventoryItem/56145658872192,515319,Pokemon Squirtle Plush,,GB,verified_uk,
gid://shopify/Product/15724833440128,gid://shopify/ProductVariant/57986618622336,gid://shopify/InventoryItem/56145659822464,98564637,Pop! Vinyl - Eevee,,GB,verified_uk,
gid://shopify/Product/15724833603968,gid://shopify/ProductVariant/57986618818944,gid://shopify/InventoryItem/56145660019072,98531528,Pop! Vinyl - Pikachu,,GB,verified_uk,
gid://shopify/Product/15724833735040,gid://shopify/ProductVariant/57986619146624,gid://shopify/InventoryItem/56145660346752,542 5011,"Frozen 2, 3x49pc",,GB,verified_uk,
gid://shopify/Product/15724833866112,gid://shopify/ProductVariant/57986619343232,gid://shopify/InventoryItem/56145660543360,542 12004185,"Peppa Pig, 35pc",,GB,verified_uk,
gid://shopify/Product/15724833997184,gid://shopify/ProductVariant/57986619769216,gid://shopify/InventoryItem/56145660969344,542 12004201,"Spiderman, 4 in a Box",,GB,verified_uk,
gid://shopify/Product/15724834161024,gid://shopify/ProductVariant/57986620686720,gid://shopify/InventoryItem/56145661886848,542 5711,"Bluey, 2x24pc",,GB,verified_uk,
gid://shopify/Product/15724834324864,gid://shopify/ProductVariant/57986621178240,gid://shopify/InventoryItem/56145662378368,120000594,Bookshop Window Puzzle,,GB,verified_uk,
gid://shopify/Product/15724834423168,gid://shopify/ProductVariant/57986621276544,gid://shopify/InventoryItem/56145662476672,542 12001229,"Bridgerton, 300pc Puzzle",,GB,verified_uk,
gid://shopify/Product/15724834619776,gid://shopify/ProductVariant/57986621735296,gid://shopify/InventoryItem/56145662935424,120015765,Mediterranean View Puzzle,,GB,verified_uk,
gid://shopify/Product/15724834783616,gid://shopify/ProductVariant/57986621964672,gid://shopify/InventoryItem/56145663164800,56692,Pokemon Puzzle,,GB,verified_uk,
gid://shopify/Product/15724834914688,gid://shopify/ProductVariant/57986622325120,gid://shopify/InventoryItem/56145663525248,978-1-338896-45-9,Dog Man Big Jim Begins,,GB,verified_uk,
gid://shopify/Product/15724835012992,gid://shopify/ProductVariant/57986622390656,gid://shopify/InventoryItem/56145663590784,978-1-338-89643-5,Dog Man Scarlet Shredder,,GB,verified_uk,
gid://shopify/Product/15724835144064,gid://shopify/ProductVariant/57986622652800,gid://shopify/InventoryItem/56145663852928,978-1-338-23064-2,Dog Man The Epic Collection,,GB,verified_uk,
gid://shopify/Product/15724835275136,gid://shopify/ProductVariant/57986623013248,gid://shopify/InventoryItem/56145664213376,978-0-702330-02-5,Dog Man 20k Fleas under the Sea,,GB,verified_uk,
gid://shopify/Product/15724835438976,gid://shopify/ProductVariant/57986623177088,gid://shopify/InventoryItem/56145664377216,978-1398519251,CRYPT - Alice Roberts,,GB,verified_uk,
gid://shopify/Product/15724835570048,gid://shopify/ProductVariant/57986623570304,gid://shopify/InventoryItem/56145664770432,978-1398503212,Kink Stories,,GB,verified_uk,
gid://shopify/Product/15724835701120,gid://shopify/ProductVariant/57986623668608,gid://shopify/InventoryItem/56145664868736,978-1398529731,ABBA Though the Ages - Giles Smith,,GB,verified_uk,
gid://shopify/Product/15724835832192,gid://shopify/ProductVariant/57986624127360,gid://shopify/InventoryItem/56145665327488,978-1982131180,After Ever Happy - Anna Todd,,GB,verified_uk,
gid://shopify/Product/15724835996032,gid://shopify/ProductVariant/57986624553344,gid://shopify/InventoryItem/56145665491328,978-1398538597,Burnt Island - Kate Rhodes,,GB,verified_uk,
gid://shopify/Product/15724836127104,gid://shopify/ProductVariant/57986624684416,gid://shopify/InventoryItem/56145665884544,978-1398521643,"Charlie, Love and Cliches - Ella Maise",,GB,verified_uk,
gid://shopify/Product/15724836258176,gid://shopify/ProductVariant/57986624848256,gid://shopify/InventoryItem/56145666048384,978-1398505742,Conviction - Jack Jordan,,GB,verified_uk,
gid://shopify/Product/15724836422016,gid://shopify/ProductVariant/57986625012096,gid://shopify/InventoryItem/56145666212224,978-1398505704,Do No Harm - Jack Jordan,,GB,verified_uk,
gid://shopify/Product/15724836651392,gid://shopify/ProductVariant/57986625438080,gid://shopify/InventoryItem/56145666638208,978-1398515208,My Mother and I - Ingrid Seward,,GB,verified_uk,
gid://shopify/Product/15724836815232,gid://shopify/ProductVariant/57986625765760,gid://shopify/InventoryItem/56145666965888,978-1398539204,Off to the Races - Elsie Silver,,GB,verified_uk,
gid://shopify/Product/15724836979072,gid://shopify/ProductVariant/57986625929600,gid://shopify/InventoryItem/56145667129728,978-1471188923,The Bone Code - Kathy Reichs,,GB,verified_uk,
gid://shopify/Product/15724837077376,gid://shopify/ProductVariant/57986626224512,gid://shopify/InventoryItem/56145667424640,978-1398524262,The Dog Park Detectives - Blake Mara,,GB,verified_uk,
gid://shopify/Product/15724837241216,gid://shopify/ProductVariant/57986626388352,gid://shopify/InventoryItem/56145667588480,978-1398539419,The Front Runner - Elise Silver,,GB,verified_uk,
gid://shopify/Product/15724837405056,gid://shopify/ProductVariant/57986626781568,gid://shopify/InventoryItem/56145667981696,978-198219657,The Lessons of History,,GB,verified_uk,
gid://shopify/Product/15724837568896,gid://shopify/ProductVariant/57986626945408,gid://shopify/InventoryItem/56145668145536,SMX 220,My First Safari Animals,,GB,verified_uk,
gid://shopify/Product/15724837667200,gid://shopify/ProductVariant/57986627338624,gid://shopify/InventoryItem/56145668538752,231 6074578,Gabby's Dollhouse Movie - 2-Pack Cat Francisco,,GB,verified_uk,
gid://shopify/Product/15724837863808,gid://shopify/ProductVariant/57986627699072,gid://shopify/InventoryItem/56145668899200,231 6074330,Gabby's Dollhouse Movie - 2-Pack Garden,,GB,verified_uk,
gid://shopify/Product/15724838027648,gid://shopify/ProductVariant/57986628125056,gid://shopify/InventoryItem/56145669325184,222 NS5306,Jurassic Park Tubbz Mini Dilophosaurus,,GB,verified_uk,
gid://shopify/Product/15724838158720,gid://shopify/ProductVariant/57986628354432,gid://shopify/InventoryItem/56145669554560,TTOM-T72980EN,Articulate! Board Game,,GB,verified_uk,
gid://shopify/Product/15724838322560,gid://shopify/ProductVariant/57986628518272,gid://shopify/InventoryItem/56145669718400,978-1421536255,"One Piece Manga - Vol 1,2,3",,GB,verified_uk,
gid://shopify/Product/15724838453632,gid://shopify/ProductVariant/57986628714880,gid://shopify/InventoryItem/56145669915008,978-1974725953,Demon Slayer Complete Box Set,,GB,verified_uk,
gid://shopify/Product/15724838584704,gid://shopify/ProductVariant/57986628813184,gid://shopify/InventoryItem/56145670013312,978-1974700523,Demon Slayer #1,,GB,verified_uk,
gid://shopify/Product/15724838683008,gid://shopify/ProductVariant/57986629173632,gid://shopify/InventoryItem/56145670373760,978-1974704552,Demon Slayer #10,,GB,verified_uk,
gid://shopify/Product/15724838814080,gid://shopify/ProductVariant/57986629403008,gid://shopify/InventoryItem/56145670635904,978-1974700530,Demon Slayer #2,,GB,verified_uk,
gid://shopify/Product/15724838977920,gid://shopify/ProductVariant/57986629730688,gid://shopify/InventoryItem/56145670963584,‎ 978-1974700547,Demon Slayer #3,,GB,verified_uk,
gid://shopify/Product/15724839108992,gid://shopify/ProductVariant/57986629927296,gid://shopify/InventoryItem/56145671160192,978-1974700554,Demon Slayer #4,,GB,verified_uk,
gid://shopify/Product/15724839272832,gid://shopify/ProductVariant/57986630353280,gid://shopify/InventoryItem/56145671586176,978-1974700561,Demon Slayer #5,,GB,verified_uk,
gid://shopify/Product/15724839371136,gid://shopify/ProductVariant/57986630484352,gid://shopify/InventoryItem/56145671717248,978-1974700578,Demon Slayer #6,,GB,verified_uk,
gid://shopify/Product/15724839469440,gid://shopify/ProductVariant/57986633793920,gid://shopify/InventoryItem/56145675026816,978-1974704415,Demon Slayer #7,,GB,verified_uk,
gid://shopify/Product/15724839600512,gid://shopify/ProductVariant/57986633924992,gid://shopify/InventoryItem/56145675157888,978-1974704422,Demon Slayer #8,,GB,verified_uk,
gid://shopify/Product/15724839698816,gid://shopify/ProductVariant/57986634318208,gid://shopify/InventoryItem/56145675551104,978-1974704439,Demon Slayer #9,,GB,verified_uk,
gid://shopify/Product/15724839862656,gid://shopify/ProductVariant/57986634482048,gid://shopify/InventoryItem/56145675714944,978-1406361803,A Monster Calls - Patrick Ness,,GB,verified_uk,
gid://shopify/Product/15724839960960,gid://shopify/ProductVariant/57986634875264,gid://shopify/InventoryItem/56145676108160,401510007,Band of Brothers Two-Player Starter Set (2025),,GB,verified_uk,
gid://shopify/Product/15724840190336,gid://shopify/ProductVariant/57986635399552,gid://shopify/InventoryItem/56145676632448,401510006,Bolt Action Starter Set,,GB,verified_uk,
gid://shopify/Product/15724840321408,gid://shopify/ProductVariant/57986635530624,gid://shopify/InventoryItem/56145676763520,451510001,Konflikt '47 Rulebook 2025 (English),,GB,verified_uk,
gid://shopify/Product/15724840485248,gid://shopify/ProductVariant/57986635858304,gid://shopify/InventoryItem/56145677091200,77771115TQ2,Robo Alive Dino Fossil Find Egg,,GB,verified_uk,
gid://shopify/Product/15724840649088,gid://shopify/ProductVariant/57986636022144,gid://shopify/InventoryItem/56145677255040,9780702323058,Book - Dinosoars in my School,,GB,verified_uk,
gid://shopify/Product/15724840780160,gid://shopify/ProductVariant/57986636448128,gid://shopify/InventoryItem/56145677681024,9781529110074,India Express - Rukmini Iyer,,GB,verified_uk,
gid://shopify/Product/15724840911232,gid://shopify/ProductVariant/57986636579200,gid://shopify/InventoryItem/56145677812096,9781529110432,The Sweet Roasting Tin - Rukmini Iyer,,GB,verified_uk,
gid://shopify/Product/15724841107840,gid://shopify/ProductVariant/57986637037952,gid://shopify/InventoryItem/56145678270848,9781529110272,The Green BBQ - Rukmini Iyer,,GB,verified_uk,
gid://shopify/Product/15724841271680,gid://shopify/ProductVariant/57986637496704,gid://shopify/InventoryItem/56145678729600,9781910931899,The Green Roasting Tin - Rukmini Iyer,GB,GB,verified_uk,
