product_id,title,skus,publication_name,publication_id,published_on_publication,has_media,desired_published_on_publication,status
gid://shopify/Product/15724504940928,L: TUSKGOR FUR 12ML ROW X6,9918995134406,Online Store,gid://shopify/Publication/308211384704,true,false,false,unpublished
gid://shopify/Product/15724505006464,L: GAUSS BLASTER GREEN 12ML ROW X6,9918995137406,Online Store,gid://shopify/Publication/308211384704,true,false,false,unpublished
gid://shopify/Product/15724506415488,AOS S/E + PAINT SET ENG/SPA/PORT/LATV/RM,52170218004,Online Store,gid://shopify/Publication/308211384704,true,false,false,unpublished
gid://shopify/Product/15724506513792,L: TECLIS BLUE 12ML ROW X6,9918995131506,Online Store,gid://shopify/Publication/308211384704,true,false,false,unpublished
gid://shopify/Product/15724506579328,WHITE DWARF 523 (APR-26) (ENGLISH),60249999665,Online Store,gid://shopify/Publication/308211384704,true,false,false,unpublished
gid://shopify/Product/15724532793728,GETTING STARTED WITH WARHAMMER 40K (ENG),60040199169,Online Store,gid://shopify/Publication/308211384704,false,true,true,published
gid://shopify/Product/15724670517632,BLOOD BOWL: LIZARDMEN TEAM,99120908002,Online Store,gid://shopify/Publication/308211384704,false,true,true,published
gid://shopify/Product/15724698763648,IDONETH DEEPKIN: AKHELIAN ALLOPEX,99120219030,Online Store,gid://shopify/Publication/308211384704,true,false,false,unpublished
gid://shopify/Product/15724791693696,WRAITHBONE SPRAY PAINT (UK/ROW) (6-PACK),9920999909106,Online Store,gid://shopify/Publication/308211384704,true,false,false,unpublished
gid://shopify/Product/15724794708352,CITADEL SMALL BASE BRUSH (3-PACK),9919999904303,Online Store,gid://shopify/Publication/308211384704,true,false,false,unpublished
gid://shopify/Product/15724821840256,Catan 6th Edition (2025),558 CN3081,Online Store,gid://shopify/Publication/308211384704,false,true,true,published
gid://shopify/Product/15724826755456,Monopoly Classic,285 G0009,Online Store,gid://shopify/Publication/308211384704,false,true,true,published
gid://shopify/Product/15724833997184,"Spiderman, 4 in a Box",542 12004201,Online Store,gid://shopify/Publication/308211384704,false,true,true,published
gid://shopify/Product/15724835438976,CRYPT - Alice Roberts,978-1398519251,Online Store,gid://shopify/Publication/308211384704,false,true,true,published
gid://shopify/Product/15724835570048,Kink Stories,978-1398503212,Online Store,gid://shopify/Publication/308211384704,false,true,true,published
gid://shopify/Product/15724835701120,ABBA Though the Ages - Giles Smith,978-1398529731,Online Store,gid://shopify/Publication/308211384704,false,true,true,published
gid://shopify/Product/15724835832192,After Ever Happy - Anna Todd,978-1982131180,Online Store,gid://shopify/Publication/308211384704,false,true,true,published
gid://shopify/Product/15724836127104,"Charlie, Love and Cliches - Ella Maise",978-1398521643,Online Store,gid://shopify/Publication/308211384704,false,true,true,published
gid://shopify/Product/15724836258176,Conviction - Jack Jordan,978-1398505742,Online Store,gid://shopify/Publication/308211384704,false,true,true,published
gid://shopify/Product/15724836422016,Do No Harm - Jack Jordan,978-1398505704,Online Store,gid://shopify/Publication/308211384704,false,true,true,published
gid://shopify/Product/15724836651392,My Mother and I - Ingrid Seward,978-1398515208,Online Store,gid://shopify/Publication/308211384704,false,true,true,published
gid://shopify/Product/15724836815232,Off to the Races - Elsie Silver,978-1398539204,Online Store,gid://shopify/Publication/308211384704,false,true,true,published
gid://shopify/Product/15724836979072,The Bone Code - Kathy Reichs,978-1471188923,Online Store,gid://shopify/Publication/308211384704,false,true,true,published
gid://shopify/Product/15724837241216,The Front Runner - Elise Silver,978-1398539419,Online Store,gid://shopify/Publication/308211384704,false,true,true,published
gid://shopify/Product/15724838322560,"One Piece Manga - Vol 1,2,3",978-1421536255,Online Store,gid://shopify/Publication/308211384704,false,true,true,published
gid://shopify/Product/15724838453632,Demon Slayer Complete Box Set,978-1974725953,Online Store,gid://shopify/Publication/308211384704,false,true,true,published
gid://shopify/Product/15724840649088,Book - Dinosoars in my School,9780702323058,Online Store,gid://shopify/Publication/308211384704,false,true,true,published
gid://shopify/Product/15724840780160,India Express - Rukmini Iyer,9781529110074,Online Store,gid://shopify/Publication/308211384704,false,true,true,published
gid://shopify/Product/15724840911232,The Sweet Roasting Tin - Rukmini Iyer,9781529110432,Online Store,gid://shopify/Publication/308211384704,false,true,true,published
gid://shopify/Product/15724502319488,ORKS: GHAZGHKULL DICE,99220103008,Google & YouTube,gid://shopify/Publication/315394032000,false,true,true,published
gid://shopify/Product/15724502450560,ARMAGEDDON BATTALION: ORKS,99120103126,Google & YouTube,gid://shopify/Publication/315394032000,false,true,true,published
gid://shopify/Product/15724502548864,ARMAGEDDON BATTALION: ASTRA MILITARUM,99120105150,Google & YouTube,gid://shopify/Publication/315394032000,false,true,true,published
gid://shopify/Product/15724502614400,ASTRA MILITARUM: COMMISSAR YARRICK,99120105138,Google & YouTube,gid://shopify/Publication/315394032000,false,true,true,published
gid://shopify/Product/15724502679936,ASTRA MILITARUM: COMMISSAR GRAVES,99120105140,Google & YouTube,gid://shopify/Publication/315394032000,false,true,true,published
gid://shopify/Product/15724502745472,ASTRA MILITARUM: COMMISSAR YARRICK DICE,99220105038,Google & YouTube,gid://shopify/Publication/315394032000,false,true,true,published
gid://shopify/Product/15724502843776,IMPERIAL AGENTS: INQUISITOR KROYLE,99120108124,Google & YouTube,gid://shopify/Publication/315394032000,false,true,true,published
gid://shopify/Product/15724502909312,ARMAGEDDON BATTALION: ADEPTA SORORITAS,99120108120,Google & YouTube,gid://shopify/Publication/315394032000,false,true,true,published
gid://shopify/Product/15724502974848,A/S: INTRANZIA FRAYE DOGMATA SUPERIOR,99120108122,Google & YouTube,gid://shopify/Publication/315394032000,false,true,true,published
gid://shopify/Product/15724503040384,LEGENDS OF THE WAAAGH! (PB),60100181543,Google & YouTube,gid://shopify/Publication/315394032000,false,true,true,published
gid://shopify/Product/15724503105920,VETERANS OF THE FALL (PB),60100181545,Google & YouTube,gid://shopify/Publication/315394032000,false,true,true,published
gid://shopify/Product/15724503236992,WORLD ABLAZE (HB),60040181444,Google & YouTube,gid://shopify/Publication/315394032000,false,true,true,published
gid://shopify/Product/15724503269760,DA FREEBOOTERZ CODE (HB),60040181446,Google & YouTube,gid://shopify/Publication/315394032000,false,true,true,published
gid://shopify/Product/15724503335296,DEATH WORLD (ANNIVERSARY EDITION),60040181447,Google & YouTube,gid://shopify/Publication/315394032000,false,true,true,published
gid://shopify/Product/15724503368064,YARRICK: THE OMNIBUS (PB),60100181550,Google & YouTube,gid://shopify/Publication/315394032000,false,true,true,published
gid://shopify/Product/15724503400832,SPEARHEAD: CITY OF ASH (ENGLISH),60010299051,Google & YouTube,gid://shopify/Publication/315394032000,false,true,true,published
gid://shopify/Product/15724504121728,OSSIARCH BONEREAPERS:NULL MYRIAD PHALANX,99120207261,Google & YouTube,gid://shopify/Publication/315394032000,false,true,true,published
gid://shopify/Product/15724504154496,ZARDU LAYEK THE CRIMSON APOSTLE (HB),60040181442,Google & YouTube,gid://shopify/Publication/315394032000,false,true,true,published
gid://shopify/Product/15724504187264,LEGIO CUSTODES: CALADIUS GRAV-TANK,99123043007,Google & YouTube,gid://shopify/Publication/315394032000,false,true,true,published
gid://shopify/Product/15724504318336,L/C: CALADIUS GRAV-TANK ANNIHILATOR,99123043009,Google & YouTube,gid://shopify/Publication/315394032000,false,true,true,published
gid://shopify/Product/15724504416640,LEGIO CUSTODES: CUSTODIAN GUARD SODALITY,99123043005,Google & YouTube,gid://shopify/Publication/315394032000,false,true,true,published
gid://shopify/Product/15724504482176,LEGIO CUSTODES: VENATARI SODALITY,99123043003,Google & YouTube,gid://shopify/Publication/315394032000,false,true,true,published
gid://shopify/Product/15724504547712,LEGIO CUSTODES: SHIELD CAPTAIN,99123043004,Google & YouTube,gid://shopify/Publication/315394032000,false,true,true,published
gid://shopify/Product/15724504646016,LEGIO CUSTODES: SENTINEL GUARD SODALITY,99123043002,Google & YouTube,gid://shopify/Publication/315394032000,false,true,true,published
gid://shopify/Product/15724504777088,LEGIO CUSTODES: CUSTODIAN DREADNOUGHT,99123043006,Google & YouTube,gid://shopify/Publication/315394032000,false,true,true,published
gid://shopify/Product/15724504842624,LEGIO CUSTODES: CORONUS GRAV-CARRIER,99123043008,Google & YouTube,gid://shopify/Publication/315394032000,false,true,true,published
gid://shopify/Product/15724504940928,L: TUSKGOR FUR 12ML ROW X6,9918995134406,Google & YouTube,gid://shopify/Publication/315394032000,true,false,false,unpublished
gid://shopify/Product/15724505006464,L: GAUSS BLASTER GREEN 12ML ROW X6,9918995137406,Google & YouTube,gid://shopify/Publication/315394032000,true,false,false,unpublished
gid://shopify/Product/15724505104768,EYE OF TERROR: REIGN OF IRON (ENGLISH),60040199189,Google & YouTube,gid://shopify/Publication/315394032000,false,true,true,published
gid://shopify/Product/15724505170304,WARHAMMER 40000: IRON WARRIORS DICE,99220102023,Google & YouTube,gid://shopify/Publication/315394032000,false,true,true,published
gid://shopify/Product/15724505235840,CHAOS SPACE MARINES: DEFILER,99120102229,Google & YouTube,gid://shopify/Publication/315394032000,false,true,true,published
gid://shopify/Product/15724505334144,CHAOS SPACE MARINES: KRAVEK MORNE,99120102251,Google & YouTube,gid://shopify/Publication/315394032000,false,true,true,published
gid://shopify/Product/15724505399680,CHAOS SPACE MARINES: MUTILATORS,99120102230,Google & YouTube,gid://shopify/Publication/315394032000,false,true,true,published
gid://shopify/Product/15724505465216,COMBAT PATROL: IRON WARRIORS,99120102228,Google & YouTube,gid://shopify/Publication/315394032000,false,true,true,published
gid://shopify/Product/15724505596288,EYE OF TERROR BATTALION:IMPERIAL KNIGHTS,99120108148,Google & YouTube,gid://shopify/Publication/315394032000,false,true,true,published
gid://shopify/Product/15724505694592,IMPERIAL KNIGHTS: KNIGHT DESTRIER,99120108123,Google & YouTube,gid://shopify/Publication/315394032000,false,true,true,published
gid://shopify/Product/15724505760128,EYE/TERROR BATTALION:ADEPTUS MECHANICUS,99120116049,Google & YouTube,gid://shopify/Publication/315394032000,false,true,true,published
gid://shopify/Product/15724505858432,ADEPTUS MECHANICUS: THULIA GHULD,99120116050,Google & YouTube,gid://shopify/Publication/315394032000,false,true,true,published
gid://shopify/Product/15724505989504,ADEPTUS MECHANICUS: HASTARII,99120116051,Google & YouTube,gid://shopify/Publication/315394032000,false,true,true,published
gid://shopify/Product/15724506055040,EYE OF TERROR BATTALION: SONS OF DORN,99120101287,Google & YouTube,gid://shopify/Publication/315394032000,false,true,true,published
gid://shopify/Product/15724506120576,AESTRED THURGA: PYRE OF FAITH (HB),60040181436,Google & YouTube,gid://shopify/Publication/315394032000,false,true,true,published
gid://shopify/Product/15724506251648,CARNAGE UNENDING (PB),60100181541,Google & YouTube,gid://shopify/Publication/315394032000,false,true,true,published
gid://shopify/Product/15724506349952,PARAGON OF FAITH AND OTHER STORIES (PB),60100181542,Google & YouTube,gid://shopify/Publication/315394032000,false,true,true,published
gid://shopify/Product/15724506415488,AOS S/E + PAINT SET ENG/SPA/PORT/LATV/RM,52170218004,Google & YouTube,gid://shopify/Publication/315394032000,true,false,false,unpublished
gid://shopify/Product/15724506513792,L: TECLIS BLUE 12ML ROW X6,9918995131506,Google & YouTube,gid://shopify/Publication/315394032000,true,false,false,unpublished
gid://shopify/Product/15724506579328,WHITE DWARF 523 (APR-26) (ENGLISH),60249999665,Google & YouTube,gid://shopify/Publication/315394032000,true,false,false,unpublished
gid://shopify/Product/15724506743168,QUEEN OF THE ROSE THRONE (PB),60100281333,Google & YouTube,gid://shopify/Publication/315394032000,false,true,true,published
gid://shopify/Product/15724506874240,SPEARHEAD: SPITEWING FLIGHT,99120204049,Google & YouTube,gid://shopify/Publication/315394032000,false,true,true,published
gid://shopify/Product/15724506972544,BATTLETOME: SYLVANETH (ENG),60030204010,Google & YouTube,gid://shopify/Publication/315394032000,false,true,true,published
gid://shopify/Product/15724507103616,WARSCROLL CARDS: SYLVANETH (ENG),60050204003,Google & YouTube,gid://shopify/Publication/315394032000,false,true,true,published
gid://shopify/Product/15724507234688,AGE OF SIGMAR: SYLVANETH DICE,99220204005,Google & YouTube,gid://shopify/Publication/315394032000,false,true,true,published
gid://shopify/Product/15724507332992,SYLVANETH: STRONGROOT GROVE,99120204056,Google & YouTube,gid://shopify/Publication/315394032000,false,true,true,published
gid://shopify/Product/15724507464064,SYLVANETH: THE TWISTED BRANCH,99120204050,Google & YouTube,gid://shopify/Publication/315394032000,false,true,true,published
gid://shopify/Product/15724507562368,SYLVANETH: GROVE GUARDIAN,99120204051,Google & YouTube,gid://shopify/Publication/315394032000,false,true,true,published
gid://shopify/Product/15724507627904,SPEARHEAD: KHAINITE SHADOW COVEN,99120212043,Google & YouTube,gid://shopify/Publication/315394032000,false,true,true,published
gid://shopify/Product/15724507857280,BATTLETOME: DAUGHTERS OF KHAINE (ENG),60030212010,Google & YouTube,gid://shopify/Publication/315394032000,false,true,true,published
gid://shopify/Product/15724507955584,WARSCROLL CARDS: DAUGHTERS OF KHAINE ENG,60050212003,Google & YouTube,gid://shopify/Publication/315394032000,false,true,true,published
gid://shopify/Product/15724508053888,AGE OF SIGMAR: DAUGHTERS OF KHAINE DICE,99220212005,Google & YouTube,gid://shopify/Publication/315394032000,false,true,true,published
gid://shopify/Product/15724508184960,DAUGHTERS OF KHAINE: THE CRIMSON LASH,99120212044,Google & YouTube,gid://shopify/Publication/315394032000,false,true,true,published
gid://shopify/Product/15724508283264,DAUGHTERS/KHAINE: SHRINE OF DARK TRIBUTE,99120212050,Google & YouTube,gid://shopify/Publication/315394032000,false,true,true,published
gid://shopify/Product/15724508381568,DAUGHTERS OF KHAINE: BLOOD HAGS,99120212045,Google & YouTube,gid://shopify/Publication/315394032000,false,true,true,published
gid://shopify/Product/15724508479872,DAUGHTERS OF KHAINE: SCATHBORN COVEN,99120212051,Google & YouTube,gid://shopify/Publication/315394032000,false,true,true,published
gid://shopify/Product/15724508643712,SHADE OF KHAINE (PB),60100281331,Google & YouTube,gid://shopify/Publication/315394032000,false,true,true,published
gid://shopify/Product/15724508774784,JOURNAL TACTICA: MAILED FIST,60043099018,Google & YouTube,gid://shopify/Publication/315394032000,false,true,true,published
gid://shopify/Product/15724508905856,HORUS HERESY: LIBER CUSTODES (ENGLISH),60043043002,Google & YouTube,gid://shopify/Publication/315394032000,false,true,true,published
gid://shopify/Product/15724509102464,WARHAMMER COLOUR: TOOL SET,99239999141,Google & YouTube,gid://shopify/Publication/315394032000,false,true,true,published
gid://shopify/Product/15724509430144,L/A: GLAIVE SUPER-HEAVY SPEC. WPNS TANK,99123001076,Google & YouTube,gid://shopify/Publication/315394032000,false,true,true,published
gid://shopify/Product/15724509593984,GHAZGHKULL THRAKA:WARLORD OF WARLORDS HB,60040181438,Google & YouTube,gid://shopify/Publication/315394032000,false,true,true,published
gid://shopify/Product/15724509692288,THE INFINITE AND THE DIVINE (ILLUS.),60040181430,Google & YouTube,gid://shopify/Publication/315394032000,false,true,true,published
gid://shopify/Product/15724509757824,CHEM DOG (HB),60040181432,Google & YouTube,gid://shopify/Publication/315394032000,false,true,true,published
gid://shopify/Product/15724509856128,THE GREEN TIDE OMNIBUS (PAPERBACK),60100181540,Google & YouTube,gid://shopify/Publication/315394032000,false,true,true,published
gid://shopify/Product/15724509921664,BLOOD BOWL: SPIKE! ISSUE 21,60040999035,Google & YouTube,gid://shopify/Publication/315394032000,false,true,true,published
gid://shopify/Product/15724510052736,BLOOD BOWL: HIGH ELF BLOOD BOWL TEAM,99120910001,Google & YouTube,gid://shopify/Publication/315394032000,false,true,true,published
gid://shopify/Product/15724510151040,BLOOD BOWL:HIGH ELF TEAM REFERENCE CARDS,60050910002,Google & YouTube,gid://shopify/Publication/315394032000,false,true,true,published
gid://shopify/Product/15724510249344,BLOOD BOWL: HIGH ELF PITCH,99220910005,Google & YouTube,gid://shopify/Publication/315394032000,false,true,true,published
gid://shopify/Product/15724510380416,BLOOD BOWL: HIGH ELF TEAM DICE SET,99220910004,Google & YouTube,gid://shopify/Publication/315394032000,false,true,true,published
gid://shopify/Product/15724510577024,THE HORUS HERESY SAGA: HORUS RISING (HB),60040181434,Google & YouTube,gid://shopify/Publication/315394032000,false,true,true,published
gid://shopify/Product/15724510773632,CHAOS S/M: RED CORSAIRS REAVE-CAPTAIN,99120102222,Google & YouTube,gid://shopify/Publication/315394032000,false,true,true,published
gid://shopify/Product/15724510839168,CSM: RED CORSAIRS UPGRADES & TRANSFERS,99120102226,Google & YouTube,gid://shopify/Publication/315394032000,false,true,true,published
gid://shopify/Product/15724510904704,CHAOS SPACE MARINES:RED CORSAIRS RAIDERS,99120102224,Google & YouTube,gid://shopify/Publication/315394032000,false,true,true,published
gid://shopify/Product/15724510970240,COMBAT PATROL: NIGHT LORDS,99120102217,Google & YouTube,gid://shopify/Publication/315394032000,false,true,true,published
gid://shopify/Product/15724511035776,COMBAT PATROL: RED CORSAIRS,99120102221,Google & YouTube,gid://shopify/Publication/315394032000,false,true,true,published
gid://shopify/Product/15724511134080,AELDARI: CORSAIRS DICE,99220104012,Google & YouTube,gid://shopify/Publication/315394032000,false,true,true,published
gid://shopify/Product/15724511199616,AELDARI: CORSAIR SKYREAVERS,99120104111,Google & YouTube,gid://shopify/Publication/315394032000,false,true,true,published
gid://shopify/Product/15724511265152,AELDARI: KHARSETH,99120104114,Google & YouTube,gid://shopify/Publication/315394032000,false,true,true,published
gid://shopify/Product/15724511396224,AELDARI: PRINCE YRIEL,99120104113,Google & YouTube,gid://shopify/Publication/315394032000,false,true,true,published
gid://shopify/Product/15724511494528,AELDARI: VYPER,99120104112,Google & YouTube,gid://shopify/Publication/315394032000,false,true,true,published
gid://shopify/Product/15724511592832,AELDARI: CORSAIR VOIDREAVERS,99120104115,Google & YouTube,gid://shopify/Publication/315394032000,false,true,true,published
gid://shopify/Product/15724511723904,COMBAT PATROL: AELDARI CORSAIRS,99120104110,Google & YouTube,gid://shopify/Publication/315394032000,false,true,true,published
gid://shopify/Product/15724512182656,TYRANIDS: TYRANID PRIME WITH LASH WHIP,99120106084,Google & YouTube,gid://shopify/Publication/315394032000,false,true,true,published
gid://shopify/Product/15724512280960,T'AU EMPIRE: THE TWIN LANCE,99120113101,Google & YouTube,gid://shopify/Publication/315394032000,false,true,true,published
gid://shopify/Product/15724512379264,COMBAT PATROL: KROOT,99120113100,Google & YouTube,gid://shopify/Publication/315394032000,false,true,true,published
gid://shopify/Product/15724512510336,LEAGUES OF VOTANN: BEREHK STORNBROW,99120118028,Google & YouTube,gid://shopify/Publication/315394032000,false,true,true,published
gid://shopify/Product/15724512608640,CHAOS SPACE MARINES: RED CORSAIRS DICE,99220102021,Google & YouTube,gid://shopify/Publication/315394032000,false,true,true,published
gid://shopify/Product/15724512739712,CARCHARODONS: VOID EXILE (PB),60100181538,Google & YouTube,gid://shopify/Publication/315394032000,false,true,true,published
gid://shopify/Product/15724514050432,WHITE DWARF 522 (MAR-26) (ENGLISH),60249999664,Google & YouTube,gid://shopify/Publication/315394032000,false,true,true,published
gid://shopify/Product/15724514148736,A/JOURNAL:BREACHING OF THE GREAT BASTION,60042720003,Google & YouTube,gid://shopify/Publication/315394032000,false,true,true,published
gid://shopify/Product/15724518244736,MECH: SKITARII BATTLE-PILGRYM CORPUS,99123016010,Google & YouTube,gid://shopify/Publication/315394032000,false,true,true,published
gid://shopify/Product/15724518343040,MECHANICUM: VULTARAX STRATOS-AUTOMATA,99123016012,Google & YouTube,gid://shopify/Publication/315394032000,false,true,true,published
gid://shopify/Product/15724518375808,SKITARII: BATTLE-PILGRYM MARSHAL,99123016011,Google & YouTube,gid://shopify/Publication/315394032000,false,true,true,published
gid://shopify/Product/15724518474112,MECHANICUM: MYRMIDON DESTRUCTOR HOST,99123016019,Google & YouTube,gid://shopify/Publication/315394032000,false,true,true,published
gid://shopify/Product/15724518539648,WHU RIVALS DECK: NEXUS OF POWER (ENG),60050799019,Google & YouTube,gid://shopify/Publication/315394032000,false,true,true,published
gid://shopify/Product/15724518736256,WARHAMMER UNDERWORLDS: THANATEK'S TITHE,99120707001,Google & YouTube,gid://shopify/Publication/315394032000,false,true,true,published
gid://shopify/Product/15724518834560,SPEARHEAD:O/BONEREAPERS:KAVALOS VANGUARD,99120207197,Google & YouTube,gid://shopify/Publication/315394032000,false,true,true,published
gid://shopify/Product/15724518932864,BATTLETOME: OSSIARCH BONEREAPERS ENG,60030207022,Google & YouTube,gid://shopify/Publication/315394032000,false,true,true,published
gid://shopify/Product/15724518998400,AGE OF SIGMAR: OSSIARCH BONEREAPERS DICE,99220207019,Google & YouTube,gid://shopify/Publication/315394032000,false,true,true,published
gid://shopify/Product/15724519096704,O/B: LIEGE-KAVALOS ON WAR CHARIOT,99120207200,Google & YouTube,gid://shopify/Publication/315394032000,false,true,true,published
gid://shopify/Product/15724519162240,OSSIARCH BONEREAPERS: MORTIS REAPERS,99120207201,Google & YouTube,gid://shopify/Publication/315394032000,false,true,true,published
gid://shopify/Product/15724519227776,OSSIARCH BONEREAPERS: HERALDS/BONE-TITHE,99120207196,Google & YouTube,gid://shopify/Publication/315394032000,false,true,true,published
gid://shopify/Product/15724519326080,OSSIARCH BONEREAPERS: MORTEK TRIAXES,99120207198,Google & YouTube,gid://shopify/Publication/315394032000,false,true,true,published
gid://shopify/Product/15724519391616,OSSIARCH BONEREAPERS: LIEGE-MORTEK,99120207199,Google & YouTube,gid://shopify/Publication/315394032000,false,true,true,published
gid://shopify/Product/15724519555456,WARSCROLL CARDS:OSSIARCH BONEREAPERS ENG,60050207005,Google & YouTube,gid://shopify/Publication/315394032000,false,true,true,published
gid://shopify/Product/15724528927104,RED CORSAIRS: LORDS OF THE MAELSTROM,99120102110,Google & YouTube,gid://shopify/Publication/315394032000,false,true,true,published
gid://shopify/Product/15724529058176,AELDARI: ELDRITCH RAIDERS,99120104088,Google & YouTube,gid://shopify/Publication/315394032000,false,true,true,published
gid://shopify/Product/15724529123712,CHAOS SPACE MARINES: HURON BLACKHEART,99120102225,Google & YouTube,gid://shopify/Publication/315394032000,false,true,true,published
gid://shopify/Product/15724529254784,MAELSTROM BATTALION: LEAGUES OF VOTANN,99120118027,Google & YouTube,gid://shopify/Publication/315394032000,false,true,true,published
gid://shopify/Product/15724529418624,BL: HURON BLACKHEART: MASTER/MAELSTROM,60100181539,Google & YouTube,gid://shopify/Publication/315394032000,false,true,true,published
gid://shopify/Product/15724529582464,SPEARHEAD: HURAKAN VANGUARD,99120210064,Google & YouTube,gid://shopify/Publication/315394032000,false,true,true,published
gid://shopify/Product/15724529713536,WARSCROLL CARDS: LUMINETH REALMLORDS ENG,60050210005,Google & YouTube,gid://shopify/Publication/315394032000,false,true,true,published
gid://shopify/Product/15724529877376,BATTLETOME: LUMINETH REALMLORDS (ENG),60030210012,Google & YouTube,gid://shopify/Publication/315394032000,false,true,true,published
gid://shopify/Product/15724529975680,LUMINETH REALMLORDS: ILIATHAN WARHOST,99120210071,Google & YouTube,gid://shopify/Publication/315394032000,false,true,true,published
gid://shopify/Product/15724530139520,AGE OF SIGMAR: LUMINETH REALMLORDS DICE,99220210003,Google & YouTube,gid://shopify/Publication/315394032000,false,true,true,published
gid://shopify/Product/15724530237824,LUMINETH REALM-LORDS: VANARI LORD REGENT,99120210065,Google & YouTube,gid://shopify/Publication/315394032000,false,true,true,published
gid://shopify/Product/15724530303360,LUMINETH REALM-LORDS: SIGIL CONVOCATION,99120210063,Google & YouTube,gid://shopify/Publication/315394032000,false,true,true,published
gid://shopify/Product/15724530368896,AGE OF SIGMAR:DISCIPLES OF TZEENTCH DICE,99220201033,Google & YouTube,gid://shopify/Publication/315394032000,false,true,true,published
gid://shopify/Product/15724530434432,SPEARHEAD: TZAANGOR WARFLOCK,99120201204,Google & YouTube,gid://shopify/Publication/315394032000,false,true,true,published
gid://shopify/Product/15724530532736,DISCIPLES OF TZEENTCH: ARGENT SHARDS,99120201236,Google & YouTube,gid://shopify/Publication/315394032000,false,true,true,published
gid://shopify/Product/15724530631040,DISCIPLES OF TZEENTCH: SEEKERS OF SILVER,99120201205,Google & YouTube,gid://shopify/Publication/315394032000,false,true,true,published
gid://shopify/Product/15724530729344,DISCIPLES/TZEENTCH: WARPFLAME CAVALCADE,99120201262,Google & YouTube,gid://shopify/Publication/315394032000,false,true,true,published
gid://shopify/Product/15724530893184,DISCIPLES OF TZEENTCH: FATEMASTER,99120201214,Google & YouTube,gid://shopify/Publication/315394032000,false,true,true,published
gid://shopify/Product/15724531057024,BATTLETOME: DISCIPLES OF TZEENTCH ENG,60030201033,Google & YouTube,gid://shopify/Publication/315394032000,false,true,true,published
gid://shopify/Product/15724531155328,WARSCROLL CARDS: DISCIPLES  TZEENTCH ENG,60050201014,Google & YouTube,gid://shopify/Publication/315394032000,false,true,true,published
gid://shopify/Product/15724531286400,WHITE DWARF 521 (FEB-26) (ENGLISH),60249999663,Google & YouTube,gid://shopify/Publication/315394032000,false,true,true,published
gid://shopify/Product/15724531450240,WARRIORS OF CHAOS: CHAOS MARAUDERS,99122701014,Google & YouTube,gid://shopify/Publication/315394032000,false,true,true,published
gid://shopify/Product/15724531515776,WARRIORS O/CHAOS:CHAOS MARAUDER HORSEMEN,99122701015,Google & YouTube,gid://shopify/Publication/315394032000,false,true,true,published
gid://shopify/Product/15724531614080,HORUS HERESY: MKIII BREACHER SQUAD,99123001072,Google & YouTube,gid://shopify/Publication/315394032000,false,true,true,published
gid://shopify/Product/15724531908992,L/A: CATAPHRACTII TERMINATORS: PWR FISTS,99123001074,Google & YouTube,gid://shopify/Publication/315394032000,false,true,true,published
gid://shopify/Product/15724532040064,L/A: CATAPHRACTII TERMINATORS: PWR MAULS,99123001075,Google & YouTube,gid://shopify/Publication/315394032000,false,true,true,published
gid://shopify/Product/15724532138368,L/ASTARTES: BREACHER SQUAD UPGRADE SET,99123001073,Google & YouTube,gid://shopify/Publication/315394032000,false,true,true,published
gid://shopify/Product/15724532269440,WARHAMMER 40000: CORE BOOK (ENGLISH),60040199167,Google & YouTube,gid://shopify/Publication/315394032000,false,true,true,published
gid://shopify/Product/15724532367744,WARHAMMER 40000: STARTER SET (ENG),60010199058,Google & YouTube,gid://shopify/Publication/315394032000,false,true,true,published
gid://shopify/Product/15724532498816,WARHAMMER 40000: INTRODUCTORY SET (ENG),60010199059,Google & YouTube,gid://shopify/Publication/315394032000,false,true,true,published
gid://shopify/Product/15724532597120,WH40K: COMBAT PATROL STARTER SET (ENG),60010199067,Google & YouTube,gid://shopify/Publication/315394032000,false,true,true,published
gid://shopify/Product/15724532793728,GETTING STARTED WITH WARHAMMER 40K (ENG),60040199169,Google & YouTube,gid://shopify/Publication/315394032000,false,true,true,published
gid://shopify/Product/15724532990336,WH40K: BOARDING ACTIONS TERRAIN SET,99120199105,Google & YouTube,gid://shopify/Publication/315394032000,false,true,true,published
gid://shopify/Product/15724533186944,CHAPTER APPROVED MISSION PACK (ENG),60050199059,Google & YouTube,gid://shopify/Publication/315394032000,false,true,true,published
gid://shopify/Product/15724533416320,WARHAMMER 40K: BOARDING ACTIONS (ENG),60040199175,Google & YouTube,gid://shopify/Publication/315394032000,false,true,true,published
gid://shopify/Product/15724533547392,WARHAMMER 40000: CRUSADE: ARMAGEDDON ENG,60040199182,Google & YouTube,gid://shopify/Publication/315394032000,false,true,true,published
gid://shopify/Product/15724533907840,WARHAMMER 40000: BATTLEFIELD TROPHIES,99120199131,Google & YouTube,gid://shopify/Publication/315394032000,false,true,true,published
gid://shopify/Product/15724534301056,B/ZONE MANUFACT.: SANCTUM ADMINISTRATUS,99120199076,Google & YouTube,gid://shopify/Publication/315394032000,false,true,true,published
gid://shopify/Product/15724534792576,CODEX: CHAOS SPACE MARINES (ENGLISH),60030102030,Google & YouTube,gid://shopify/Publication/315394032000,false,true,true,published
gid://shopify/Product/15724535153024,CHAOS SPACE MARINES: CHAOS LORD,99120102192,Google & YouTube,gid://shopify/Publication/315394032000,false,true,true,published
gid://shopify/Product/15724535284096,CHAOS SPACE MARINES: LORD WITH JUMP PACK,99120102193,Google & YouTube,gid://shopify/Publication/315394032000,false,true,true,published
gid://shopify/Product/15724535480704,CHAOS SPACE MARINES: LEGIONARIES,99120102218,Google & YouTube,gid://shopify/Publication/315394032000,false,true,true,published
gid://shopify/Product/15724535611776,CHAOS SPACE MARINES: TRAITOR ENFORCER,99120102220,Google & YouTube,gid://shopify/Publication/315394032000,false,true,true,published
gid://shopify/Product/15724535710080,CHAOS S/MARINES: TRAITOR GUARDSMEN SQUAD,99120102219,Google & YouTube,gid://shopify/Publication/315394032000,false,true,true,published
gid://shopify/Product/15724536299904,CHAOS SPACE MARINES: DARK APOSTLE,99120102173,Google & YouTube,gid://shopify/Publication/315394032000,false,true,true,published
gid://shopify/Product/15724536922496,CHAOS SPACE MARINES: HAVOCS,99120102170,Google & YouTube,gid://shopify/Publication/315394032000,false,true,true,published
gid://shopify/Product/15724537184640,CHAOS SPACE MARINES: FABIUS BILE,99120102176,Google & YouTube,gid://shopify/Publication/315394032000,false,true,true,published
gid://shopify/Product/15724537315712,CHAOS SPACE MARINE: ACCURSED CULTISTS,99120102147,Google & YouTube,gid://shopify/Publication/315394032000,false,true,true,published
gid://shopify/Product/15724537479552,CHAOS SPACE MARINES: CHOSEN,99120102141,Google & YouTube,gid://shopify/Publication/315394032000,false,true,true,published
gid://shopify/Product/15724537643392,CHAOS SPACE MARINES: WARPSMITH,99120102138,Google & YouTube,gid://shopify/Publication/315394032000,false,true,true,published
gid://shopify/Product/15724537840000,CHAOS SPACE MARINES: POSSESSED,99120102140,Google & YouTube,gid://shopify/Publication/315394032000,false,true,true,published
gid://shopify/Product/15724537905536,CHAOS SPACE MARINES: DARK COMMUNE,99120102146,Google & YouTube,gid://shopify/Publication/315394032000,false,true,true,published
gid://shopify/Product/15724538102144,CHAOS SPACE MARINES: CHAOS CULTISTS,99120102144,Google & YouTube,gid://shopify/Publication/315394032000,false,true,true,published
gid://shopify/Product/15724538200448,CHAOS S/M: VASHTORR THE ARKIFANE,99120102180,Google & YouTube,gid://shopify/Publication/315394032000,false,true,true,published
gid://shopify/Product/15724538397056,COMBAT PATROL: CHAOS SPACE MARINES,99120102190,Google & YouTube,gid://shopify/Publication/315394032000,false,true,true,published
gid://shopify/Product/15724538528128,CODEX: ORKS (HB) (ENGLISH),60030103013,Google & YouTube,gid://shopify/Publication/315394032000,false,true,true,published
gid://shopify/Product/15724539838848,ORKS: BATTLEWAGON,99120103084,Google & YouTube,gid://shopify/Publication/315394032000,false,true,true,published
gid://shopify/Product/15724540625280,ORKS: GHAZGHKULL THRAKA,99120103079,Google & YouTube,gid://shopify/Publication/315394032000,false,true,true,published
gid://shopify/Product/15724541706624,ORKS: BOSS SNIKROT,99120103114,Google & YouTube,gid://shopify/Publication/315394032000,false,true,true,published
gid://shopify/Product/15724541837696,ORKS: BIG 'ED BOSSBUNKA,99120103082,Google & YouTube,gid://shopify/Publication/315394032000,false,true,true,published
gid://shopify/Product/15724542034304,ORKS: KILL RIG,99120103072,Google & YouTube,gid://shopify/Publication/315394032000,false,true,true,published
gid://shopify/Product/15724542132608,ORKS: PAINBOSS,99070103006,Google & YouTube,gid://shopify/Publication/315394032000,false,true,true,published
gid://shopify/Product/15724542361984,ORKS: BEAST SNAGGA BOYZ,99120103073,Google & YouTube,gid://shopify/Publication/315394032000,false,true,true,published
gid://shopify/Product/15724542493056,ORKS: SQUIGHOG BOYZ,99120103076,Google & YouTube,gid://shopify/Publication/315394032000,false,true,true,published
gid://shopify/Product/15724542755200,ORKS: MOZROG SKRAGBAD,99120103075,Google & YouTube,gid://shopify/Publication/315394032000,false,true,true,published
gid://shopify/Product/15724542853504,ORKS: ORK WARBOSS IN MEGA ARMOUR,99120103105,Google & YouTube,gid://shopify/Publication/315394032000,false,true,true,published
gid://shopify/Product/15724543050112,ORKS: BOYZ (COMBAT PATROL),99120103106,Google & YouTube,gid://shopify/Publication/315394032000,false,true,true,published
gid://shopify/Product/15724543181184,ORKS: DEFFKOPTAS,99120103107,Google & YouTube,gid://shopify/Publication/315394032000,false,true,true,published
gid://shopify/Product/15724543410560,ORKS: BIG MEK,99120103120,Google & YouTube,gid://shopify/Publication/315394032000,false,true,true,published
gid://shopify/Product/15724543574400,ORKS: KOMMANDOS,99120103127,Google & YouTube,gid://shopify/Publication/315394032000,false,true,true,published
gid://shopify/Product/15724543803776,COMBAT PATROL: ORKS,99120103115,Google & YouTube,gid://shopify/Publication/315394032000,false,true,true,published
gid://shopify/Product/15724543967616,CODEX: AELDARI (ENGLISH),60030104013,Google & YouTube,gid://shopify/Publication/315394032000,false,true,true,published
gid://shopify/Product/15724544393600,AELDARI: GUARDIANS,99120104091,Google & YouTube,gid://shopify/Publication/315394032000,false,true,true,published
gid://shopify/Product/15724544688512,AELDARI: DIRE AVENGERS,99120104079,Google & YouTube,gid://shopify/Publication/315394032000,false,true,true,published
gid://shopify/Product/15724544852352,AELDARI: WARLOCKS,99120104066,Google & YouTube,gid://shopify/Publication/315394032000,false,true,true,published
gid://shopify/Product/15724545180032,AELDARI: WAR WALKERS,99120104107,Google & YouTube,gid://shopify/Publication/315394032000,false,true,true,published
gid://shopify/Product/15724545507712,AELDARI: WAVE SERPENT,99120104106,Google & YouTube,gid://shopify/Publication/315394032000,false,true,true,published
gid://shopify/Product/15724545737088,AELDARI: DARK REAPERS,99120104068,Google & YouTube,gid://shopify/Publication/315394032000,false,true,true,published
gid://shopify/Product/15724545835392,AELDARI: WRAITHKNIGHT,99120104084,Google & YouTube,gid://shopify/Publication/315394032000,false,true,true,published
gid://shopify/Product/15724546032000,AELDARI: SHINING SPEARS,99120104071,Google & YouTube,gid://shopify/Publication/315394032000,false,true,true,published
gid://shopify/Product/15724546228608,AELDARI: RANGERS,99120104073,Google & YouTube,gid://shopify/Publication/315394032000,false,true,true,published
gid://shopify/Product/15724546359680,AELDARI: AUTARCH,99120104077,Google & YouTube,gid://shopify/Publication/315394032000,false,true,true,published
gid://shopify/Product/15724546523520,AELDARI: MAUGAN RA,99120104069,Google & YouTube,gid://shopify/Publication/315394032000,false,true,true,published
gid://shopify/Product/15724546654592,AELDARI: WARP SPIDERS,99120104100,Google & YouTube,gid://shopify/Publication/315394032000,false,true,true,published
gid://shopify/Product/15724546916736,AELDARI: FIRE DRAGONS,99120104102,Google & YouTube,gid://shopify/Publication/315394032000,false,true,true,published
gid://shopify/Product/15724547080576,AELDARI: SWOOPING HAWKS,99120104098,Google & YouTube,gid://shopify/Publication/315394032000,false,true,true,published
gid://shopify/Product/15724547473792,AELDARI: ASURMEN,99120104089,Google & YouTube,gid://shopify/Publication/315394032000,false,true,true,published
gid://shopify/Product/15724547572096,AELDARI: LHYKHIS,99120104101,Google & YouTube,gid://shopify/Publication/315394032000,false,true,true,published
gid://shopify/Product/15724547735936,AELDARI: PHOENIX LORD BAHARROTH,99120104099,Google & YouTube,gid://shopify/Publication/315394032000,false,true,true,published
gid://shopify/Product/15724547932544,AELDARI: PHOENIX LORD FUEGAN,99120104103,Google & YouTube,gid://shopify/Publication/315394032000,false,true,true,published
gid://shopify/Product/15724548358528,AELDARI: AVATAR OF KHAINE,99120104072,Google & YouTube,gid://shopify/Publication/315394032000,false,true,true,published
gid://shopify/Product/15724548587904,AELDARI: SHROUD RUNNERS,99120104074,Google & YouTube,gid://shopify/Publication/315394032000,false,true,true,published
gid://shopify/Product/15724549505408,COMBAT PATROL: AELDARI,99120104097,Google & YouTube,gid://shopify/Publication/315394032000,false,true,true,published
gid://shopify/Product/15724549636480,CODEX: ASTRA MILITARUM (ENG),60030105013,Google & YouTube,gid://shopify/Publication/315394032000,false,true,true,published
gid://shopify/Product/15724549800320,ASTRA MILITARUM LEMAN RUSS BATTLE TANK,99120105111,Google & YouTube,gid://shopify/Publication/315394032000,false,true,true,published
gid://shopify/Product/15724550128000,ASTRA MILITARUM: CADIAN COMMAND SQUAD,99120105102,Google & YouTube,gid://shopify/Publication/315394032000,false,true,true,published
gid://shopify/Product/15724550259072,ASTRA MILITARUM VALKYRIE,99120105113,Google & YouTube,gid://shopify/Publication/315394032000,false,true,true,published
gid://shopify/Product/15724550357376,ASTRA MILITARUM: SENTINEL,99120105103,Google & YouTube,gid://shopify/Publication/315394032000,false,true,true,published
gid://shopify/Product/15724550881664,A/MILITARUM: CADIAN HEAVY WEAPONS SQUAD,99120105097,Google & YouTube,gid://shopify/Publication/315394032000,false,true,true,published
gid://shopify/Product/15724551143808,ASTRA MILITARUM: BANEBLADE,99120105107,Google & YouTube,gid://shopify/Publication/315394032000,false,true,true,published
gid://shopify/Product/15724551438720,A/MILITARUM: ROGAL DORN BATTLE TANK,99120105098,Google & YouTube,gid://shopify/Publication/315394032000,false,true,true,published
gid://shopify/Product/15724551602560,A/MILITARUM: LORD CASTELLAN URSULA CREED,99120105096,Google & YouTube,gid://shopify/Publication/315394032000,false,true,true,published
gid://shopify/Product/15724551831936,ASTRA MILITARUM: CADIAN SHOCK TROOPS,99120105101,Google & YouTube,gid://shopify/Publication/315394032000,false,true,true,published
gid://shopify/Product/15724551963008,ASTRA MILITARUM: CADIAN CASTELLAN,99120105100,Google & YouTube,gid://shopify/Publication/315394032000,false,true,true,published
gid://shopify/Product/15724552192384,ASTRA MILITARUM: LORD SOLAR LEONTUS,99120105095,Google & YouTube,gid://shopify/Publication/315394032000,false,true,true,published
gid://shopify/Product/15724552356224,ASTRA MILITARUM: ATTILAN ROUGH RIDERS,99120105092,Google & YouTube,gid://shopify/Publication/315394032000,false,true,true,published
gid://shopify/Product/15724552585600,ASTRA MILITARUM: CADIAN UPGRADES,99120105106,Google & YouTube,gid://shopify/Publication/315394032000,false,true,true,published
gid://shopify/Product/15724552749440,ASTRA MILITARUM: FIELD ORDNANCE BATTERY,99120105104,Google & YouTube,gid://shopify/Publication/315394032000,false,true,true,published
gid://shopify/Product/15724552946048,ASTRA MILITARUM: COMMISSAR,99120105099,Google & YouTube,gid://shopify/Publication/315394032000,false,true,true,published
gid://shopify/Product/15724553077120,ASTRA MILITARUM: KRIEG COMMAND SQUAD,99120105127,Google & YouTube,gid://shopify/Publication/315394032000,false,true,true,published
gid://shopify/Product/15724553273728,A/MILITARUM: KRIEG HEAVY WEAPONS SQUAD,99120105130,Google & YouTube,gid://shopify/Publication/315394032000,false,true,true,published
gid://shopify/Product/15724553437568,ASTRA MILITARUM: DEATH RIDERS,99120105128,Google & YouTube,gid://shopify/Publication/315394032000,false,true,true,published
gid://shopify/Product/15724553666944,ASTRA MILITARUM: KRIEG COMBAT ENGINEERS,99120105129,Google & YouTube,gid://shopify/Publication/315394032000,false,true,true,published
gid://shopify/Product/15724553765248,A/MILITARUM: KRIEG LORD-MARSHAL DREIR,99120105125,Google & YouTube,gid://shopify/Publication/315394032000,false,true,true,published
gid://shopify/Product/15724553929088,ASTRA MILITARUM: KRIEG ARTILLERY TEAM,99120105126,Google & YouTube,gid://shopify/Publication/315394032000,false,true,true,published
gid://shopify/Product/15724554125696,A/MILITARUM: DEATH KORPS OF KRIEG,99120105135,Google & YouTube,gid://shopify/Publication/315394032000,false,true,true,published
gid://shopify/Product/15724554289536,COMBAT PATROL: ASTRA MILITARUM,99120105124,Google & YouTube,gid://shopify/Publication/315394032000,false,true,true,published
gid://shopify/Product/15724554453376,CODEX: TYRANIDS (ENGLISH),60030106010,Google & YouTube,gid://shopify/Publication/315394032000,false,true,true,published
gid://shopify/Product/15724554584448,TYRANIDS: GENESTEALERS,99120106068,Google & YouTube,gid://shopify/Publication/315394032000,false,true,true,published
gid://shopify/Product/15724555043200,TYRANIDS: TYRANNOFEX,99120106054,Google & YouTube,gid://shopify/Publication/315394032000,false,true,true,published
gid://shopify/Product/15724555174272,TYRANIDS: GARGOYLES,99120106052,Google & YouTube,gid://shopify/Publication/315394032000,false,true,true,published
gid://shopify/Product/15724555305344,TYRANIDS: HORMAGAUNTS,99120106073,Google & YouTube,gid://shopify/Publication/315394032000,false,true,true,published
gid://shopify/Product/15724555895168,TYRANIDS: PARASITE OF MORTREX,99120106050,Google & YouTube,gid://shopify/Publication/315394032000,false,true,true,published
gid://shopify/Product/15724556091776,TYRANIDS: LICTOR,99120106069,Google & YouTube,gid://shopify/Publication/315394032000,false,true,true,published
gid://shopify/Product/15724556255616,TYRANIDS: DEATHLEAPER,99120106067,Google & YouTube,gid://shopify/Publication/315394032000,false,true,true,published
gid://shopify/Product/15724556419456,TYRANIDS: NORN EMISSARY,99120106064,Google & YouTube,gid://shopify/Publication/315394032000,false,true,true,published
gid://shopify/Product/15724556517760,TYRANIDS: NEUROLICTOR,99120106072,Google & YouTube,gid://shopify/Publication/315394032000,false,true,true,published
gid://shopify/Product/15724556779904,TYRANIDS: TERMAGANTS,99120106066,Google & YouTube,gid://shopify/Publication/315394032000,false,true,true,published
gid://shopify/Product/15724557173120,TYRANIDS: BIOVORE,99120106065,Google & YouTube,gid://shopify/Publication/315394032000,false,true,true,published
gid://shopify/Product/15724557336960,TYRANID PAINT SET+ ENG/SPA/PORT/LATV/ROM,52170106001,Google & YouTube,gid://shopify/Publication/315394032000,false,true,true,published
gid://shopify/Product/15724557468032,COMBAT PATROL: TYRANID ASSAULT BROOD,99120106081,Google & YouTube,gid://shopify/Publication/315394032000,false,true,true,published
gid://shopify/Product/15724557664640,CODEX: GREY KNIGHTS (ENGLISH),60030107008,Google & YouTube,gid://shopify/Publication/315394032000,false,true,true,published
gid://shopify/Product/15724557828480,G/K: GRAND MASTER IN NEMESIS DREADKNIGHT,99120107023,Google & YouTube,gid://shopify/Publication/315394032000,false,true,true,published
gid://shopify/Product/15724558418304,GREY KNIGHTS: CASTELLAN CROWE,99120107015,Google & YouTube,gid://shopify/Publication/315394032000,false,true,true,published
gid://shopify/Product/15724558582144,COMBAT PATROL: GREY KNIGHTS,99120107021,Google & YouTube,gid://shopify/Publication/315394032000,false,true,true,published
gid://shopify/Product/15724558680448,IMPERIAL AGENTS: VINDICARE ASSASSIN,99070108017,Google & YouTube,gid://shopify/Publication/315394032000,false,true,true,published
gid://shopify/Product/15724558811520,IMPERIAL AGENTS: CULEXUS ASSASSIN,99070108016,Google & YouTube,gid://shopify/Publication/315394032000,false,true,true,published
gid://shopify/Product/15724559008128,IMPERIAL AGENTS: CALLIDUS ASSASSIN,99070108018,Google & YouTube,gid://shopify/Publication/315394032000,false,true,true,published
gid://shopify/Product/15724559139200,IMPERIAL AGENTS: EVERSOR ASSASSIN,99070108015,Google & YouTube,gid://shopify/Publication/315394032000,false,true,true,published
gid://shopify/Product/15724559270272,IMPERIAL AGENTS: INQUISITOR DRAXUS,99070108020,Google & YouTube,gid://shopify/Publication/315394032000,false,true,true,published
gid://shopify/Product/15724559401344,IMPERIAL AGENTS: INQUISITOR GREYFAX,99070108019,Google & YouTube,gid://shopify/Publication/315394032000,false,true,true,published
gid://shopify/Product/15724559565184,IMPERIAL AGENTS: NAVIGATOR,99070108014,Google & YouTube,gid://shopify/Publication/315394032000,false,true,true,published
gid://shopify/Product/15724559794560,IMP. AGENTS: DEATHWATCH CAPTAIN ARTEMIS,99070108022,Google & YouTube,gid://shopify/Publication/315394032000,false,true,true,published
gid://shopify/Product/15724559925632,CODEX: IMPERIAL AGENTS (ENGLISH),60030108021,Google & YouTube,gid://shopify/Publication/315394032000,false,true,true,published
gid://shopify/Product/15724560056704,COMBAT PATROL: IMPERIAL AGENTS,99120108101,Google & YouTube,gid://shopify/Publication/315394032000,false,true,true,published
gid://shopify/Product/15724560253312,ADEPTUS CUSTODES: VALERIAN AND ALEYA,99120108031,Google & YouTube,gid://shopify/Publication/315394032000,false,true,true,published
gid://shopify/Product/15724560875904,CODEX: NECRONS (ENG),60030110008,Google & YouTube,gid://shopify/Publication/315394032000,false,true,true,published
gid://shopify/Product/15724561072512,NECRONS: NECRON WARRIORS,99120110052,Google & YouTube,gid://shopify/Publication/315394032000,false,true,true,published
gid://shopify/Product/15724561432960,NECRONS MONOLITH,99120110043,Google & YouTube,gid://shopify/Publication/315394032000,false,true,true,published
gid://shopify/Product/15724563005824,NECRONS: SZAREKH THE SILENT KING,99120110047,Google & YouTube,gid://shopify/Publication/315394032000,false,true,true,published
gid://shopify/Product/15724563169664,NECRONS HEXMARK DESTROYER,99120110048,Google & YouTube,gid://shopify/Publication/315394032000,false,true,true,published
gid://shopify/Product/15724563300736,NECRONS LOKHUSTS HEAVY DESTROYER,99120110044,Google & YouTube,gid://shopify/Publication/315394032000,false,true,true,published
gid://shopify/Product/15724563497344,NECRONS CANOPTEK DOOMSTALKER,99120110045,Google & YouTube,gid://shopify/Publication/315394032000,false,true,true,published
gid://shopify/Product/15724563825024,NECRONS SKORPEKH DESTROYERS,99120110051,Google & YouTube,gid://shopify/Publication/315394032000,false,true,true,published
gid://shopify/Product/15724564054400,NECRONS PSYCHOMANCER,99120110073,Google & YouTube,gid://shopify/Publication/315394032000,false,true,true,published
gid://shopify/Product/15724564185472,NECRONS: FLAYED ONES,99120110056,Google & YouTube,gid://shopify/Publication/315394032000,false,true,true,published
gid://shopify/Product/15724564283776,NECRONS CHRONOMANCER,99070110003,Google & YouTube,gid://shopify/Publication/315394032000,false,true,true,published
gid://shopify/Product/15724564414848,NECRONS: CTAN SHARD OF THE NIGHTBRINGER,99120110088,Google & YouTube,gid://shopify/Publication/315394032000,false,true,true,published
gid://shopify/Product/15724564578688,NECRONS: NEKROSOR AMMENTAR,99120110089,Google & YouTube,gid://shopify/Publication/315394032000,false,true,true,published
gid://shopify/Product/15724564676992,NECRONS: IMOTEKH THE STORMLORD,99120110078,Google & YouTube,gid://shopify/Publication/315394032000,false,true,true,published
gid://shopify/Product/15724564808064,NECRONS ILLUMINOR SZERAS,99120110049,Google & YouTube,gid://shopify/Publication/315394032000,false,true,true,published
gid://shopify/Product/15724564906368,NECRONS: ORIKAN THE DIVINER,99120110081,Google & YouTube,gid://shopify/Publication/315394032000,false,true,true,published
gid://shopify/Product/15724565037440,NECRONS: OVERLORD + TRANSLOCATION SHROUD,99120110079,Google & YouTube,gid://shopify/Publication/315394032000,false,true,true,published
gid://shopify/Product/15724565201280,COMBAT PATROL: NECRONS,99120110077,Google & YouTube,gid://shopify/Publication/315394032000,false,true,true,published
gid://shopify/Product/15724565299584,CODEX: IMPERIAL KNIGHTS (ENGLISH),60030108022,Google & YouTube,gid://shopify/Publication/315394032000,false,true,true,published
gid://shopify/Product/15724565692800,IMPERIAL KNIGHTS: KNIGHT QUESTORIS,99120108105,Google & YouTube,gid://shopify/Publication/315394032000,false,true,true,published
gid://shopify/Product/15724565823872,CODEX: DRUKHARI (HB) (ENGLISH),60030112009,Google & YouTube,gid://shopify/Publication/315394032000,false,true,true,published
gid://shopify/Product/15724566577536,DRUKHARI: ARCHON,99120112060,Google & YouTube,gid://shopify/Publication/315394032000,false,true,true,published
gid://shopify/Product/15724566741376,DRUKHARI LELITH HESPERAX,99120112042,Google & YouTube,gid://shopify/Publication/315394032000,false,true,true,published
gid://shopify/Product/15724567036288,DRUKHARI: LADY MALYS,99120112054,Google & YouTube,gid://shopify/Publication/315394032000,false,true,true,published
gid://shopify/Product/15724567167360,COMBAT PATROL: DRUKHARI,99120112057,Google & YouTube,gid://shopify/Publication/315394032000,false,true,true,published
gid://shopify/Product/15724567298432,CODEX: T'AU EMPIRE (ENGLISH),60030113014,Google & YouTube,gid://shopify/Publication/315394032000,false,true,true,published
gid://shopify/Product/15724567691648,T'AU EMPIRE: PATHFINDER TEAM,99120113080,Google & YouTube,gid://shopify/Publication/315394032000,false,true,true,published
gid://shopify/Product/15724568314240,T'AU EMPIRE: BROADSIDE BATTLESUIT,99120113082,Google & YouTube,gid://shopify/Publication/315394032000,false,true,true,published
gid://shopify/Product/15724569395584,T'AU EMPIRE: DARKSTRIDER,99070113005,Google & YouTube,gid://shopify/Publication/315394032000,false,true,true,published
gid://shopify/Product/15724569526656,T'AU EMPIRE: COMMANDER FARSIGHT,99120113086,Google & YouTube,gid://shopify/Publication/315394032000,false,true,true,published
gid://shopify/Product/15724569657728,T'AU EMPIRE: KROOT CARNIVORE SQUAD,99120113089,Google & YouTube,gid://shopify/Publication/315394032000,false,true,true,published
gid://shopify/Product/15724569788800,T'AU EMPIRE: KROOTOX RAMPAGERS,99120113088,Google & YouTube,gid://shopify/Publication/315394032000,false,true,true,published
gid://shopify/Product/15724569952640,T'AU EMPIRE: KROOTOX RIDER,99120113087,Google & YouTube,gid://shopify/Publication/315394032000,false,true,true,published
gid://shopify/Product/15724570116480,T'AU EMPIRE: KROOT HOUNDS,99120113090,Google & YouTube,gid://shopify/Publication/315394032000,false,true,true,published
gid://shopify/Product/15724570313088,T'AU EMPIRE: KROOT LONE-SPEAR,99120113092,Google & YouTube,gid://shopify/Publication/315394032000,false,true,true,published
gid://shopify/Product/15724570608000,COMBAT PATROL: T'AU EMPIRE,99120113091,Google & YouTube,gid://shopify/Publication/315394032000,false,true,true,published
gid://shopify/Product/15724570706304,CODEX: ADEPTUS MECHANICUS (ENG),60030116008,Google & YouTube,gid://shopify/Publication/315394032000,false,true,true,published
gid://shopify/Product/15724573327744,ADEPTUS MECHANICUS: SKITARII MARSHALL,99070116003,Google & YouTube,gid://shopify/Publication/315394032000,false,true,true,published
gid://shopify/Product/15724573655424,COMBAT PATROL: ADEPTUS MECHANICUS,99120116044,Google & YouTube,gid://shopify/Publication/315394032000,false,true,true,published
gid://shopify/Product/15724573819264,CODEX: GENESTEALER CULTS (ENGLISH),60030117005,Google & YouTube,gid://shopify/Publication/315394032000,false,true,true,published
gid://shopify/Product/15724574933376,COMBAT PATROL: GENESTEALER CULTS,99120117028,Google & YouTube,gid://shopify/Publication/315394032000,false,true,true,published
gid://shopify/Product/15724575031680,CODEX: LEAGUES OF VOTANN (ENGLISH),60030118002,Google & YouTube,gid://shopify/Publication/315394032000,false,true,true,published
gid://shopify/Product/15724575195520,LEAGUES OF VOTANN: EINHYR HEARTHGUARD,99120118001,Google & YouTube,gid://shopify/Publication/315394032000,false,true,true,published
gid://shopify/Product/15724575326592,LEAGUES OF VOTANN: CTHONIAN BESERKS,99120118002,Google & YouTube,gid://shopify/Publication/315394032000,false,true,true,published
gid://shopify/Product/15724575490432,LEAGUES OF VOTANN: SAGITAUR,99120118003,Google & YouTube,gid://shopify/Publication/315394032000,false,true,true,published
gid://shopify/Product/15724575621504,LEAGUES OF VOTANN: BROKHYR THUNDERKYN,99120118005,Google & YouTube,gid://shopify/Publication/315394032000,false,true,true,published
gid://shopify/Product/15724575785344,LEAGUES OF VOTANN: HEKATON LAND FORTRESS,99120118006,Google & YouTube,gid://shopify/Publication/315394032000,false,true,true,published
gid://shopify/Product/15724576014720,LEAGUES OF VOTANN: HEARTHKYN WARRIORS,99120118007,Google & YouTube,gid://shopify/Publication/315394032000,false,true,true,published
gid://shopify/Product/15724576211328,LEAGUES OF VOTANN: HERNKYN PIONEERS,99120118008,Google & YouTube,gid://shopify/Publication/315394032000,false,true,true,published
gid://shopify/Product/15724576342400,LEAGUES OF VOTANN: BROKHYR IRON-MASTER,99120118010,Google & YouTube,gid://shopify/Publication/315394032000,false,true,true,published
gid://shopify/Product/15724576473472,LEAGUES OF VOTANN: EINHYR CHAMPION,99120118012,Google & YouTube,gid://shopify/Publication/315394032000,false,true,true,published
gid://shopify/Product/15724576670080,LEAGUES OF VOTANN: MEMNYR STRATEGIST,99120118026,Google & YouTube,gid://shopify/Publication/315394032000,false,true,true,published
gid://shopify/Product/15724576801152,LEAGUES OF VOTANN: ARKANYST EVALUATOR,99120118025,Google & YouTube,gid://shopify/Publication/315394032000,false,true,true,published
gid://shopify/Product/15724576997760,LEAGUES OF VOTANN: BURI AEGNIRSSEN,99120118019,Google & YouTube,gid://shopify/Publication/315394032000,false,true,true,published
gid://shopify/Product/15724577128832,LEAGUES OF VOTANN: IRONKIN STEELJACKS,99120118020,Google & YouTube,gid://shopify/Publication/315394032000,false,true,true,published
gid://shopify/Product/15724577325440,LEAGUES OF VOTANN: CTHONIAN EARTHSHAKERS,99120118021,Google & YouTube,gid://shopify/Publication/315394032000,false,true,true,published
gid://shopify/Product/15724577456512,LEAGUES OF VOTANN: KAPRICUS,99120118022,Google & YouTube,gid://shopify/Publication/315394032000,false,true,true,published
gid://shopify/Product/15724577653120,COMBAT PATROL: LEAGUES OF VOTANN,99120118024,Google & YouTube,gid://shopify/Publication/315394032000,false,true,true,published
gid://shopify/Product/15724578013568,ULTRAMARINES: UPGRADES AND TRANSFERS,99120101451,Google & YouTube,gid://shopify/Publication/315394032000,false,true,true,published
gid://shopify/Product/15724578111872,ULTRAMARINES: CATO SICARIUS,99120101452,Google & YouTube,gid://shopify/Publication/315394032000,false,true,true,published
gid://shopify/Product/15724578275712,MARNEUS CALGAR IN ARMOUR OF ANTILOCHUS,99120101450,Google & YouTube,gid://shopify/Publication/315394032000,false,true,true,published
gid://shopify/Product/15724578406784,ULTRAMARINES: VICTRIX HONOUR GUARD,99120101453,Google & YouTube,gid://shopify/Publication/315394032000,false,true,true,published
gid://shopify/Product/15724578636160,CAPTAIN TITUS & THE WARDENS OF ULTRAMAR,99120101459,Google & YouTube,gid://shopify/Publication/315394032000,false,true,true,published
gid://shopify/Product/15724579389824,RAVEN GUARD: AETHON SHAAN,99120101445,Google & YouTube,gid://shopify/Publication/315394032000,false,true,true,published
gid://shopify/Product/15724579848576,IRON HANDS: CAANOK VAR,99120101447,Google & YouTube,gid://shopify/Publication/315394032000,false,true,true,published
gid://shopify/Product/15724580307328,IMPERIAL FISTS: DARNATH LYSANDER,99120101446,Google & YouTube,gid://shopify/Publication/315394032000,false,true,true,published
gid://shopify/Product/15724580897152,SPACE MARINES: VULKAN HE'STAN,99120101444,Google & YouTube,gid://shopify/Publication/315394032000,false,true,true,published
gid://shopify/Product/15724581028224,CODEX SUPPLEMENT: BLOOD ANGELS (ENG),60030101063,Google & YouTube,gid://shopify/Publication/315394032000,false,true,true,published
gid://shopify/Product/15724581355904,BLOOD ANGELS: CAPTAIN,99120101416,Google & YouTube,gid://shopify/Publication/315394032000,false,true,true,published
gid://shopify/Product/15724581552512,BLOOD ANGELS: SANGUINARY GUARD,99120101413,Google & YouTube,gid://shopify/Publication/315394032000,false,true,true,published
gid://shopify/Product/15724581618048,BLOOD ANGELS: LEMARTES,99120101418,Google & YouTube,gid://shopify/Publication/315394032000,false,true,true,published
gid://shopify/Product/15724581781888,BLOOD ANGELS: THE SANGUINOR,99120101414,Google & YouTube,gid://shopify/Publication/315394032000,false,true,true,published
gid://shopify/Product/15724581912960,BLOOD ANGELS: ASTORATH THE GRIM,99120101419,Google & YouTube,gid://shopify/Publication/315394032000,false,true,true,published
gid://shopify/Product/15724582240640,BLOOD ANGELS: COMMANDER DANTE,99120101395,Google & YouTube,gid://shopify/Publication/315394032000,false,true,true,published
gid://shopify/Product/15724582568320,BLOOD ANGELS: SANGUINARY PRIEST,99120101415,Google & YouTube,gid://shopify/Publication/315394032000,false,true,true,published
gid://shopify/Product/15724582699392,BLOOD ANGELS: UPGRADES & TRANSFERS,99120101417,Google & YouTube,gid://shopify/Publication/315394032000,false,true,true,published
gid://shopify/Product/15724582896000,COMBAT PATROL: BLOOD ANGELS,99120101412,Google & YouTube,gid://shopify/Publication/315394032000,false,true,true,published
gid://shopify/Product/15724583027072,CODEX SUPPLEMENT: DARK ANGELS (ENG),60030101062,Google & YouTube,gid://shopify/Publication/315394032000,false,true,true,published
gid://shopify/Product/15724583387520,DARK ANGELS AZRAEL,99120101379,Google & YouTube,gid://shopify/Publication/315394032000,false,true,true,published
gid://shopify/Product/15724583551360,DARK ANGELS: INNER CIRCLE COMPANIONS,99120101407,Google & YouTube,gid://shopify/Publication/315394032000,false,true,true,published
gid://shopify/Product/15724583682432,DARK ANGELS LION EL'JOHNSON,99120101378,Google & YouTube,gid://shopify/Publication/315394032000,false,true,true,published
gid://shopify/Product/15724583911808,DARK ANGELS:ASMODAI MASTER OF REPENTANCE,99120101403,Google & YouTube,gid://shopify/Publication/315394032000,false,true,true,published
gid://shopify/Product/15724584042880,DARK ANGELS: DEATHWING KNIGHTS,99120101405,Google & YouTube,gid://shopify/Publication/315394032000,false,true,true,published
gid://shopify/Product/15724584206720,D/A:BELIAL GRAND MASTER OF THE DEATHWING,99120101404,Google & YouTube,gid://shopify/Publication/315394032000,false,true,true,published
gid://shopify/Product/15724584305024,DARK ANGELS: UPGRADES AND TRANSFERS,99120101411,Google & YouTube,gid://shopify/Publication/315394032000,false,true,true,published
gid://shopify/Product/15724584436096,COMBAT PATROL: DARK ANGELS,99120101406,Google & YouTube,gid://shopify/Publication/315394032000,false,true,true,published
gid://shopify/Product/15724584632704,CODEX SUPPLEMENT: SPACE WOLVES (ENG),60030101064,Google & YouTube,gid://shopify/Publication/315394032000,false,true,true,published
gid://shopify/Product/15724584796544,SPACE WOLVES: BLOOD CLAWS,99120101434,Google & YouTube,gid://shopify/Publication/315394032000,false,true,true,published
gid://shopify/Product/15724585976192,SPACE WOLVES: GREY HUNTERS,99120101433,Google & YouTube,gid://shopify/Publication/315394032000,false,true,true,published
gid://shopify/Product/15724586238336,SPACE WOLVES: LOGAN GRIMNAR,99120101438,Google & YouTube,gid://shopify/Publication/315394032000,false,true,true,published
gid://shopify/Product/15724586336640,SPACE WOLVES: WOLF GUARD HEADTAKERS,99120101437,Google & YouTube,gid://shopify/Publication/315394032000,false,true,true,published
gid://shopify/Product/15724586467712,SPACE WOLVES: RAGNAR BLACKMANE,99120101275,Google & YouTube,gid://shopify/Publication/315394032000,false,true,true,published
gid://shopify/Product/15724586631552,SPACE WOLVES: WOLF GUARD BATTLE LEADER,99120101436,Google & YouTube,gid://shopify/Publication/315394032000,false,true,true,published
gid://shopify/Product/15724586860928,SPACE WOLVES: WOLF PRIEST,99120101435,Google & YouTube,gid://shopify/Publication/315394032000,false,true,true,published
gid://shopify/Product/15724586959232,SPACE WOLVES: NJAL STORMCALLER,99120101440,Google & YouTube,gid://shopify/Publication/315394032000,false,true,true,published
gid://shopify/Product/15724587155840,SPACE WOLVES: WOLF GUARD TERMINATORS,99120101441,Google & YouTube,gid://shopify/Publication/315394032000,false,true,true,published
gid://shopify/Product/15724587352448,SPACE WOLVES: ARJAC ROCKFIST,99120101439,Google & YouTube,gid://shopify/Publication/315394032000,false,true,true,published
gid://shopify/Product/15724587549056,COMBAT PATROL: SPACE WOLVES,99120101426,Google & YouTube,gid://shopify/Publication/315394032000,false,true,true,published
gid://shopify/Product/15724587680128,DEATH GUARD: LORD OF POXES,99120102198,Google & YouTube,gid://shopify/Publication/315394032000,false,true,true,published
gid://shopify/Product/15724587843968,CODEX: DEATH GUARD (HB) (ENGLISH),60030102032,Google & YouTube,gid://shopify/Publication/315394032000,false,true,true,published
gid://shopify/Product/15724590039424,DEATH GUARD: POXWALKERS,99120102115,Google & YouTube,gid://shopify/Publication/315394032000,false,true,true,published
gid://shopify/Product/15724590203264,DEATH GUARD LORD OF VIRULENCE,99120102117,Google & YouTube,gid://shopify/Publication/315394032000,false,true,true,published
gid://shopify/Product/15724590334336,COMBAT PATROL: DEATH GUARD,99120102194,Google & YouTube,gid://shopify/Publication/315394032000,false,true,true,published
gid://shopify/Product/15724590465408,CODEX: THOUSAND SONS (HB) (ENGLISH),60030102033,Google & YouTube,gid://shopify/Publication/315394032000,false,true,true,published
gid://shopify/Product/15724590629248,THOUSAND SONS: SEKHETAR ROBOTS,99120102197,Google & YouTube,gid://shopify/Publication/315394032000,false,true,true,published
gid://shopify/Product/15724591415680,THOUSAND SONS: INFERNAL MASTER,99120102122,Google & YouTube,gid://shopify/Publication/315394032000,false,true,true,published
gid://shopify/Product/15724591579520,COMBAT PATROL: THOUSAND SONS,99120102195,Google & YouTube,gid://shopify/Publication/315394032000,false,true,true,published
gid://shopify/Product/15724591743360,CHAOS KNIGHTS: KNIGHT RUINATOR,99120102191,Google & YouTube,gid://shopify/Publication/315394032000,false,true,true,published
gid://shopify/Product/15724591841664,CODEX: CHAOS KNIGHTS (ENG),60030102031,Google & YouTube,gid://shopify/Publication/315394032000,false,true,true,published
gid://shopify/Product/15724592005504,CHAOS KNIGHTS: WARDOGS,99120102139,Google & YouTube,gid://shopify/Publication/315394032000,false,true,true,published
gid://shopify/Product/15724592169344,WORLD EATERS: KHORNE BERSERKERS,99120102153,Google & YouTube,gid://shopify/Publication/315394032000,false,true,true,published
gid://shopify/Product/15724592464256,WORLD EATERS: LORD INVOCATUS,99120102155,Google & YouTube,gid://shopify/Publication/315394032000,false,true,true,published
gid://shopify/Product/15724592660864,W/E: ANGRON DAEMON PRIMARCH OF KHORNE,99120102152,Google & YouTube,gid://shopify/Publication/315394032000,false,true,true,published
gid://shopify/Product/15724592824704,WORLD EATERS: JAKHALS,99120102156,Google & YouTube,gid://shopify/Publication/315394032000,false,true,true,published
gid://shopify/Product/15724592988544,WORLD EATERS: EXALTED EIGHTBOUND,99120102154,Google & YouTube,gid://shopify/Publication/315394032000,false,true,true,published
gid://shopify/Product/15724593054080,CODEX: WORLD EATERS (ENGLISH),60030102034,Google & YouTube,gid://shopify/Publication/315394032000,false,true,true,published
gid://shopify/Product/15724593152384,WORLD EATERS: SLAUGHTER-BOUND,99120102199,Google & YouTube,gid://shopify/Publication/315394032000,false,true,true,published
gid://shopify/Product/15724593283456,COMBAT PATROL: WORLD EATERS,99120102196,Google & YouTube,gid://shopify/Publication/315394032000,false,true,true,published
gid://shopify/Product/15724593480064,CODEX: EMPEROR'S CHILDREN (ENGLISH),60030102035,Google & YouTube,gid://shopify/Publication/315394032000,false,true,true,published
gid://shopify/Product/15724593611136,EMPEROR'S CHILDREN: LORD KAKOPHONIST,99120102205,Google & YouTube,gid://shopify/Publication/315394032000,false,true,true,published
gid://shopify/Product/15724593709440,EMPERORS CHILDREN: FULGRIM,99120102200,Google & YouTube,gid://shopify/Publication/315394032000,false,true,true,published
gid://shopify/Product/15724593840512,EMPEROR'S CHILDREN: FLAWLESS BLADES,99120102202,Google & YouTube,gid://shopify/Publication/315394032000,false,true,true,published
gid://shopify/Product/15724594004352,EMPEROR'S CHILDREN: LUCIUS THE ETERNAL,99120102201,Google & YouTube,gid://shopify/Publication/315394032000,false,true,true,published
gid://shopify/Product/15724594135424,EMPEROR'S CHILDREN: LORD EXULTANT,99120102206,Google & YouTube,gid://shopify/Publication/315394032000,false,true,true,published
gid://shopify/Product/15724594233728,EMPEROR'S CHILDREN: NOISE MARINES,99120102204,Google & YouTube,gid://shopify/Publication/315394032000,false,true,true,published
gid://shopify/Product/15724594430336,EMPEROR'S CHILDREN: TORMENTORS,99120102203,Google & YouTube,gid://shopify/Publication/315394032000,false,true,true,published
gid://shopify/Product/15724594561408,COMBAT PATROL: EMPEROR'S CHILDREN,99120102207,Google & YouTube,gid://shopify/Publication/315394032000,false,true,true,published
gid://shopify/Product/15724594692480,CODEX SUPPLEMENT: BLACK TEMPLARS (ENG),60030101065,Google & YouTube,gid://shopify/Publication/315394032000,false,true,true,published
gid://shopify/Product/15724594823552,BLACK TEMPLARS: HIGH MARSHAL HELBRECHT,99120101363,Google & YouTube,gid://shopify/Publication/315394032000,false,true,true,published
gid://shopify/Product/15724595052928,BLACK TEMPLARS SWORD BRETHREN,99120101357,Google & YouTube,gid://shopify/Publication/315394032000,false,true,true,published
gid://shopify/Product/15724595216768,BLACK TEMPLARS: GRIMALDUS & RETINUE,99120101364,Google & YouTube,gid://shopify/Publication/315394032000,false,true,true,published
gid://shopify/Product/15724595380608,BLACK TEMPLARS: PRIMARIS CRUSADER SQUAD,99120101351,Google & YouTube,gid://shopify/Publication/315394032000,false,true,true,published
gid://shopify/Product/15724595478912,BLACK TEMPLARS: EMPEROR'S CHAMPION,99120101366,Google & YouTube,gid://shopify/Publication/315394032000,false,true,true,published
gid://shopify/Product/15724595609984,BLACK TEMPLARS CASTELLAN,99120101367,Google & YouTube,gid://shopify/Publication/315394032000,false,true,true,published
gid://shopify/Product/15724595806592,BLACK TEMPLARS: MARSHAL,99120101368,Google & YouTube,gid://shopify/Publication/315394032000,false,true,true,published
gid://shopify/Product/15724595904896,BLACK TEMPLARS: UPGRADES AND TRANSFERS,99120101369,Google & YouTube,gid://shopify/Publication/315394032000,false,true,true,published
gid://shopify/Product/15724596068736,BLACK TEMPLARS: EXECRATOR,99120101443,Google & YouTube,gid://shopify/Publication/315394032000,false,true,true,published
gid://shopify/Product/15724596232576,BLACK TEMPLARS: CRUSADE ANCIENT,99120101442,Google & YouTube,gid://shopify/Publication/315394032000,false,true,true,published
gid://shopify/Product/15724596363648,COMBAT PATROL: BLACK TEMPLARS,99120101428,Google & YouTube,gid://shopify/Publication/315394032000,false,true,true,published
gid://shopify/Product/15724597281152,CODEX: ADEPTUS CUSTODES (ENG),60030108019,Google & YouTube,gid://shopify/Publication/315394032000,false,true,true,published
gid://shopify/Product/15724597477760,ADEPTUS CUSTODES: BLADE CHAMPION,99070108010,Google & YouTube,gid://shopify/Publication/315394032000,false,true,true,published
gid://shopify/Product/15724597641600,ADEPTUS CUSTODES: SHIELD CAPTAIN,99120108099,Google & YouTube,gid://shopify/Publication/315394032000,false,true,true,published
gid://shopify/Product/15724597772672,COMBAT PATROL: ADEPTUS CUSTODES,99120108094,Google & YouTube,gid://shopify/Publication/315394032000,false,true,true,published
gid://shopify/Product/15724598067584,CODEX: ADEPTA SORORITAS (HB) (ENGLISH),60030108020,Google & YouTube,gid://shopify/Publication/315394032000,false,true,true,published
gid://shopify/Product/15724600066432,ADEPTA SORORITAS: PALATINE,99070108007,Google & YouTube,gid://shopify/Publication/315394032000,false,true,true,published
gid://shopify/Product/15724600164736,ADEPTA SORORITAS: CASTIGATOR,99120108048,Google & YouTube,gid://shopify/Publication/315394032000,false,true,true,published
gid://shopify/Product/15724600295808,ADEPTA SORORITAS: PARAGON WARSUIT,99120108046,Google & YouTube,gid://shopify/Publication/315394032000,false,true,true,published
gid://shopify/Product/15724600492416,ADEPTA SORORITAS CELESTIAN SACRESANTS,99120108045,Google & YouTube,gid://shopify/Publication/315394032000,false,true,true,published
gid://shopify/Product/15724600656256,A/S: MORVENN VAHL ABBESS SANCTORUM,99120108047,Google & YouTube,gid://shopify/Publication/315394032000,false,true,true,published
gid://shopify/Product/15724600820096,A/S: MINISTORUM PRIEST WITH VINDICTOR,99070108012,Google & YouTube,gid://shopify/Publication/315394032000,false,true,true,published
gid://shopify/Product/15724601049472,ADEPTA SORORITAS: CANONESS W/JUMP PACK,99120108103,Google & YouTube,gid://shopify/Publication/315394032000,false,true,true,published
gid://shopify/Product/15724601213312,ADEPTA SORORITAS: SISTERS NOVITIATE SQD,99120108121,Google & YouTube,gid://shopify/Publication/315394032000,false,true,true,published
gid://shopify/Product/15724601508224,CODEX: SPACE MARINES (HB) (ENGLISH),60030101061,Google & YouTube,gid://shopify/Publication/315394032000,false,true,true,published
gid://shopify/Product/15724601672064,SM LIBRARIAN IN TERMINATOR ARMOUR,99120101387,Google & YouTube,gid://shopify/Publication/315394032000,false,true,true,published
gid://shopify/Product/15724601966976,SPACE MARINES: COMPANY HEROES,99120101389,Google & YouTube,gid://shopify/Publication/315394032000,false,true,true,published
gid://shopify/Product/15724602163584,SPACE MARINES: DROP PODS,99120101423,Google & YouTube,gid://shopify/Publication/315394032000,false,true,true,published
gid://shopify/Product/15724602294656,S/M: CAPTAIN W/JUMP PACK & RELIC SHIELD,99120101492,Google & YouTube,gid://shopify/Publication/315394032000,false,true,true,published
gid://shopify/Product/15724602589568,SPACE MARINES: BALLISTUS DREADNOUGHT,99120101393,Google & YouTube,gid://shopify/Publication/315394032000,false,true,true,published
gid://shopify/Product/15724602720640,S/M:ASSAULT INTERCESSORS WITH JUMP PACKS,99120101392,Google & YouTube,gid://shopify/Publication/315394032000,false,true,true,published
gid://shopify/Product/15724603048320,SPACE MARINES: CAPTAIN WITH JUMP PACK,99120101394,Google & YouTube,gid://shopify/Publication/315394032000,false,true,true,published
gid://shopify/Product/15724604064128,SPACE MARINES: INFERNUS SQUAD,99120101391,Google & YouTube,gid://shopify/Publication/315394032000,false,true,true,published
gid://shopify/Product/15724604162432,SPACE MARINES: BRUTALIS DREADNOUGHT,99120101371,Google & YouTube,gid://shopify/Publication/315394032000,false,true,true,published
gid://shopify/Product/15724604457344,SPACE MARINES: CHAPLAIN ON BIKE,99120101273,Google & YouTube,gid://shopify/Publication/315394032000,false,true,true,published
gid://shopify/Product/15724605243776,SPACE MARINES: ASSAULT INTERCESSORS,99120101283,Google & YouTube,gid://shopify/Publication/315394032000,false,true,true,published
gid://shopify/Product/15724605473152,SPACE MARINES GLADIATOR,99120101282,Google & YouTube,gid://shopify/Publication/315394032000,false,true,true,published
gid://shopify/Product/15724605899136,SPACE MARINES OUTRIDERS,99120101285,Google & YouTube,gid://shopify/Publication/315394032000,false,true,true,published
gid://shopify/Product/15724606325120,SPACE MARINES PRIMARIS ERADICATORS,99120101286,Google & YouTube,gid://shopify/Publication/315394032000,false,true,true,published
gid://shopify/Product/15724606521728,SPACE MARINES BLADEGUARD VETERANS,99120101284,Google & YouTube,gid://shopify/Publication/315394032000,false,true,true,published
gid://shopify/Product/15724606718336,SPACE MARINES STORM SPEEDER,99120101274,Google & YouTube,gid://shopify/Publication/315394032000,false,true,true,published
gid://shopify/Product/15724606849408,S/M CAPTAIN W/ MASTER-CRAFTED BOLT RIFLE,99070101048,Google & YouTube,gid://shopify/Publication/315394032000,false,true,true,published
gid://shopify/Product/15724607046016,S/MARINES: STERNGUARD VETERAN SQUAD,99120101390,Google & YouTube,gid://shopify/Publication/315394032000,false,true,true,published
gid://shopify/Product/15724607144320,SPACE MARINES PRIMARIS INVADER ATV,99120101271,Google & YouTube,gid://shopify/Publication/315394032000,false,true,true,published
gid://shopify/Product/15724607340928,SPACE MARINES FIRESTRIKE SERVO-TURRET,99120101272,Google & YouTube,gid://shopify/Publication/315394032000,false,true,true,published
gid://shopify/Product/15724608946560,SPACE MARINES CAPTAIN IN GRAVIS ARMOUR,99070101077,Google & YouTube,gid://shopify/Publication/315394032000,false,true,true,published
gid://shopify/Product/15724609274240,SPACE MARINES: LIEUTENANT,99070101079,Google & YouTube,gid://shopify/Publication/315394032000,false,true,true,published
gid://shopify/Product/15724609438080,SPACE MARINES: DESOLATION SQUAD,99120101377,Google & YouTube,gid://shopify/Publication/315394032000,false,true,true,published
gid://shopify/Product/15724609995136,SPACE MARINES: REDEMPTOR DREADNOUGHT,99120101310,Google & YouTube,gid://shopify/Publication/315394032000,false,true,true,published
gid://shopify/Product/15724610814336,SPACE MARINES: TERMINATOR SQUAD,99120101398,Google & YouTube,gid://shopify/Publication/315394032000,false,true,true,published
gid://shopify/Product/15724611010944,S/MARINES: CHAPLAIN IN TERMINATOR ARMOUR,99120101399,Google & YouTube,gid://shopify/Publication/315394032000,false,true,true,published
gid://shopify/Product/15724611207552,S/MARINES: CAPTAIN IN TERMINATOR ARMOUR,99120101400,Google & YouTube,gid://shopify/Publication/315394032000,false,true,true,published
gid://shopify/Product/15724611666304,SPACE MARINES HEAVY INTERCESSORS,99120101288,Google & YouTube,gid://shopify/Publication/315394032000,false,true,true,published
gid://shopify/Product/15724611764608,SPACE MARINES: PRIMARIS ANCIENT,99070101076,Google & YouTube,gid://shopify/Publication/315394032000,false,true,true,published
gid://shopify/Product/15724612288896,INFER S/M + PAINTS ENG/SPA/PORT/LATV/ROM,52170101001,Google & YouTube,gid://shopify/Publication/315394032000,false,true,true,published
gid://shopify/Product/15724613108096,DEATHWATCH (PB),60100181722,Google & YouTube,gid://shopify/Publication/315394032000,false,true,true,published
gid://shopify/Product/15724613337472,BRUTAL KUNNIN (PB),60100181776,Google & YouTube,gid://shopify/Publication/315394032000,false,true,true,published
gid://shopify/Product/15724613534080,THE INFINITE AND THE DIVINE (PB),60100181775,Google & YouTube,gid://shopify/Publication/315394032000,false,true,true,published
gid://shopify/Product/15724613730688,SIEGE OF TERRA: SATURNINE (ENG),60100181787,Google & YouTube,gid://shopify/Publication/315394032000,false,true,true,published
gid://shopify/Product/15724613894528,DARK IMPERIUM (ENG),60100181794,Google & YouTube,gid://shopify/Publication/315394032000,false,true,true,published
gid://shopify/Product/15724614156672,DARK IMPERIUM: PLAGUE WAR (PB),60100181798,Google & YouTube,gid://shopify/Publication/315394032000,false,true,true,published
gid://shopify/Product/15724614320512,DARK IMPERIUM: GODBLIGHT (PB),60100181799,Google & YouTube,gid://shopify/Publication/315394032000,false,true,true,published
gid://shopify/Product/15724614615424,MORTIS PB (ENGLISH),60100181806,Google & YouTube,gid://shopify/Publication/315394032000,false,true,true,published
gid://shopify/Product/15724614779264,EISENHORN OMNIBUS,60100181810,Google & YouTube,gid://shopify/Publication/315394032000,false,true,true,published
gid://shopify/Product/15724614943104,THE IRON KINGDOM PB (ENGLISH),60100181819,Google & YouTube,gid://shopify/Publication/315394032000,false,true,true,published
gid://shopify/Product/15724615106944,AHRIMAN: ETERNAL (PB),60100181825,Google & YouTube,gid://shopify/Publication/315394032000,false,true,true,published
gid://shopify/Product/15724615270784,SIEGE OF TERRA: WARHAWK (PB),60100181830,Google & YouTube,gid://shopify/Publication/315394032000,false,true,true,published
gid://shopify/Product/15724615434624,RENEGADES: HARROWMASTER (PB),60100181834,Google & YouTube,gid://shopify/Publication/315394032000,false,true,true,published
gid://shopify/Product/15724615598464,MINKA LESK: THE LAST WHITESHIELD OMNIBUS,60100181839,Google & YouTube,gid://shopify/Publication/315394032000,false,true,true,published
gid://shopify/Product/15724615762304,LONGSHOT (PB),60100181841,Google & YouTube,gid://shopify/Publication/315394032000,false,true,true,published
gid://shopify/Product/15724615893376,WORD BEARERS OMNIBUS (PB),60100181846,Google & YouTube,gid://shopify/Publication/315394032000,false,true,true,published
gid://shopify/Product/15724616057216,VALDOR: BIRTH OF THE IMPERIUM (PB),60100181505,Google & YouTube,gid://shopify/Publication/315394032000,false,true,true,published
gid://shopify/Product/15724616221056,LEVIATHAN (PB),60100181141,Google & YouTube,gid://shopify/Publication/315394032000,false,true,true,published
gid://shopify/Product/15724616384896,GHAZGHKULL THRAKA PROPHET O/T WAAAGH PB,60100181351,Google & YouTube,gid://shopify/Publication/315394032000,false,true,true,published
gid://shopify/Product/15724616647040,CYPHER: LORD OF THE FALLEN,60100181016,Google & YouTube,gid://shopify/Publication/315394032000,false,true,true,published
gid://shopify/Product/15724616843648,SIEGE OF TERRA: ECHOES OF ETERNITY,60100181144,Google & YouTube,gid://shopify/Publication/315394032000,false,true,true,published
gid://shopify/Product/15724616974720,CIAPHAS CAIN: VAINGLORIOUS (PB),60100181189,Google & YouTube,gid://shopify/Publication/315394032000,false,true,true,published
gid://shopify/Product/15724617171328,GENEFATHER (PB),60100181352,Google & YouTube,gid://shopify/Publication/315394032000,false,true,true,published
gid://shopify/Product/15724617400704,SIEGE OF VRAKS (HB),60040181339,Google & YouTube,gid://shopify/Publication/315394032000,false,true,true,published
gid://shopify/Product/15724617531776,THE FALL OF CADIA (PAPERBACK),60100181354,Google & YouTube,gid://shopify/Publication/315394032000,false,true,true,published
gid://shopify/Product/15724617695616,ABOVE AND BEYOND (HB),60040181344,Google & YouTube,gid://shopify/Publication/315394032000,false,true,true,published
gid://shopify/Product/15724617859456,THE END AND THE DEATH: VOLUME 1 (PB),60100181357,Google & YouTube,gid://shopify/Publication/315394032000,false,true,true,published
gid://shopify/Product/15724618023296,DA BIG DAKKA (PB),60100181364,Google & YouTube,gid://shopify/Publication/315394032000,false,true,true,published
gid://shopify/Product/15724618187136,LAZARUS: ENMITY'S EDGE (PB),60100181366,Google & YouTube,gid://shopify/Publication/315394032000,false,true,true,published
gid://shopify/Product/15724618482048,THE DARK COIL: DAMNATION (PB OMNIBUS),60100181482,Google & YouTube,gid://shopify/Publication/315394032000,false,true,true,published
gid://shopify/Product/15724618613120,SIEGE OF VRAKS (PB),60100181509,Google & YouTube,gid://shopify/Publication/315394032000,false,true,true,published
gid://shopify/Product/15724618809728,RAVENOR: THE OMNIBUS (PB),60100181511,Google & YouTube,gid://shopify/Publication/315394032000,false,true,true,published
gid://shopify/Product/15724618973568,DAWN OF FIRE: THE SILENT KING (PB),60100181513,Google & YouTube,gid://shopify/Publication/315394032000,false,true,true,published
gid://shopify/Product/15724619137408,DAEMONHAMMER (PB),60100181514,Google & YouTube,gid://shopify/Publication/315394032000,false,true,true,published
gid://shopify/Product/15724619334016,LEGENDS OF THE WOLF: THE OMNIBUS (PB),60100181515,Google & YouTube,gid://shopify/Publication/315394032000,false,true,true,published
gid://shopify/Product/15724619497856,SOT: THE END AND THE DEATH (VOL 2) (PB),60100181517,Google & YouTube,gid://shopify/Publication/315394032000,false,true,true,published
gid://shopify/Product/15724619694464,DOMINION GENESIS (PB),60100181518,Google & YouTube,gid://shopify/Publication/315394032000,false,true,true,published
gid://shopify/Product/15724619956608,MORVENN VAHL: SPEAR OF FAITH (PB),60100181519,Google & YouTube,gid://shopify/Publication/315394032000,false,true,true,published
gid://shopify/Product/15724620153216,THE FIRST FOUNDING (HB),60040181393,Google & YouTube,gid://shopify/Publication/315394032000,false,true,true,published
gid://shopify/Product/15724620349824,ABOVE AND BEYOND (PB),60100181522,Google & YouTube,gid://shopify/Publication/315394032000,false,true,true,published
gid://shopify/Product/15724620448128,THE HIGH KAHL'S OATH (PB),60100181524,Google & YouTube,gid://shopify/Publication/315394032000,false,true,true,published
gid://shopify/Product/15724620644736,THE END AND THE DEATH: VOLUME III (PB),60100181525,Google & YouTube,gid://shopify/Publication/315394032000,false,true,true,published
gid://shopify/Product/15724620710272,PARAGON OF FAITH AND OTHER STORIES (HB),60040181395,Google & YouTube,gid://shopify/Publication/315394032000,false,true,true,published
gid://shopify/Product/15724621037952,ELEMENTAL COUNCIL (PB),60100181529,Google & YouTube,gid://shopify/Publication/315394032000,false,true,true,published
gid://shopify/Product/15724621169024,DOUBLE EAGLE (PAPERBACK),60100181530,Google & YouTube,gid://shopify/Publication/315394032000,false,true,true,published
gid://shopify/Product/15724621365632,INTERCEPTOR CITY (PB),60100181533,Google & YouTube,gid://shopify/Publication/315394032000,false,true,true,published
gid://shopify/Product/15724621529472,KRAKENBLOOD (HB),60040181407,Google & YouTube,gid://shopify/Publication/315394032000,false,true,true,published
gid://shopify/Product/15724621857152,DEMOLISHER (HB),60040181418,Google & YouTube,gid://shopify/Publication/315394032000,false,true,true,published
gid://shopify/Product/15724622053760,VAGABOND SQUADRON (HB),60040181902,Google & YouTube,gid://shopify/Publication/315394032000,false,true,true,published
gid://shopify/Product/15724622414208,VAULTS OF TERRA: THE OMNIBUS (PB),60100181534,Google & YouTube,gid://shopify/Publication/315394032000,false,true,true,published
gid://shopify/Product/15724622610816,FARSIGHT: BLADE OF TRUTH (PB),60100181535,Google & YouTube,gid://shopify/Publication/315394032000,false,true,true,published
gid://shopify/Product/15724622741888,FULGRIM: THE PERFECT SON (PB),60100181536,Google & YouTube,gid://shopify/Publication/315394032000,false,true,true,published
gid://shopify/Product/15724623102336,GRUDGE BEARER (PB),60100299077,Google & YouTube,gid://shopify/Publication/315394032000,false,true,true,published
gid://shopify/Product/15724623331712,WITCH HUNTER (PB),60100299047,Google & YouTube,gid://shopify/Publication/315394032000,false,true,true,published
gid://shopify/Product/15724623528320,LEGIONS IMPERIALIS: THE HORUS HERESY,60012699002,Google & YouTube,gid://shopify/Publication/315394032000,false,true,true,published
gid://shopify/Product/15724623724928,LEGIONS IMPERIALIS: LIBER STRATEGIA,60042699007,Google & YouTube,gid://shopify/Publication/315394032000,false,true,true,published
gid://shopify/Product/15724623888768,JOURNAL STRATEGIA: RUIN O/T SALAMANDERS,60042699003,Google & YouTube,gid://shopify/Publication/315394032000,false,true,true,published
gid://shopify/Product/15724624019840,LEGIONS IMPERIALIS: CIVITAS IMPERIALIS,99122699004,Google & YouTube,gid://shopify/Publication/315394032000,false,true,true,published
gid://shopify/Product/15724624281984,L/I:CIVI/IMPERIALIS ADMINISTRATUM SECTOR,99122699023,Google & YouTube,gid://shopify/Publication/315394032000,false,true,true,published
gid://shopify/Product/15724624478592,MANUFACTORUM IMPERIALIS SECTOR,99122699024,Google & YouTube,gid://shopify/Publication/315394032000,false,true,true,published
gid://shopify/Product/15724624576896,L/I: ORDER TOKENS AND OBJECTIVES MARKERS,99122699033,Google & YouTube,gid://shopify/Publication/315394032000,false,true,true,published
gid://shopify/Product/15724624740736,WARHAMMER: THE OLD WORLD RULEBOOK (ENG),60042799001,Google & YouTube,gid://shopify/Publication/315394032000,false,true,true,published
gid://shopify/Product/15724624871808,THE OLD WORLD: MATCHED PLAY GUIDE,60042799015,Google & YouTube,gid://shopify/Publication/315394032000,false,true,true,published
gid://shopify/Product/15724625035648,THE OLD WORLD: MODULAR MOVEMENT TRAYS,99222799001,Google & YouTube,gid://shopify/Publication/315394032000,false,true,true,published
gid://shopify/Product/15724625166720,THE OLD WORLD: WALLS AND FENCES,99122799004,Google & YouTube,gid://shopify/Publication/315394032000,false,true,true,published
gid://shopify/Product/15724625330560,WARHAMMER: THE OLD WORLD DICE SET,99222799002,Google & YouTube,gid://shopify/Publication/315394032000,false,true,true,published
gid://shopify/Product/15724625494400,KILL TEAM: CORE BOOK (ENGLISH),60040199176,Google & YouTube,gid://shopify/Publication/315394032000,false,true,true,published
gid://shopify/Product/15724625625472,KILL TEAM: APPROVED OPS CARDS 2025 (ENG),60050199060,Google & YouTube,gid://shopify/Publication/315394032000,false,true,true,published
gid://shopify/Product/15724625854848,KILLZONE: VOLKUS,99120199129,Google & YouTube,gid://shopify/Publication/315394032000,false,true,true,published
gid://shopify/Product/15724626215296,KILL TEAM: STARTER SET (ENGLISH),60010199071,Google & YouTube,gid://shopify/Publication/315394032000,false,true,true,published
gid://shopify/Product/15724626411904,KILLZONE: TOMB WORLD,99120199136,Google & YouTube,gid://shopify/Publication/315394032000,false,true,true,published
gid://shopify/Product/15724626542976,WHU RIVALS DECK: RECKLESS FURY (ENGLISH),60050799013,Google & YouTube,gid://shopify/Publication/315394032000,false,true,true,published
gid://shopify/Product/15724626706816,WHU RIVALS DECK: WRACK AND RUIN (ENG),60050799014,Google & YouTube,gid://shopify/Publication/315394032000,false,true,true,published
gid://shopify/Product/15724626870656,WHU RIVALS DECK: EDGE OF THE KNIFE (ENG),60050799015,Google & YouTube,gid://shopify/Publication/315394032000,false,true,true,published
gid://shopify/Product/15724627001728,WARHAMMER UNDERWORLDS: SPITEWOOD  (ENG),60010799028,Google & YouTube,gid://shopify/Publication/315394032000,false,true,true,published
gid://shopify/Product/15724627165568,WHU RIVALS DECK:REALMSTONE RAIDERS (ENG),60050799016,Google & YouTube,gid://shopify/Publication/315394032000,false,true,true,published
gid://shopify/Product/15724627329408,BLOOD BOWL: THIRD SEASON EDITION (ENG),60010999014,Google & YouTube,gid://shopify/Publication/315394032000,false,true,true,published
gid://shopify/Product/15724627460480,BLOOD BOWL: OFFICIAL RULEBOOK (3RD) ENG,60040999029,Google & YouTube,gid://shopify/Publication/315394032000,false,true,true,published
gid://shopify/Product/15724627722624,BLOOD BOWL: TREEMAN,99120999007,Google & YouTube,gid://shopify/Publication/315394032000,false,true,true,published
gid://shopify/Product/15724627853696,NECROMUNDA: HIVE WAR (ENGLISH),60010599003,Google & YouTube,gid://shopify/Publication/315394032000,false,true,true,published
gid://shopify/Product/15724628115840,M-E SBG JOURNAL: THE WAR OF THE ROHIRRIM,60041499061,Google & YouTube,gid://shopify/Publication/315394032000,false,true,true,published
gid://shopify/Product/15724628246912,NECROMUNDA: RULEBOOK (ENGLISH),60040599042,Google & YouTube,gid://shopify/Publication/315394032000,false,true,true,published
gid://shopify/Product/15724629328256,JOTUNN H-GRADE SERVITOR OGRYNS,99120599020,Google & YouTube,gid://shopify/Publication/315394032000,false,true,true,published
gid://shopify/Product/15724629688704,NECROMUNDA: BOOK OF THE OUTCAST,60040599031,Google & YouTube,gid://shopify/Publication/315394032000,false,true,true,published
gid://shopify/Product/15724629885312,NECROMUNDA: HIVE SCUM,99120599039,Google & YouTube,gid://shopify/Publication/315394032000,false,true,true,published
gid://shopify/Product/15724630180224,THATOS PATTERN: PLATFORMS & WALKWAYS,99120599051,Google & YouTube,gid://shopify/Publication/315394032000,false,true,true,published
gid://shopify/Product/15724630376832,THATOS PATTERN: EXTENDED HAB MODULE,99120599052,Google & YouTube,gid://shopify/Publication/315394032000,false,true,true,published
gid://shopify/Product/15724630540672,THE PATH OF CIRITH UNGOL:SHELOB & GOLLUM,99121499065,Google & YouTube,gid://shopify/Publication/315394032000,false,true,true,published
gid://shopify/Product/15724630704512,NECROMUNDA: CARGO-8 RIDGEHAULER,99120599043,Google & YouTube,gid://shopify/Publication/315394032000,false,true,true,published
gid://shopify/Product/15724630901120,M-E SBG JOURNAL: THE TREACHERY OF GOLLUM,60041499056,Google & YouTube,gid://shopify/Publication/315394032000,false,true,true,published
gid://shopify/Product/15724631064960,NECROMUNDA: CARGO-8 RIDGEHAULER TRAILER,99120599054,Google & YouTube,gid://shopify/Publication/315394032000,false,true,true,published
gid://shopify/Product/15724631228800,NECROMUNDA: BOOK OF THE OUTLANDS (ENG),60040599034,Google & YouTube,gid://shopify/Publication/315394032000,false,true,true,published
gid://shopify/Product/15724631392640,ARANTHIAN SUCCESSION: CINDERAK BURNING,60040599038,Google & YouTube,gid://shopify/Publication/315394032000,false,true,true,published
gid://shopify/Product/15724631654784,NEC. PROMETHIUM TANKS ON CARGO-8 TRAILER,99120599060,Google & YouTube,gid://shopify/Publication/315394032000,false,true,true,published
gid://shopify/Product/15724631785856,ARANTHIAN SUCCESSION - VAULTS OF TEMENOS,60040599039,Google & YouTube,gid://shopify/Publication/315394032000,false,true,true,published
gid://shopify/Product/15724631949696,NECROMUNDA: CORE GANG TACTICS CARDS ENG,60050599022,Google & YouTube,gid://shopify/Publication/315394032000,false,true,true,published
gid://shopify/Product/15724632080768,NECROMUNDA: RUINS OF JARDLAN,60040599041,Google & YouTube,gid://shopify/Publication/315394032000,false,true,true,published
gid://shopify/Product/15724632244608,NECROMUNDA: APOCRYPHA NECROMUNDA,60040599044,Google & YouTube,gid://shopify/Publication/315394032000,false,true,true,published
gid://shopify/Product/15724632342912,NECROMUNDA: THE BOOK OF DESOLATION,60040599043,Google & YouTube,gid://shopify/Publication/315394032000,false,true,true,published
gid://shopify/Product/15724632441216,NECROMUNDA: HIVE SECUNDUS,60010599005,Google & YouTube,gid://shopify/Publication/315394032000,false,true,true,published
gid://shopify/Product/15724632637824,NECROMUNDA: TRAZIOR PATTERN SENTRY GUNS,99120599059,Google & YouTube,gid://shopify/Publication/315394032000,false,true,true,published
gid://shopify/Product/15724632768896,NECROMUNDA: HIVE DATA STACK CLUSTER,99120599069,Google & YouTube,gid://shopify/Publication/315394032000,false,true,true,published
gid://shopify/Product/15724632965504,NECROMUNDA: RUINED ZONE MORTALIS,99120599081,Google & YouTube,gid://shopify/Publication/315394032000,false,true,true,published
gid://shopify/Product/15724633096576,NECROMUNDA: OZOSTIUM ARANTHUS,99120599093,Google & YouTube,gid://shopify/Publication/315394032000,false,true,true,published
gid://shopify/Product/15724633227648,NECROMUNDA: UNDERHIVE HANGERS-ON,99120599084,Google & YouTube,gid://shopify/Publication/315394032000,false,true,true,published
gid://shopify/Product/15724633522560,M-E SBG: GREAT EAGLES,99121499062,Google & YouTube,gid://shopify/Publication/315394032000,false,true,true,published
gid://shopify/Product/15724634472832,MIDDLE-EARTH SBG: ROHAN STRONGHOLD,99121499060,Google & YouTube,gid://shopify/Publication/315394032000,false,true,true,published
gid://shopify/Product/15724634603904,MIDDLE-EARTH SBG: RUINS OF DOL GULDUR,99121499049,Google & YouTube,gid://shopify/Publication/315394032000,false,true,true,published
gid://shopify/Product/15724634833280,M-E SBG: MORDOR BATTLEHOST,99121499050,Google & YouTube,gid://shopify/Publication/315394032000,false,true,true,published
gid://shopify/Product/15724635455872,WAR OF THE ROHIRRIM: BATTLE OF EDORAS,60011499013,Google & YouTube,gid://shopify/Publication/315394032000,false,true,true,published
gid://shopify/Product/15724635586944,MIDDLE-EARTH SBG: RULES MANUAL,60041499057,Google & YouTube,gid://shopify/Publication/315394032000,false,true,true,published
gid://shopify/Product/15724635718016,M-E SBG: ARMIES OF THE LORD OF THE RINGS,60041499058,Google & YouTube,gid://shopify/Publication/315394032000,false,true,true,published
gid://shopify/Product/15724635849088,MIDDLE-EARTH SBG: ARMIES OF THE HOBBIT,60041499059,Google & YouTube,gid://shopify/Publication/315394032000,false,true,true,published
gid://shopify/Product/15724636045696,MIDDLE-EARTH SBG: ARMIES OF MIDDLE-EARTH,60041499060,Google & YouTube,gid://shopify/Publication/315394032000,false,true,true,published
gid://shopify/Product/15724636242304,THH: AGE OF DARKNESS RULEBOOK (ENGLISH),60043099013,Google & YouTube,gid://shopify/Publication/315394032000,false,true,true,published
gid://shopify/Product/15724636340608,HH: AGE OF DARKNESS: SATURNINE (ENG),60013099002,Google & YouTube,gid://shopify/Publication/315394032000,false,true,true,published
gid://shopify/Product/15724636504448,HORUS HERESY: LIBER QUESTORIS (ENGLISH),60033008001,Google & YouTube,gid://shopify/Publication/315394032000,false,true,true,published
gid://shopify/Product/15724636635520,AGE OF DARKNESS: MARKERS AND TOKENS,99123099001,Google & YouTube,gid://shopify/Publication/315394032000,false,true,true,published
gid://shopify/Product/15724636766592,HORUS HERESY: AGE OF DARKNESS DICE SET,99223099039,Google & YouTube,gid://shopify/Publication/315394032000,false,true,true,published
gid://shopify/Product/15724636897664,WARHAMMER UNDERWORLDS: EMBERGARD (ENG),60010799027,Google & YouTube,gid://shopify/Publication/315394032000,false,true,true,published
gid://shopify/Product/15724637061504,WH UNDERWORLDS: HEROES AND HUNTERS,99120799006,Google & YouTube,gid://shopify/Publication/315394032000,false,true,true,published
gid://shopify/Product/15724637290880,WH UNDERWORLDS: DESPOILERS AND DAEMONS,99120799007,Google & YouTube,gid://shopify/Publication/315394032000,false,true,true,published
gid://shopify/Product/15724637454720,WH UNDERWORLDS: REVENANTS OF THE REALMS,99120799008,Google & YouTube,gid://shopify/Publication/315394032000,false,true,true,published
gid://shopify/Product/15724637585792,WH UNDERWORLDS: BRUTES AND BANDITS,99120799009,Google & YouTube,gid://shopify/Publication/315394032000,false,true,true,published
gid://shopify/Product/15724637716864,WHU: RAGING SLAYERS RIVALS DECK (ENG),60050799018,Google & YouTube,gid://shopify/Publication/315394032000,false,true,true,published
gid://shopify/Product/15724637847936,ADEPTUS TITANICUS STARTER SET (ENGLISH),60010399003,Google & YouTube,gid://shopify/Publication/315394032000,false,true,true,published
gid://shopify/Product/15724637979008,ADEPTUS TITANICUS: LOYALIST LEGIOS (ENG),60040399014,Google & YouTube,gid://shopify/Publication/315394032000,false,true,true,published
gid://shopify/Product/15724638110080,ADEPTUS TITANICUS: TRAITOR LEGIOS,60040399016,Google & YouTube,gid://shopify/Publication/315394032000,false,true,true,published
gid://shopify/Product/15724638273920,ADEPTUS TITANICUS: CAMPAIGN COMPENDIUM,60040399017,Google & YouTube,gid://shopify/Publication/315394032000,false,true,true,published
gid://shopify/Product/15724638404992,AGE OF SIGMAR HERO BASES,99120299039,Google & YouTube,gid://shopify/Publication/315394032000,false,true,true,published
gid://shopify/Product/15724638568832,AOS: KRONDSPINE INCARNATE OF GHUR,99120299081,Google & YouTube,gid://shopify/Publication/315394032000,false,true,true,published
gid://shopify/Product/15724638667136,DOMINION OF SIGMAR: TIMEWORN RUINS,99120299057,Google & YouTube,gid://shopify/Publication/315394032000,false,true,true,published
gid://shopify/Product/15724638765440,AGE OF SIGMAR: SPEARHEAD STARTER SET ENG,60010299044,Google & YouTube,gid://shopify/Publication/315394032000,false,true,true,published
gid://shopify/Product/15724638962048,AGE OF SIGMAR: CORE BOOK (ENGLISH),60040299156,Google & YouTube,gid://shopify/Publication/315394032000,false,true,true,published
gid://shopify/Product/15724639125888,PATH TO GLORY: BLIGHTED WILDS (ENGLISH),60040299161,Google & YouTube,gid://shopify/Publication/315394032000,false,true,true,published
gid://shopify/Product/15724639355264,GETTING STARTED WITH AGE OF SIGMAR (ENG),60040299158,Google & YouTube,gid://shopify/Publication/315394032000,false,true,true,published
gid://shopify/Product/15724639519104,AGE OF SIGMAR: STARTER SET (ENG),60010299045,Google & YouTube,gid://shopify/Publication/315394032000,false,true,true,published
gid://shopify/Product/15724639715712,AGE OF SIGMAR: GENERAL'S HANDBOOK (ENG),60040299160,Google & YouTube,gid://shopify/Publication/315394032000,false,true,true,published
gid://shopify/Product/15724639879552,AOS: SAND AND BONE GAMING PACK (ENG),60120299008,Google & YouTube,gid://shopify/Publication/315394032000,false,true,true,published
gid://shopify/Product/15724640043392,ARCANE JOURNAL: WARRIORS OF CHAOS,60042799010,Google & YouTube,gid://shopify/Publication/315394032000,false,true,true,published
gid://shopify/Product/15724640174464,WARRIORS OF CHAOS: LORD ON MANTICORE,99122701001,Google & YouTube,gid://shopify/Publication/315394032000,false,true,true,published
gid://shopify/Product/15724640403840,WARRIORS OF CHAOS: CHAMPION OF CHAOS,99122701002,Google & YouTube,gid://shopify/Publication/315394032000,false,true,true,published
gid://shopify/Product/15724640502144,WARRIORS OF CHAOS: CHAOS WARRIORS,99122701003,Google & YouTube,gid://shopify/Publication/315394032000,false,true,true,published
gid://shopify/Product/15724640665984,WARRIORS OF CHAOS: CHAOS KNIGHTS,99122701005,Google & YouTube,gid://shopify/Publication/315394032000,false,true,true,published
gid://shopify/Product/15724640862592,WARRIORS OF CHAOS SORCERER OF CHAOS,99122701012,Google & YouTube,gid://shopify/Publication/315394032000,false,true,true,published
gid://shopify/Product/15724641550720,NECROMUNDA: HOUSE OF CHAINS (ENGLISH),60040599023,Google & YouTube,gid://shopify/Publication/315394032000,false,true,true,published
gid://shopify/Product/15724641681792,NECROMUNDA: GOLIATH STIMMERS & FORGEBORN,99120599018,Google & YouTube,gid://shopify/Publication/315394032000,false,true,true,published
gid://shopify/Product/15724641878400,NECROMUNDA: GOLIATH WEAPONS & UPGRADES,99120599027,Google & YouTube,gid://shopify/Publication/315394032000,false,true,true,published
gid://shopify/Product/15724642009472,NECROMUNDA: GOLIATH MAULERS,99120599034,Google & YouTube,gid://shopify/Publication/315394032000,false,true,true,published
gid://shopify/Product/15724642206080,SPEARHEAD: S/T/DARKNESS DARKOATH RAIDERS,99120201189,Google & YouTube,gid://shopify/Publication/315394032000,false,true,true,published
gid://shopify/Product/15724642337152,SLAVES TO DARKNESS: NEXUS CHAOTICA,99120299112,Google & YouTube,gid://shopify/Publication/315394032000,false,true,true,published
gid://shopify/Product/15724642533760,BATTLETOME: SLAVES TO DARKNESS (ENG),60030201030,Google & YouTube,gid://shopify/Publication/315394032000,false,true,true,published
gid://shopify/Product/15724642664832,SLAVES TO DARKNESS: CHAOS WARRIORS,99120201131,Google & YouTube,gid://shopify/Publication/315394032000,false,true,true,published
gid://shopify/Product/15724642861440,SLAVES TO DARKNESS: CHAOS KNIGHTS,99120201125,Google & YouTube,gid://shopify/Publication/315394032000,false,true,true,published
gid://shopify/Product/15724643090816,SLAVES TO DARKNESS: CHAOS SORCERER LORD,99120201192,Google & YouTube,gid://shopify/Publication/315394032000,false,true,true,published
gid://shopify/Product/15724643418496,SLAVES TO DARKNESS: DARKOATH MARAUDERS,99120201182,Google & YouTube,gid://shopify/Publication/315394032000,false,true,true,published
gid://shopify/Product/15724643516800,SLAVES TO DARKNESS: DARKOATH FELLRIDERS,99120201183,Google & YouTube,gid://shopify/Publication/315394032000,false,true,true,published
gid://shopify/Product/15724643713408,STD: DARKOATH BRAND'S OATHBOUND,99120201178,Google & YouTube,gid://shopify/Publication/315394032000,false,true,true,published
gid://shopify/Product/15724643877248,STD: ABRAXIA SPEAR OF THE EVERCHOSEN,99120201179,Google & YouTube,gid://shopify/Publication/315394032000,false,true,true,published
gid://shopify/Product/15724644008320,SLAVES TO DARKNESS: LORD ON KARKADRAK,99120201124,Google & YouTube,gid://shopify/Publication/315394032000,false,true,true,published
gid://shopify/Product/15724644204928,SLAVES TO DARKNESS: OGROID THERIDONS,99120201129,Google & YouTube,gid://shopify/Publication/315394032000,false,true,true,published
gid://shopify/Product/15724644467072,SLAVES TO DARKNESS: DAEMON PRINCE,99120201130,Google & YouTube,gid://shopify/Publication/315394032000,false,true,true,published
gid://shopify/Product/15724644598144,STD: ETERNUS BLADE OF THE FIRST PRINCE,99120201127,Google & YouTube,gid://shopify/Publication/315394032000,false,true,true,published
gid://shopify/Product/15724644696448,SLAVES TO DARKNESS EXALTED HERO OF CHAOS,99120201132,Google & YouTube,gid://shopify/Publication/315394032000,false,true,true,published
gid://shopify/Product/15724644893056,SLAVES TO DARKNESS: CHAOS CHOSEN,99120201128,Google & YouTube,gid://shopify/Publication/315394032000,false,true,true,published
gid://shopify/Product/15724645581184,OLD WORLD: FORTIFIED MANOR OF THE EMPIRE,99122799002,Google & YouTube,gid://shopify/Publication/315394032000,false,true,true,published
gid://shopify/Product/15724645777792,OLD WORLD:SIGMARITE CHAPEL OF THE EMPIRE,99122799003,Google & YouTube,gid://shopify/Publication/315394032000,false,true,true,published
gid://shopify/Product/15724645974400,THE OLD WORLD: WATCHTOWER OF THE EMPIRE,99122799005,Google & YouTube,gid://shopify/Publication/315394032000,false,true,true,published
gid://shopify/Product/15724646138240,ARCANE JOURNAL: EMPIRE OF MAN,60042799006,Google & YouTube,gid://shopify/Publication/315394032000,false,true,true,published
gid://shopify/Product/15724646302080,GENERAL O/T EMPIRE ON IMPERIAL GRIFFON,99122702001,Google & YouTube,gid://shopify/Publication/315394032000,false,true,true,published
gid://shopify/Product/15724646465920,EMPIRE OF MAN: FREE COMPANY MILITIA,99122702007,Google & YouTube,gid://shopify/Publication/315394032000,false,true,true,published
gid://shopify/Product/15724646662528,EMPIRE OF MAN: EMPIRE KNIGHTS,99122702013,Google & YouTube,gid://shopify/Publication/315394032000,false,true,true,published
gid://shopify/Product/15724646891904,EMPIRE OF MAN: EMPIRE PISTOLIERS,99122702014,Google & YouTube,gid://shopify/Publication/315394032000,false,true,true,published
gid://shopify/Product/15724647055744,EMPIRE OF MAN: DEMIGRYPH KNIGHTS,99122702015,Google & YouTube,gid://shopify/Publication/315394032000,false,true,true,published
gid://shopify/Product/15724647219584,EMPIRE OF MAN: CANNONS & MORTARS,99122702016,Google & YouTube,gid://shopify/Publication/315394032000,false,true,true,published
gid://shopify/Product/15724647416192,EMPIRE OF MAN: EMPIRE STATE TROOPS,99122702008,Google & YouTube,gid://shopify/Publication/315394032000,false,true,true,published
gid://shopify/Product/15724647645568,EMPIRE OF MAN: STATE MISSILE TROOPS,99122702009,Google & YouTube,gid://shopify/Publication/315394032000,false,true,true,published
gid://shopify/Product/15724647842176,EMPIRE OF MAN: FLAGELLANTS,99122702010,Google & YouTube,gid://shopify/Publication/315394032000,false,true,true,published
gid://shopify/Product/15724648038784,EMPIRE OF MAN: GREATSWORDS,99122702011,Google & YouTube,gid://shopify/Publication/315394032000,false,true,true,published
gid://shopify/Product/15724648235392,EMPIRE OF MAN: ARCHERS,99122702012,Google & YouTube,gid://shopify/Publication/315394032000,false,true,true,published
gid://shopify/Product/15724648497536,HELBLASTER VOLLEYGUN/HELSTORM BATTERY,99122702017,Google & YouTube,gid://shopify/Publication/315394032000,false,true,true,published
gid://shopify/Product/15724648694144,EMPIRE OF MAN: COMMANDERS OF THE EMPIRE,99122702004,Google & YouTube,gid://shopify/Publication/315394032000,false,true,true,published
gid://shopify/Product/15724648890752,KILL TEAM: FELLGOR RAVAGERS,99120102214,Google & YouTube,gid://shopify/Publication/315394032000,false,true,true,published
gid://shopify/Product/15724649054592,KILL TEAM: NEMESIS CLAW,99120102182,Google & YouTube,gid://shopify/Publication/315394032000,false,true,true,published
gid://shopify/Product/15724649218432,K/T DATACARDS: FELLGOR RAVAGERS (ENG),60050102022,Google & YouTube,gid://shopify/Publication/315394032000,false,true,true,published
gid://shopify/Product/15724649415040,KILL TEAM DATACARDS: CHAOS CULT (ENG),60050102024,Google & YouTube,gid://shopify/Publication/315394032000,false,true,true,published
gid://shopify/Product/15724649644416,KILL TEAM DATACARDS: PLAGUE MARINES (ENG,60050102019,Google & YouTube,gid://shopify/Publication/315394032000,false,true,true,published
gid://shopify/Product/15724649808256,KILL TEAM: GOREMONGERS,99120102208,Google & YouTube,gid://shopify/Publication/315394032000,false,true,true,published
gid://shopify/Product/15724650332544,NECROMUNDA: HOUSE OF BLADES (ENGLISH),60040599024,Google & YouTube,gid://shopify/Publication/315394032000,false,true,true,published
gid://shopify/Product/15724650529152,ESCHER DEATH MAIDENS & WYLD RUNNERS,99120599019,Google & YouTube,gid://shopify/Publication/315394032000,false,true,true,published
gid://shopify/Product/15724650692992,NECROMUNDA: ESCHER WEAPONS & UPGRADES,99120599026,Google & YouTube,gid://shopify/Publication/315394032000,false,true,true,published
gid://shopify/Product/15724650824064,NECROMUNDA: ESCHER CUTTERS,99120599046,Google & YouTube,gid://shopify/Publication/315394032000,false,true,true,published
gid://shopify/Product/15724650987904,SPEARHEAD:CITIES OF SIGMAR FUSIL-PLATOON,99120202059,Google & YouTube,gid://shopify/Publication/315394032000,false,true,true,published
gid://shopify/Product/15724651118976,FACTION PACK: CITIES OF SIGMAR (ENG),60050202002,Google & YouTube,gid://shopify/Publication/315394032000,false,true,true,published
gid://shopify/Product/15724651577728,C/O/S: FREEGUILD CAVALIER MARSHAL,99120202044,Google & YouTube,gid://shopify/Publication/315394032000,false,true,true,published
gid://shopify/Product/15724651741568,CITIES OF SIGMAR: FREEGUILD STEELHELMS,99120202041,Google & YouTube,gid://shopify/Publication/315394032000,false,true,true,published
gid://shopify/Product/15724651905408,CITIES OF SIGMAR: FREEGUILD CAVALIERS,99120202042,Google & YouTube,gid://shopify/Publication/315394032000,false,true,true,published
gid://shopify/Product/15724652069248,CITIES OF SIGMAR: IRONWELD GREAT CANNON,99120202045,Google & YouTube,gid://shopify/Publication/315394032000,false,true,true,published
gid://shopify/Product/15724652265856,CITIES OF SIGMAR FREEGUILD COMMAND CORPS,99120202048,Google & YouTube,gid://shopify/Publication/315394032000,false,true,true,published
gid://shopify/Product/15724652462464,TAHLIA VEDRA LIONESS OF THE PARCH,99120202043,Google & YouTube,gid://shopify/Publication/315394032000,false,true,true,published
gid://shopify/Product/15724652626304,CITIES OF SIGMAR: FREEGUILD FUSILIERS,99120202049,Google & YouTube,gid://shopify/Publication/315394032000,false,true,true,published
gid://shopify/Product/15724652855680,C/O/S: FUSIL-MAJOR ON OGOR WARHULK,99120202047,Google & YouTube,gid://shopify/Publication/315394032000,false,true,true,published
gid://shopify/Product/15724653019520,ZENESTRA: MATRIARCH OF THE GREAT WHEEL,99120202046,Google & YouTube,gid://shopify/Publication/315394032000,false,true,true,published
gid://shopify/Product/15724653183360,CALLIS & TOLL: SAVIOURS OF CINDERFALL,99120299096,Google & YouTube,gid://shopify/Publication/315394032000,false,true,true,published
gid://shopify/Product/15724653707648,KOB: BATTLE STANDARD ON ROYAL PEGASUS,99122703002,Google & YouTube,gid://shopify/Publication/315394032000,false,true,true,published
gid://shopify/Product/15724654068096,KINGDOM OF BRETONNIA: PEGASUS KNIGHTS,99122703006,Google & YouTube,gid://shopify/Publication/315394032000,false,true,true,published
gid://shopify/Product/15724654199168,KINGDOM/BRETONNIA: LORD ON ROYAL PEGASUS,99122703001,Google & YouTube,gid://shopify/Publication/315394032000,false,true,true,published
gid://shopify/Product/15724654428544,KINGDOM/BRETONNIA: KNIGHTS OF THE REALM,99122703004,Google & YouTube,gid://shopify/Publication/315394032000,false,true,true,published
gid://shopify/Product/15724654559616,KINGDOM OF BRETONNIA: MEN-AT-ARMS,99122703005,Google & YouTube,gid://shopify/Publication/315394032000,false,true,true,published
gid://shopify/Product/15724654723456,ARCANE JOURNAL: KINGDOM OF BRETONNIA,60042703001,Google & YouTube,gid://shopify/Publication/315394032000,false,true,true,published
gid://shopify/Product/15724654887296,KILL TEAM: WRECKA KREW,99120103123,Google & YouTube,gid://shopify/Publication/315394032000,false,true,true,published
gid://shopify/Product/15724655051136,KILL TEAM DATACARDS: WRECKA KREW (ENG),60050103005,Google & YouTube,gid://shopify/Publication/315394032000,false,true,true,published
gid://shopify/Product/15724655247744,BLOOD BOWL: BRETONNIAN TEAM,99120903001,Google & YouTube,gid://shopify/Publication/315394032000,false,true,true,published
gid://shopify/Product/15724655935872,NECROMUNDA: ORLOCK WEAPONS UPGRADES,99120599029,Google & YouTube,gid://shopify/Publication/315394032000,false,true,true,published
gid://shopify/Product/15724656099712,KILL TEAM: BLADES OF KHAINE,99120104105,Google & YouTube,gid://shopify/Publication/315394032000,false,true,true,published
gid://shopify/Product/15724656230784,K/T DATACARDS: BLADES OF KHAINE (ENG),60050104005,Google & YouTube,gid://shopify/Publication/315394032000,false,true,true,published
gid://shopify/Product/15724656394624,ARCANE JOURNAL: WOOD ELF REALMS,60042799013,Google & YouTube,gid://shopify/Publication/315394032000,false,true,true,published
gid://shopify/Product/15724656558464,WOOD ELF REALMS: GLADE RIDERS,99122704002,Google & YouTube,gid://shopify/Publication/315394032000,false,true,true,published
gid://shopify/Product/15724656755072,WOOD ELF REALMS: GLADE GUARD,99122704003,Google & YouTube,gid://shopify/Publication/315394032000,false,true,true,published
gid://shopify/Product/15724656918912,WOOD ELF REALMS: ETERNAL GUARD,99122704004,Google & YouTube,gid://shopify/Publication/315394032000,false,true,true,published
gid://shopify/Product/15724657148288,WOOD ELF REALMS ARALOTH LORD OF TALSYN,99122704006,Google & YouTube,gid://shopify/Publication/315394032000,false,true,true,published
gid://shopify/Product/15724657246592,BATTALION: WOOD ELF REALMS,99122704001,Google & YouTube,gid://shopify/Publication/315394032000,false,true,true,published
gid://shopify/Product/15724658098560,NECROMUNDA VAN SAAR WEAPONS & UPGRADES,99120599033,Google & YouTube,gid://shopify/Publication/315394032000,false,true,true,published
gid://shopify/Product/15724658229632,NECROMUNDA: VAN SAAR A/W ARACHNIRIG,99120599056,Google & YouTube,gid://shopify/Publication/315394032000,false,true,true,published
gid://shopify/Product/15724658393472,NECROMUNDA: VAN SAAR TEK-HUNTERS,99120599068,Google & YouTube,gid://shopify/Publication/315394032000,false,true,true,published
gid://shopify/Product/15724659310976,SYLVANETH: WARSONG REVENANT,99120204042,Google & YouTube,gid://shopify/Publication/315394032000,false,true,true,published
gid://shopify/Product/15724659474816,SYLVANETH: SPITERIDER LANCERS,99120204031,Google & YouTube,gid://shopify/Publication/315394032000,false,true,true,published
gid://shopify/Product/15724659671424,SYLVANETH: GOSSAMID ARCHERS,99120204032,Google & YouTube,gid://shopify/Publication/315394032000,false,true,true,published
gid://shopify/Product/15724659835264,SYLV: BELTHANOS FIRST THORN OF KURNOTH,99120204044,Google & YouTube,gid://shopify/Publication/315394032000,false,true,true,published
gid://shopify/Product/15724660195712,BATTALION: DWARFEN MOUNTAIN HOLDS,99122705010,Google & YouTube,gid://shopify/Publication/315394032000,false,true,true,published
gid://shopify/Product/15724660425088,DWARFEN MOUNTAIN HOLDS: DWARF RUNESMITH,99122705001,Google & YouTube,gid://shopify/Publication/315394032000,false,true,true,published
gid://shopify/Product/15724660556160,DWARFEN MOUNTAIN HOLDS: DWARF WARRIORS,99122705002,Google & YouTube,gid://shopify/Publication/315394032000,false,true,true,published
gid://shopify/Product/15724660720000,DWARFEN MOUNTAIN HOLDS:DWARF QUARRELLERS,99122705003,Google & YouTube,gid://shopify/Publication/315394032000,false,true,true,published
gid://shopify/Product/15724660949376,DWARF MOUNTAIN HOLDS: DWARF IRONBREAKERS,99122705004,Google & YouTube,gid://shopify/Publication/315394032000,false,true,true,published
gid://shopify/Product/15724661145984,DWARFEN MOUNTAIN HOLDS: DWARF HAMMERERS,99122705005,Google & YouTube,gid://shopify/Publication/315394032000,false,true,true,published
gid://shopify/Product/15724661571968,DWARFEN MOUNTAIN HOLDS: DWARF MINERS,99122705006,Google & YouTube,gid://shopify/Publication/315394032000,false,true,true,published
gid://shopify/Product/15724661735808,DWARFEN M/H: GYROCOPTERS & GYROBOMBERS,99122705007,Google & YouTube,gid://shopify/Publication/315394032000,false,true,true,published
gid://shopify/Product/15724661932416,DWARFEN M/HOLDS:DWARF CANNON & ORGAN GUN,99122705008,Google & YouTube,gid://shopify/Publication/315394032000,false,true,true,published
gid://shopify/Product/15724662063488,DWARFEN HOLDS: SLAYER OF LEGEND,99122705011,Google & YouTube,gid://shopify/Publication/315394032000,false,true,true,published
gid://shopify/Product/15724662260096,DWARFEN HOLDS: DWARF KING WITH OATHSTONE,99122705012,Google & YouTube,gid://shopify/Publication/315394032000,false,true,true,published
gid://shopify/Product/15724662456704,KILL TEAM: KASRKIN,99120105133,Google & YouTube,gid://shopify/Publication/315394032000,false,true,true,published
gid://shopify/Product/15724662620544,KILL TEAM: TEMPESTUS AQUILONS,99120105123,Google & YouTube,gid://shopify/Publication/315394032000,false,true,true,published
gid://shopify/Product/15724662751616,KILL TEAM DATACARDS: DEATH KORPS (ENG),60050105006,Google & YouTube,gid://shopify/Publication/315394032000,false,true,true,published
gid://shopify/Product/15724662915456,KILL TEAM DATACARDS: KASRKIN (ENG),60050105007,Google & YouTube,gid://shopify/Publication/315394032000,false,true,true,published
gid://shopify/Product/15724663046528,K/T DATACARDS: TEMPESTUS AQUILONS ENG,60050105003,Google & YouTube,gid://shopify/Publication/315394032000,false,true,true,published
gid://shopify/Product/15724663177600,KILL TEAM: RATLINGS,99120105132,Google & YouTube,gid://shopify/Publication/315394032000,false,true,true,published
gid://shopify/Product/15724663308672,KILL TEAM DATACARDS: RATLINGS (ENG),60050105005,Google & YouTube,gid://shopify/Publication/315394032000,false,true,true,published
gid://shopify/Product/15724663800192,NECROMUNDA: CAWDOR REDEMPTIONISTS,99120599025,Google & YouTube,gid://shopify/Publication/315394032000,false,true,true,published
gid://shopify/Product/15724663964032,KILL TEAM DATACARDS: RAVENERS (ENG),60050106004,Google & YouTube,gid://shopify/Publication/315394032000,false,true,true,published
gid://shopify/Product/15724664127872,KILL TEAM: RAVENERS,99120106083,Google & YouTube,gid://shopify/Publication/315394032000,false,true,true,published
gid://shopify/Product/15724664586624,NECROMUNDA: HOUSE OF SHADOW (ENGLISH),60040599028,Google & YouTube,gid://shopify/Publication/315394032000,false,true,true,published
gid://shopify/Product/15724664783232,DELAQUE NACHT-GHUL AND PSY-GHEISTS,99120599028,Google & YouTube,gid://shopify/Publication/315394032000,false,true,true,published
gid://shopify/Product/15724664979840,NECROMUNDA: DELAQUE WEAPONS,99120599041,Google & YouTube,gid://shopify/Publication/315394032000,false,true,true,published
gid://shopify/Product/15724665143680,SPEARHEAD: SKAVEN,99120206041,Google & YouTube,gid://shopify/Publication/315394032000,false,true,true,published
gid://shopify/Product/15724665274752,SKAVEN: STORMVERMIN,99120206045,Google & YouTube,gid://shopify/Publication/315394032000,false,true,true,published
gid://shopify/Product/15724665405824,SKAVEN: PLAGUE MONKS,99120206037,Google & YouTube,gid://shopify/Publication/315394032000,false,true,true,published
gid://shopify/Product/15724665536896,SKAVEN: RAT OGORS,99120206043,Google & YouTube,gid://shopify/Publication/315394032000,false,true,true,published
gid://shopify/Product/15724665733504,SKAVEN: THANQUOL ON BONERIPPER,99120206059,Google & YouTube,gid://shopify/Publication/315394032000,false,true,true,published
gid://shopify/Product/15724665962880,SKAVEN: VIZZIK SKOUR PROPHET HORNED RAT,99120206042,Google & YouTube,gid://shopify/Publication/315394032000,false,true,true,published
gid://shopify/Product/15724666323328,BATTLETOME: SKAVEN (ENGLISH),60030206009,Google & YouTube,gid://shopify/Publication/315394032000,false,true,true,published
gid://shopify/Product/15724666585472,SKAVEN: MASTER MOULDER,99070206006,Google & YouTube,gid://shopify/Publication/315394032000,false,true,true,published
gid://shopify/Product/15724666749312,SKAVEN: DOOM-FLAYERS,99120206044,Google & YouTube,gid://shopify/Publication/315394032000,false,true,true,published
gid://shopify/Product/15724666913152,SKAVEN: WARPSPARK WEAPON BATTERY,99120206048,Google & YouTube,gid://shopify/Publication/315394032000,false,true,true,published
gid://shopify/Product/15724667044224,SKAVEN: WARP-GRINDER,99120206047,Google & YouTube,gid://shopify/Publication/315394032000,false,true,true,published
gid://shopify/Product/15724667175296,SKAVEN: ACOLYTE GLOBADIERS,99120206046,Google & YouTube,gid://shopify/Publication/315394032000,false,true,true,published
gid://shopify/Product/15724667339136,SKAVEN: ARCH-WARLOCK,99120206049,Google & YouTube,gid://shopify/Publication/315394032000,false,true,true,published
gid://shopify/Product/15724667437440,SKAVEN: KRITTOK FOULBLADE,99120206052,Google & YouTube,gid://shopify/Publication/315394032000,false,true,true,published
gid://shopify/Product/15724667535744,SKAVEN: WARLOCK GALVANEER,99070206007,Google & YouTube,gid://shopify/Publication/315394032000,false,true,true,published
gid://shopify/Product/15724667732352,SKAVEN: BROOD TERROR,99120206056,Google & YouTube,gid://shopify/Publication/315394032000,false,true,true,published
gid://shopify/Product/15724667961728,SKAVEN: WARPLOCK JEZZAILS,99120206051,Google & YouTube,gid://shopify/Publication/315394032000,false,true,true,published
gid://shopify/Product/15724668813696,NEC: PALANITE ENFORCER TAURUS VENATOR,99120599065,Google & YouTube,gid://shopify/Publication/315394032000,false,true,true,published
gid://shopify/Product/15724668977536,NECROMUNDA: BASTIONS OF LAW,60040599047,Google & YouTube,gid://shopify/Publication/315394032000,false,true,true,published
gid://shopify/Product/15724669141376,NECROMUNDA: ENFORCER WEAPONS & UPGRADES,99120599109,Google & YouTube,gid://shopify/Publication/315394032000,false,true,true,published
gid://shopify/Product/15724669239680,PALANITE ENFORCER CAPTAINS & SERGEANTS,99120599080,Google & YouTube,gid://shopify/Publication/315394032000,false,true,true,published
gid://shopify/Product/15724669403520,KILL TEAM: IMPERIAL NAVY BREACHERS,99120108108,Google & YouTube,gid://shopify/Publication/315394032000,false,true,true,published
gid://shopify/Product/15724669534592,KILL TEAM: EXACTION SQUAD,99120108109,Google & YouTube,gid://shopify/Publication/315394032000,false,true,true,published
gid://shopify/Product/15724669665664,KILL TEAM: INQUISITORIAL AGENTS,99120108110,Google & YouTube,gid://shopify/Publication/315394032000,false,true,true,published
gid://shopify/Product/15724669796736,K/T DATACARDS: IMP NAVY BREACHERS (ENG),60050108015,Google & YouTube,gid://shopify/Publication/315394032000,false,true,true,published
gid://shopify/Product/15724669960576,K/T DATACARDS: INQUISITORIAL AGENTS (ENG,60050108017,Google & YouTube,gid://shopify/Publication/315394032000,false,true,true,published
gid://shopify/Product/15724670124416,KILL TEAM: SANCTIFIERS,99120108116,Google & YouTube,gid://shopify/Publication/315394032000,false,true,true,published
gid://shopify/Product/15724670321024,KILL TEAM: DEATHWATCH,99120108119,Google & YouTube,gid://shopify/Publication/315394032000,false,true,true,published
gid://shopify/Product/15724670517632,BLOOD BOWL: LIZARDMEN TEAM,99120908002,Google & YouTube,gid://shopify/Publication/315394032000,false,true,true,published
gid://shopify/Product/15724670812544,WARHAMMER UNDERWORLDS: THE JAWS OF ITZL,99120708001,Google & YouTube,gid://shopify/Publication/315394032000,false,true,true,published
gid://shopify/Product/15724671369600,FACTION PACK: SERAPHON (ENG),60050208002,Google & YouTube,gid://shopify/Publication/315394032000,false,true,true,published
gid://shopify/Product/15724671467904,SERAPHON: SAURUS WARRIORS,99120208036,Google & YouTube,gid://shopify/Publication/315394032000,false,true,true,published
gid://shopify/Product/15724671762816,SERAPHON: LORD KROAK,99120208043,Google & YouTube,gid://shopify/Publication/315394032000,false,true,true,published
gid://shopify/Product/15724671893888,SERAPHON: AGGRADON LANCERS,99120208034,Google & YouTube,gid://shopify/Publication/315394032000,false,true,true,published
gid://shopify/Product/15724672090496,SERAPHON: SLANN STARMASTER,99120208037,Google & YouTube,gid://shopify/Publication/315394032000,false,true,true,published
gid://shopify/Product/15724672254336,SERAPHON: SAURUS ASTROLITH BEARER,99120208035,Google & YouTube,gid://shopify/Publication/315394032000,false,true,true,published
gid://shopify/Product/15724672385408,SERAPHON: RAPTADON HUNTERS,99120208038,Google & YouTube,gid://shopify/Publication/315394032000,false,true,true,published
gid://shopify/Product/15724672549248,SERAPHON: SPAWN OF CHOTEC,99120208033,Google & YouTube,gid://shopify/Publication/315394032000,false,true,true,published
gid://shopify/Product/15724672680320,SERAPHON: KROXIGOR,99120208032,Google & YouTube,gid://shopify/Publication/315394032000,false,true,true,published
gid://shopify/Product/15724672876928,SERAPHON:SAURUS SCAR-VETERAN ON AGGRADON,99120208031,Google & YouTube,gid://shopify/Publication/315394032000,false,true,true,published
gid://shopify/Product/15724673008000,SERAPHON: SKINK STARSEER,99120208030,Google & YouTube,gid://shopify/Publication/315394032000,false,true,true,published
gid://shopify/Product/15724673171840,ORC & GOBLIN TRIBES: ORC BOSSES,99122709001,Google & YouTube,gid://shopify/Publication/315394032000,false,true,true,published
gid://shopify/Product/15724673270144,ORC & GOBLIN TRIBES: ORC BOYZ MOB,99122709002,Google & YouTube,gid://shopify/Publication/315394032000,false,true,true,published
gid://shopify/Product/15724673466752,O&G: ORC BOYZ & ORC ARRER BOYZ MOBS,99122709003,Google & YouTube,gid://shopify/Publication/315394032000,false,true,true,published
gid://shopify/Product/15724673565056,ORC & GOBLIN TRIBES: ORC BOAR BOYZ MOB,99122709004,Google & YouTube,gid://shopify/Publication/315394032000,false,true,true,published
gid://shopify/Product/15724673761664,O&G TRIBES: GOBLIN WOLF RIDER MOB,99122709007,Google & YouTube,gid://shopify/Publication/315394032000,false,true,true,published
gid://shopify/Product/15724673859968,ORC & GOBLIN TRIBES: NIGHT GOBLIN MOB,99122709009,Google & YouTube,gid://shopify/Publication/315394032000,false,true,true,published
gid://shopify/Product/15724674056576,ARCANE JOURNAL: ORC & GOBLIN TRIBES,60042799008,Google & YouTube,gid://shopify/Publication/315394032000,false,true,true,published
gid://shopify/Product/15724674220416,ORC & GOBLIN TRIBES: BLACK ORC MOB,99122709010,Google & YouTube,gid://shopify/Publication/315394032000,false,true,true,published
gid://shopify/Product/15724674351488,KILL TEAM DATACARDS: DEATHWATCH (ENG),60050109003,Google & YouTube,gid://shopify/Publication/315394032000,false,true,true,published
gid://shopify/Product/15724674417024,NECROMUNDA: ASH WASTES NOMADS WAR PARTY,99120599035,Google & YouTube,gid://shopify/Publication/315394032000,false,true,true,published
gid://shopify/Product/15724674548096,ASH WASTE NOMADS DUSTBACK HELAMITES,99120599036,Google & YouTube,gid://shopify/Publication/315394032000,false,true,true,published
gid://shopify/Product/15724674646400,NECROMUNDA: TRIBES OF THE WASTELANDS,60040599046,Google & YouTube,gid://shopify/Publication/315394032000,false,true,true,published
gid://shopify/Product/15724674810240,SHA'DAR HUNTERS & ARTHROMITE SPINEWYRMS,99120599076,Google & YouTube,gid://shopify/Publication/315394032000,false,true,true,published
gid://shopify/Product/15724674875776,ASH WASTE NOMADS WEAPONS & UPGRADES,99120599075,Google & YouTube,gid://shopify/Publication/315394032000,false,true,true,published
gid://shopify/Product/15724675006848,NECROMUNDA: NOMADS ASHWING HELAMITES,99120599082,Google & YouTube,gid://shopify/Publication/315394032000,false,true,true,published
gid://shopify/Product/15724675170688,K/T DATACARDS: CANOPTEK CIRCLE (ENG),60050110004,Google & YouTube,gid://shopify/Publication/315394032000,false,true,true,published
gid://shopify/Product/15724675301760,KILL TEAM: HIEROTEK CIRCLE,99120110084,Google & YouTube,gid://shopify/Publication/315394032000,false,true,true,published
gid://shopify/Product/15724675498368,K/T DATACARDS: HIEROTEK CIRCLE (ENG),60050110003,Google & YouTube,gid://shopify/Publication/315394032000,false,true,true,published
gid://shopify/Product/15724675629440,KILL TEAM: CANOPTEK CIRCLE,99120110086,Google & YouTube,gid://shopify/Publication/315394032000,false,true,true,published
gid://shopify/Product/15724675826048,ARCANE JOURNAL: HIGH ELF REALMS,60042799011,Google & YouTube,gid://shopify/Publication/315394032000,false,true,true,published
gid://shopify/Product/15724675891584,HIGH ELF REALMS: MAGES,99122710003,Google & YouTube,gid://shopify/Publication/315394032000,false,true,true,published
gid://shopify/Product/15724676088192,HIGH ELF REALMS:EAGLE CLAW BOLT THROWERS,99122710010,Google & YouTube,gid://shopify/Publication/315394032000,false,true,true,published
gid://shopify/Product/15724676219264,HIGH ELF REALMS: HIGH ELF LORDS,99122710002,Google & YouTube,gid://shopify/Publication/315394032000,false,true,true,published
gid://shopify/Product/15724676383104,HIGH ELF REALMS: HIGH ELF LOREMASTER,99122710004,Google & YouTube,gid://shopify/Publication/315394032000,false,true,true,published
gid://shopify/Product/15724676546944,HIGH ELF REALMS: SILVER HELMS,99122710016,Google & YouTube,gid://shopify/Publication/315394032000,false,true,true,published
gid://shopify/Product/15724676710784,HIGH ELF REALMS: PHOENIX GUARD,99122710006,Google & YouTube,gid://shopify/Publication/315394032000,false,true,true,published
gid://shopify/Product/15724676874624,HIGH ELF REALMS: WHITE LIONS OF CHRACE,99122710007,Google & YouTube,gid://shopify/Publication/315394032000,false,true,true,published
gid://shopify/Product/15724677071232,HIGH ELF REALMS: ELVEN SPEARMEN,99122710013,Google & YouTube,gid://shopify/Publication/315394032000,false,true,true,published
gid://shopify/Product/15724677235072,HIGH ELF REALMS: SISTERS OF AVELORN,99122710015,Google & YouTube,gid://shopify/Publication/315394032000,false,true,true,published
gid://shopify/Product/15724677366144,HIGH ELF REALMS:DRAGON PRINCES O/CALEDOR,99122710017,Google & YouTube,gid://shopify/Publication/315394032000,false,true,true,published
gid://shopify/Product/15724677562752,HIGH ELF REALMS: SWORDMASTERS OF HOETH,99122710008,Google & YouTube,gid://shopify/Publication/315394032000,false,true,true,published
gid://shopify/Product/15724677759360,HIGH ELF REALMS: LORD ON DRAGON,99122710001,Google & YouTube,gid://shopify/Publication/315394032000,false,true,true,published
gid://shopify/Product/15724678054272,NECROMUNDA: IRONHEAD SQUAT PROSPECTORS,99120599038,Google & YouTube,gid://shopify/Publication/315394032000,false,true,true,published
gid://shopify/Product/15724678250880,NECROMUNDA: HALLS OF THE ANCIENTS,60040599045,Google & YouTube,gid://shopify/Publication/315394032000,false,true,true,published
gid://shopify/Product/15724678545792,NEC:SQUAT PROSPECTORS WEAPONS & UPGRADES,99120599070,Google & YouTube,gid://shopify/Publication/315394032000,false,true,true,published
gid://shopify/Product/15724678611328,IRONHEAD SQUAT SVENOTAR SCOUT TRIKES,99120599074,Google & YouTube,gid://shopify/Publication/315394032000,false,true,true,published
gid://shopify/Product/15724678807936,IRONHEAD SQUAT CHARTER & DRILL MASTERS,99120599092,Google & YouTube,gid://shopify/Publication/315394032000,false,true,true,published
gid://shopify/Product/15724678971776,NECROMUNDA: PALANITE JUSTICARS,99120599091,Google & YouTube,gid://shopify/Publication/315394032000,false,true,true,published
gid://shopify/Product/15724679758208,LUMINETH REALM-LORDS: ALARITH STONEGUARD,99120210055,Google & YouTube,gid://shopify/Publication/315394032000,false,true,true,published
gid://shopify/Product/15724680282496,BLOOD BOWL: CHAOS DWARF TEAM,99120911001,Google & YouTube,gid://shopify/Publication/315394032000,false,true,true,published
gid://shopify/Product/15724680446336,NECROMUNDA: ORRUS SPYRE HUNTERS,99120599067,Google & YouTube,gid://shopify/Publication/315394032000,false,true,true,published
gid://shopify/Product/15724680577408,NEC: MALCADON YELD & JAKARA SPYRE HUNTER,99120599072,Google & YouTube,gid://shopify/Publication/315394032000,false,true,true,published
gid://shopify/Product/15724680741248,KILL TEAM: HAND OF THE ARCHON,99120112058,Google & YouTube,gid://shopify/Publication/315394032000,false,true,true,published
gid://shopify/Product/15724680970624,KILL TEAM: MANDRAKES,99120112055,Google & YouTube,gid://shopify/Publication/315394032000,false,true,true,published
gid://shopify/Product/15724681134464,K/TEAM DATACARDS: HAND O/T ARCHON (ENG),60050112005,Google & YouTube,gid://shopify/Publication/315394032000,false,true,true,published
gid://shopify/Product/15724681298304,KILL TEAM DATACARDS: MANDRAKES (ENG),60050112006,Google & YouTube,gid://shopify/Publication/315394032000,false,true,true,published
gid://shopify/Product/15724681462144,WH UNDERWORLDS: KNIVES OF THE CRONE,99120712001,Google & YouTube,gid://shopify/Publication/315394032000,false,true,true,published
gid://shopify/Product/15724681888128,NECROMUNDA: GENESTEALER ABOMINATION GANG,99120599066,Google & YouTube,gid://shopify/Publication/315394032000,false,true,true,published
gid://shopify/Product/15724682838400,DAUGHTERS/KHAINE: KRETHUSA THE CRONESEER,99120212037,Google & YouTube,gid://shopify/Publication/315394032000,false,true,true,published
gid://shopify/Product/15724683002240,KILL TEAM: XV26 STEALTH BATTLESUITS,99120113102,Google & YouTube,gid://shopify/Publication/315394032000,false,true,true,published
gid://shopify/Product/15724683166080,KILL TEAM: FARSTALKER KINBAND,99120114003,Google & YouTube,gid://shopify/Publication/315394032000,false,true,true,published
gid://shopify/Product/15724683428224,KILL TEAM: T'AU EMPIRE VESPID STINGWINGS,99120113096,Google & YouTube,gid://shopify/Publication/315394032000,false,true,true,published
gid://shopify/Product/15724683624832,K/T DATACARDS: FARSTALKER KINBAND (ENG),60050113006,Google & YouTube,gid://shopify/Publication/315394032000,false,true,true,published
gid://shopify/Product/15724683821440,K/TEAM DATACARDS:VESPID STINGWINGS (ENG),60050113004,Google & YouTube,gid://shopify/Publication/315394032000,false,true,true,published
gid://shopify/Product/15724684280192,SPEARHEAD: OGOR MAWTRIBES SCRAPGLUTT,99120213034,Google & YouTube,gid://shopify/Publication/315394032000,false,true,true,published
gid://shopify/Product/15724684444032,FACTION PACK: OGOR MAWTRIBES (ENG),60050213002,Google & YouTube,gid://shopify/Publication/315394032000,false,true,true,published
gid://shopify/Product/15724685427072,OGOR MAWTRIBES: BLOODPELT HUNTER,99120213025,Google & YouTube,gid://shopify/Publication/315394032000,false,true,true,published
gid://shopify/Product/15724686115200,BEASTMEN BRAYHERDS: BESTIGOR HERD,99122716004,Google & YouTube,gid://shopify/Publication/315394032000,false,true,true,published
gid://shopify/Product/15724686246272,BEASTMEN BRAYHERDS: GOR HERD,99122716002,Google & YouTube,gid://shopify/Publication/315394032000,false,true,true,published
gid://shopify/Product/15724686344576,BEASTMEN BRAYHERDS: BEASTMAN SHAMAN,99122716001,Google & YouTube,gid://shopify/Publication/315394032000,false,true,true,published
gid://shopify/Product/15724686573952,KILL TEAM DATACARDS: BATTLECLADE (ENG),60050116004,Google & YouTube,gid://shopify/Publication/315394032000,false,true,true,published
gid://shopify/Product/15724686705024,KILL TEAM: BATTLECLADE,99120116048,Google & YouTube,gid://shopify/Publication/315394032000,false,true,true,published
gid://shopify/Product/15724687032704,ARCANE JOURNAL: TOMB KINGS OF KHEMRI,60042717001,Google & YouTube,gid://shopify/Publication/315394032000,false,true,true,published
gid://shopify/Product/15724687262080,TOMB KINGS OF KHEMRI: TOMB GUARD,99122717005,Google & YouTube,gid://shopify/Publication/315394032000,false,true,true,published
gid://shopify/Product/15724687458688,TOMB KINGS OF KHEMRI:SEPULCHRAL STALKERS,99122717006,Google & YouTube,gid://shopify/Publication/315394032000,false,true,true,published
gid://shopify/Product/15724687655296,TOMB KINGS OF KHEMRI: NECROSPHINX,99122717007,Google & YouTube,gid://shopify/Publication/315394032000,false,true,true,published
gid://shopify/Product/15724687884672,TKK: TOMB KING ON NECROLITH BONE DRAGON,99122717001,Google & YouTube,gid://shopify/Publication/315394032000,false,true,true,published
gid://shopify/Product/15724688081280,TOMB KINGS OF KHEMRI: SKELETON WARRIORS,99122717002,Google & YouTube,gid://shopify/Publication/315394032000,false,true,true,published
gid://shopify/Product/15724688277888,TOMB KINGS OF KHEMRI: SKELETON CHARIOTS,99122717004,Google & YouTube,gid://shopify/Publication/315394032000,false,true,true,published
gid://shopify/Product/15724688507264,TOMB KINGS OF KHEMRI: ROYAL HERALDS,99122717010,Google & YouTube,gid://shopify/Publication/315394032000,false,true,true,published
gid://shopify/Product/15724688703872,TOMB KINGS OF KHEMRI: LICHE PRIESTS,99122717011,Google & YouTube,gid://shopify/Publication/315394032000,false,true,true,published
gid://shopify/Product/15724688966016,ARCANE JOURNAL: THE WAR OF SETTRA'S FURY,60042717002,Google & YouTube,gid://shopify/Publication/315394032000,false,true,true,published
gid://shopify/Product/15724689162624,KILL TEAM: BROOD BROTHERS,99120117029,Google & YouTube,gid://shopify/Publication/315394032000,false,true,true,published
gid://shopify/Product/15724689326464,K/T DATACARDS: BROOD BROTHERS (ENG),60050117003,Google & YouTube,gid://shopify/Publication/315394032000,false,true,true,published
gid://shopify/Product/15724689555840,BLOOD BOWL: TOMB KINGS TEAM,99120917001,Google & YouTube,gid://shopify/Publication/315394032000,false,true,true,published
gid://shopify/Product/15724689785216,KILL TEAM: HEARTHKYN SALVAGERS,99120118023,Google & YouTube,gid://shopify/Publication/315394032000,false,true,true,published
gid://shopify/Product/15724689981824,KILL TEAM: HERNKYN YAEGIRS,99120118018,Google & YouTube,gid://shopify/Publication/315394032000,false,true,true,published
gid://shopify/Product/15724690145664,K/T DATACARDS: HEARTHKYN SALVAGERS (ENG),60050118003,Google & YouTube,gid://shopify/Publication/315394032000,false,true,true,published
gid://shopify/Product/15724690407808,K/T DATACARDS: HERNKYN YAEGIRS (ENG),60050118004,Google & YouTube,gid://shopify/Publication/315394032000,false,true,true,published
gid://shopify/Product/15724690604416,AOS S/E + PAINT SET ENG/SPA/PORT/LATV/RM,52170218003,Google & YouTube,gid://shopify/Publication/315394032000,false,true,true,published
gid://shopify/Product/15724690801024,SPEARHEAD: S/E: YNDRASTA'S SPEARHEAD,99120218081,Google & YouTube,gid://shopify/Publication/315394032000,false,true,true,published
gid://shopify/Product/15724690997632,BATTLETOME: STORMCAST ETERNALS (HB) ENG,60030218008,Google & YouTube,gid://shopify/Publication/315394032000,false,true,true,published
gid://shopify/Product/15724691882368,STORMCAST ETERNALS: STORMSTRIKE CHARIOT,99120218051,Google & YouTube,gid://shopify/Publication/315394032000,false,true,true,published
gid://shopify/Product/15724692275584,S/ETERNALS: KRONDYS SON OF DRACOTHION,99120218054,Google & YouTube,gid://shopify/Publication/315394032000,false,true,true,published
gid://shopify/Product/15724692537728,STORMCAST ETERNALS: VANQUISHERS,99120218055,Google & YouTube,gid://shopify/Publication/315394032000,false,true,true,published
gid://shopify/Product/15724692930944,S/E: LORD-COMMANDER BASTIAN CARTHALOS,99120218052,Google & YouTube,gid://shopify/Publication/315394032000,false,true,true,published
gid://shopify/Product/15724693193088,STORMCAST ETERNALS: VIGILORS,99120218053,Google & YouTube,gid://shopify/Publication/315394032000,false,true,true,published
gid://shopify/Product/15724693422464,STORMCAST ETERNALS: STORMDRAKE GUARD,99120218056,Google & YouTube,gid://shopify/Publication/315394032000,false,true,true,published
gid://shopify/Product/15724693684608,STORMCAST ETERNALS ANNIHILATORS,99120218058,Google & YouTube,gid://shopify/Publication/315394032000,false,true,true,published
gid://shopify/Product/15724693979520,STORMCAST ETERNALS: KNIGHT-RELICTOR,99070218057,Google & YouTube,gid://shopify/Publication/315394032000,false,true,true,published
gid://shopify/Product/15724694176128,STORMCAST ETERNALS: VINDICTORS,99120218061,Google & YouTube,gid://shopify/Publication/315394032000,false,true,true,published
gid://shopify/Product/15724694438272,STORMCAST ETERNALS: IONUS CRYPTBORN,99120218082,Google & YouTube,gid://shopify/Publication/315394032000,false,true,true,published
gid://shopify/Product/15724694602112,STORMCAST ETERNALS: THE BLACKTALONS,99120218080,Google & YouTube,gid://shopify/Publication/315394032000,false,true,true,published
gid://shopify/Product/15724694831488,STORMCAST ETERNALS: LORD RELICTOR,99120218085,Google & YouTube,gid://shopify/Publication/315394032000,false,true,true,published
gid://shopify/Product/15724695060864,STORMCAST ETERNALS: LORD-TERMINOS,99120218087,Google & YouTube,gid://shopify/Publication/315394032000,false,true,true,published
gid://shopify/Product/15724695257472,STORMCAST ETERNALS: RECLUSIANS,99120218088,Google & YouTube,gid://shopify/Publication/315394032000,false,true,true,published
gid://shopify/Product/15724695814528,STORMCAST ETERNALS:STORMSTRIKE PALLADORS,99120218086,Google & YouTube,gid://shopify/Publication/315394032000,false,true,true,published
gid://shopify/Product/15724696142208,STORMCAST ETERNALS: LORD-CELESTANT,99120218090,Google & YouTube,gid://shopify/Publication/315394032000,false,true,true,published
gid://shopify/Product/15724696371584,STORMCAST ETERNALS: TORNUS THE REDEEMED,99120218095,Google & YouTube,gid://shopify/Publication/315394032000,false,true,true,published
gid://shopify/Product/15724696568192,STORMCAST ETERNALS STORMREACH PORTAL,99120218096,Google & YouTube,gid://shopify/Publication/315394032000,false,true,true,published
gid://shopify/Product/15724696797568,STORMCAST ETERNALS: IRIDAN THE WITNESS,99120218089,Google & YouTube,gid://shopify/Publication/315394032000,false,true,true,published
gid://shopify/Product/15724696961408,L/I DARK MECH SERPEROS HEAVY STALKERS,99122619002,Google & YouTube,gid://shopify/Publication/315394032000,false,true,true,published
gid://shopify/Product/15724697190784,L/I: DARK MECHANICUM STALKER CONSTRUCTS,99122619001,Google & YouTube,gid://shopify/Publication/315394032000,false,true,true,published
gid://shopify/Product/15724697387392,SPEARHEAD: I/DEEPKIN AKHELIAN TIDE GUARD,99120219024,Google & YouTube,gid://shopify/Publication/315394032000,false,true,true,published
gid://shopify/Product/15724697551232,BATTLETOME: IDONETH DEEPKIN (ENGLISH),60030219003,Google & YouTube,gid://shopify/Publication/315394032000,false,true,true,published
gid://shopify/Product/15724698763648,IDONETH DEEPKIN: AKHELIAN ALLOPEX,99120219030,Google & YouTube,gid://shopify/Publication/315394032000,true,false,false,unpublished
gid://shopify/Product/15724698993024,IDONETH DEEPKIN: IKON OF THE SEA,99120219025,Google & YouTube,gid://shopify/Publication/315394032000,false,true,true,published
gid://shopify/Product/15724699124096,I/DEEPKIN: MATHAELA ORACLE OF THE ABYSS,99120219033,Google & YouTube,gid://shopify/Publication/315394032000,false,true,true,published
gid://shopify/Product/15724699320704,IDONETH DEEPKIN: MANIFESTATIONS,99120219034,Google & YouTube,gid://shopify/Publication/315394032000,false,true,true,published
gid://shopify/Product/15724699484544,ARCANE JOURNAL:ARMIES/GRAND CATHAY (ENG),60042720001,Google & YouTube,gid://shopify/Publication/315394032000,false,true,true,published
gid://shopify/Product/15724699812224,G/C:GATE MASTERS OF THE CELESTIAL CITIES,99122720003,Google & YouTube,gid://shopify/Publication/315394032000,false,true,true,published
gid://shopify/Product/15724699976064,GRAND CATHAY: SKY LANTERN,99122720007,Google & YouTube,gid://shopify/Publication/315394032000,false,true,true,published
gid://shopify/Product/15724700107136,GRAND CATHAY: CATHAYAN SENTINEL,99122720006,Google & YouTube,gid://shopify/Publication/315394032000,false,true,true,published
gid://shopify/Product/15724700270976,SHUGENGAN LORD ON GREAT SPIRIT LONGMA,99122720001,Google & YouTube,gid://shopify/Publication/315394032000,false,true,true,published
gid://shopify/Product/15724700402048,GRAND CATHAY: JADE LANCERS,99122720004,Google & YouTube,gid://shopify/Publication/315394032000,false,true,true,published
gid://shopify/Product/15724700598656,GRAND CATHAY: JADE WARRIORS,99122720002,Google & YouTube,gid://shopify/Publication/315394032000,false,true,true,published
gid://shopify/Product/15724700828032,GRAND CATHAY: MIAO YING THE STORM DRAGON,99122720008,Google & YouTube,gid://shopify/Publication/315394032000,false,true,true,published
gid://shopify/Product/15724700959104,ARCANE JOURNAL: DAWN OF THE STORM DRAGON,60042720002,Google & YouTube,gid://shopify/Publication/315394032000,false,true,true,published
gid://shopify/Product/15724701155712,BLOOD BOWL: AMAZON TEAM,99120999016,Google & YouTube,gid://shopify/Publication/315394032000,false,true,true,published
gid://shopify/Product/15724701352320,SPEARHEAD: SNARLPACK HUNTAZ,99120209125,Google & YouTube,gid://shopify/Publication/315394032000,false,true,true,published
gid://shopify/Product/15724702990720,GLOOMSPITE GITZ: TRUGG THE TROGGOTH KING,99120209155,Google & YouTube,gid://shopify/Publication/315394032000,false,true,true,published
gid://shopify/Product/15724703252864,BATTLETOME: GLOOMSPITE GITZ (ENG),60030209015,Google & YouTube,gid://shopify/Publication/315394032000,false,true,true,published
gid://shopify/Product/15724704072064,GLOOSMPITE GITZ: SNARLPACK CAVALRY,99120209127,Google & YouTube,gid://shopify/Publication/315394032000,false,true,true,published
gid://shopify/Product/15724704268672,GLOOMSPITE GITZ: SUNSTEALA WHEELAS,99120209128,Google & YouTube,gid://shopify/Publication/315394032000,false,true,true,published
gid://shopify/Product/15724704432512,GLOOMSPITE GITZ: DOOM DIVER CATAPULT,99120209129,Google & YouTube,gid://shopify/Publication/315394032000,false,true,true,published
gid://shopify/Product/15724704629120,GLOOMSPITE GITZ: SNARLBOSS ON WAR-WHEELA,99120209130,Google & YouTube,gid://shopify/Publication/315394032000,false,true,true,published
gid://shopify/Product/15724704891264,G/GITZ: SNARLBOSS & WOLFGIT RETINUE,99120209137,Google & YouTube,gid://shopify/Publication/315394032000,false,true,true,published
gid://shopify/Product/15724705022336,BLOOD BOWL: NORSE TEAM,99120999015,Google & YouTube,gid://shopify/Publication/315394032000,false,true,true,published
gid://shopify/Product/15724706136448,BLOOD BOWL: VAMPIRE TEAM,99120907004,Google & YouTube,gid://shopify/Publication/315394032000,false,true,true,published
gid://shopify/Product/15724706267520,SPEARHEAD: CURSED SHACKLEHORDE,99120207182,Google & YouTube,gid://shopify/Publication/315394032000,false,true,true,published
gid://shopify/Product/15724707283328,BATTLETOME: NIGHTHAUNT (ENGLISH),60030207020,Google & YouTube,gid://shopify/Publication/315394032000,false,true,true,published
gid://shopify/Product/15724708331904,NIGHTHAUNT KRULGHAST CRUCIATOR,99120207090,Google & YouTube,gid://shopify/Publication/315394032000,false,true,true,published
gid://shopify/Product/15724708659584,NIGHTHAUNT: LORD VITRIOLIC,99120207183,Google & YouTube,gid://shopify/Publication/315394032000,false,true,true,published
gid://shopify/Product/15724709085568,BLOOD BOWL: GNOME TEAM,99120999017,Google & YouTube,gid://shopify/Publication/315394032000,false,true,true,published
gid://shopify/Product/15724709249408,BLOOD BOWL: GNOME TREEMAN,99120999020,Google & YouTube,gid://shopify/Publication/315394032000,false,true,true,published
gid://shopify/Product/15724709380480,SPEARHEAD: F-E COURTS: CHARNEL WATCH,99120207191,Google & YouTube,gid://shopify/Publication/315394032000,false,true,true,published
gid://shopify/Product/15724710035840,BATTLETOME: FLESH-EATER COURTS (ENG),60030207021,Google & YouTube,gid://shopify/Publication/315394032000,false,true,true,published
gid://shopify/Product/15724710461824,FLESH-EATER COURTS: ROYAL DECAPITATOR,99070207022,Google & YouTube,gid://shopify/Publication/315394032000,false,true,true,published
gid://shopify/Product/15724710691200,F-E COURTS: GRAND JUSTICE GORMAYNE,99120207154,Google & YouTube,gid://shopify/Publication/315394032000,false,true,true,published
gid://shopify/Product/15724710855040,F-E COURTS: USHORAN MORTARCH OF DELUSION,99120207149,Google & YouTube,gid://shopify/Publication/315394032000,false,true,true,published
gid://shopify/Product/15724711117184,FLESH-EATER COURTS: ABHORRANT CARDINAL,99120207155,Google & YouTube,gid://shopify/Publication/315394032000,false,true,true,published
gid://shopify/Product/15724711281024,FLESH-EATER COURTS: CRYPTGUARD,99120207151,Google & YouTube,gid://shopify/Publication/315394032000,false,true,true,published
gid://shopify/Product/15724711510400,FLESH-EATER COURTS: MORBHEG KNIGHTS,99120207152,Google & YouTube,gid://shopify/Publication/315394032000,false,true,true,published
gid://shopify/Product/15724711674240,FLESH-EATER COURTS:HIGH FALCONER FELGRYN,99120207190,Google & YouTube,gid://shopify/Publication/315394032000,false,true,true,published
gid://shopify/Product/15724711805312,BLOOD BOWL: BLACK ORC TEAM,99120909005,Google & YouTube,gid://shopify/Publication/315394032000,false,true,true,published
gid://shopify/Product/15724712001920,SPEARHEAD: S/G: DEATHRATTLE TOMB HOST,99120207176,Google & YouTube,gid://shopify/Publication/315394032000,false,true,true,published
gid://shopify/Product/15724712198528,BATTLETOME: SOULBLIGHT GRAVELORDS (ENG),60030207019,Google & YouTube,gid://shopify/Publication/315394032000,false,true,true,published
gid://shopify/Product/15724712690048,SOULBLIGHT GRAVELORDS: BLOOD KNIGHTS,99120207238,Google & YouTube,gid://shopify/Publication/315394032000,false,true,true,published
gid://shopify/Product/15724712853888,SBLIGHT GRAVELRDS: DEATHRATTLE SKELETONS,99120207188,Google & YouTube,gid://shopify/Publication/315394032000,false,true,true,published
gid://shopify/Product/15724713148800,S/GRAVELORDS: BLADES OF THE HOLLOW KING,99120207175,Google & YouTube,gid://shopify/Publication/315394032000,false,true,true,published
gid://shopify/Product/15724713345408,SOULBLIGHT GRAVELORDS: VAMPIRE LORD,99120207204,Google & YouTube,gid://shopify/Publication/315394032000,false,true,true,published
gid://shopify/Product/15724713836928,SOULBLIGHT GRAVELORDS: FELL BATS,99120207227,Google & YouTube,gid://shopify/Publication/315394032000,false,true,true,published
gid://shopify/Product/15724714066304,S/GRAVELORDS: SEKHAR FANG OF NULAHMIA,99120207148,Google & YouTube,gid://shopify/Publication/315394032000,false,true,true,published
gid://shopify/Product/15724714230144,S/G: PRINCE VHORDRAI LORD/CRIMSON KEEP,99120207177,Google & YouTube,gid://shopify/Publication/315394032000,false,true,true,published
gid://shopify/Product/15724714393984,S/G: VAMPIRE LORD ON NIGHTMARE STEED,99120207181,Google & YouTube,gid://shopify/Publication/315394032000,false,true,true,published
gid://shopify/Product/15724714557824,SOULBLIGHT GRAVELORDS: BARROW GUARD,99120207178,Google & YouTube,gid://shopify/Publication/315394032000,false,true,true,published
gid://shopify/Product/15724714721664,SOULBLIGHT GRAVELORDS: BARROW KNIGHTS,99120207179,Google & YouTube,gid://shopify/Publication/315394032000,false,true,true,published
gid://shopify/Product/15724714918272,SOULBLIGHT GRAVELORDS: MANIFESTATIONS,99120207194,Google & YouTube,gid://shopify/Publication/315394032000,false,true,true,published
gid://shopify/Product/15724715114880,SOULBLIGHT GRAVELORDS: CURSED SEPULCHRE,99120207193,Google & YouTube,gid://shopify/Publication/315394032000,false,true,true,published
gid://shopify/Product/15724715508096,IMPERIAL FISTS: FAFNIR RANN,99123001019,Google & YouTube,gid://shopify/Publication/315394032000,false,true,true,published
gid://shopify/Product/15724715704704,SPEARHEAD: GRUNDSTOK TRAILBLAZERS,99120205063,Google & YouTube,gid://shopify/Publication/315394032000,false,true,true,published
gid://shopify/Product/15724715934080,BATTLETOME: KHARADRON OVERLORDS (ENG),60030205015,Google & YouTube,gid://shopify/Publication/315394032000,false,true,true,published
gid://shopify/Product/15724716949888,K/OVERLORDS: VONGRIM HARPOON CREW,99120205064,Google & YouTube,gid://shopify/Publication/315394032000,false,true,true,published
gid://shopify/Product/15724717113728,KHARADRON OVERLORDS: NULL-KHEMIST,99120205067,Google & YouTube,gid://shopify/Publication/315394032000,false,true,true,published
gid://shopify/Product/15724717244800,KHARADRON OVERLORDS: CODEWRIGHT,99120205048,Google & YouTube,gid://shopify/Publication/315394032000,false,true,true,published
gid://shopify/Product/15724717375872,KHARADRON OVERLORDS: ZONTARI ENDRIN DOCK,99120205068,Google & YouTube,gid://shopify/Publication/315394032000,false,true,true,published
gid://shopify/Product/15724717572480,BLOOD BOWL: KHORNE TEAM,99120901003,Google & YouTube,gid://shopify/Publication/315394032000,false,true,true,published
gid://shopify/Product/15724717932928,FACTION PACK: FYRESLAYERS (ENG),60050205004,Google & YouTube,gid://shopify/Publication/315394032000,false,true,true,published
gid://shopify/Product/15724718195072,FYRESLAYERS: AURIC RUNEFATHER/MAGMADROTH,99120205047,Google & YouTube,gid://shopify/Publication/315394032000,false,true,true,published
gid://shopify/Product/15724718489984,BLOOD BOWL: NECROMANTIC HORROR TEAM,99120907002,Google & YouTube,gid://shopify/Publication/315394032000,false,true,true,published
gid://shopify/Product/15724718621056,BLOOD ANGELS: DOMINION ZEPHON,99123001020,Google & YouTube,gid://shopify/Publication/315394032000,false,true,true,published
gid://shopify/Product/15724718817664,WARHAMMER UNDERWORLDS:KAMANDORA'S BLADES,99120701001,Google & YouTube,gid://shopify/Publication/315394032000,false,true,true,published
gid://shopify/Product/15724719014272,SPEARHEAD: FANGS OF THE BLOOD GOD,99120201200,Google & YouTube,gid://shopify/Publication/315394032000,false,true,true,published
gid://shopify/Product/15724719243648,BATTLETOME: BLADES OF KHORNE (ENG),60030201031,Google & YouTube,gid://shopify/Publication/315394032000,false,true,true,published
gid://shopify/Product/15724719440256,BLADES OF KHORNE: DEATHBRINGER,99120201211,Google & YouTube,gid://shopify/Publication/315394032000,false,true,true,published
gid://shopify/Product/15724719833472,BLADES OF KHORNE: REALMGORE RITUALIST,99070201031,Google & YouTube,gid://shopify/Publication/315394032000,false,true,true,published
gid://shopify/Product/15724720292224,BLOOD BOWL: OLD WORLD ALLIANCE TEAM,99120999018,Google & YouTube,gid://shopify/Publication/315394032000,false,true,true,published
gid://shopify/Product/15724720456064,WH UNDERWORLDS: GRANDFATHER'S GARDENERS,99120715001,Google & YouTube,gid://shopify/Publication/315394032000,false,true,true,published
gid://shopify/Product/15724720685440,SPEARHEAD: MAGGOTKIN/NURGLE:BUBONIC CELL,99120201203,Google & YouTube,gid://shopify/Publication/315394032000,false,true,true,published
gid://shopify/Product/15724720882048,MAGGOTKIN OF NURGLE: THE PUSTULES,99120201217,Google & YouTube,gid://shopify/Publication/315394032000,false,true,true,published
gid://shopify/Product/15724721078656,MAGGOTKIN OF NURGLE: ROTSWORDS,99120201207,Google & YouTube,gid://shopify/Publication/315394032000,false,true,true,published
gid://shopify/Product/15724721176960,MAGGOTKIN OF NURGLE: SLOVEN KNIGHTS,99120201209,Google & YouTube,gid://shopify/Publication/315394032000,false,true,true,published
gid://shopify/Product/15724721406336,MAGGOTKIN OF NURGLE:FESTUS THE LEECHLORD,99120201206,Google & YouTube,gid://shopify/Publication/315394032000,false,true,true,published
gid://shopify/Product/15724721537408,MAGGOTKIN OF NURGLE: PESTIGORS,99120201208,Google & YouTube,gid://shopify/Publication/315394032000,false,true,true,published
gid://shopify/Product/15724721897856,MAGGOTKIN OF NURGLE: PUTRID BLIGHTKINGS,99120201210,Google & YouTube,gid://shopify/Publication/315394032000,false,true,true,published
gid://shopify/Product/15724722389376,BATTLETOME: MAGGOTKIN OF NURGLE (ENG),60030201032,Google & YouTube,gid://shopify/Publication/315394032000,false,true,true,published
gid://shopify/Product/15724722585984,WARSCROLLS: MAGGOTKIN OF NURGLE (ENG),60050201015,Google & YouTube,gid://shopify/Publication/315394032000,false,true,true,published
gid://shopify/Product/15724722782592,MAGGOTKIN OF NURGLE: ROTBRINGER SORCERER,99120201220,Google & YouTube,gid://shopify/Publication/315394032000,false,true,true,published
gid://shopify/Product/15724722913664,AGE OF SIGMAR: MAGGOTKIN OF NURGLE DICE,99220201032,Google & YouTube,gid://shopify/Publication/315394032000,false,true,true,published
gid://shopify/Product/15724723110272,KILL TEAM: WOLF SCOUTS,99120101457,Google & YouTube,gid://shopify/Publication/315394032000,false,true,true,published
gid://shopify/Product/15724723306880,HH: SPACE WOLVES: GEIGOR FELL-HAND,99123001021,Google & YouTube,gid://shopify/Publication/315394032000,false,true,true,published
gid://shopify/Product/15724723667328,FACTION PACK: HEDONITES OF SLAANESH ENG,60050201012,Google & YouTube,gid://shopify/Publication/315394032000,false,true,true,published
gid://shopify/Product/15724723929472,HEDONITES OF SLAANESH: BLISSBARB ARCHERS,99120201160,Google & YouTube,gid://shopify/Publication/315394032000,false,true,true,published
gid://shopify/Product/15724724027776,HEDONITES: SIGVALD PRINCE OF SLAANESH,99120201159,Google & YouTube,gid://shopify/Publication/315394032000,false,true,true,published
gid://shopify/Product/15724724257152,HEDONITES OF SLAANESH: LORD OF PAIN,99070201026,Google & YouTube,gid://shopify/Publication/315394032000,false,true,true,published
gid://shopify/Product/15724724388224,HEDONITES: SHARDSPEAKER OF SLAANESH,99070201025,Google & YouTube,gid://shopify/Publication/315394032000,false,true,true,published
gid://shopify/Product/15724724617600,HEDONITES: SLAANGOR FIENDBLOODS,99120201106,Google & YouTube,gid://shopify/Publication/315394032000,false,true,true,published
gid://shopify/Product/15724724748672,HEDONITES:MYRMIDESH PAINBRINGERS,99120201157,Google & YouTube,gid://shopify/Publication/315394032000,false,true,true,published
gid://shopify/Product/15724724945280,HEDONITES OF SLAANESH: LORD OF HUBRIS,99070201033,Google & YouTube,gid://shopify/Publication/315394032000,false,true,true,published
gid://shopify/Product/15724725109120,DEXCESSA: THE TALON OF SLAANESH,99129915080,Google & YouTube,gid://shopify/Publication/315394032000,false,true,true,published
gid://shopify/Product/15724725272960,BLOOD BOWL: UNDERWORLD DENIZENS TEAM,99120999019,Google & YouTube,gid://shopify/Publication/315394032000,false,true,true,published
gid://shopify/Product/15724726157696,HH: THOUSAND SONS: AZHEK AHRIMAN,99123002003,Google & YouTube,gid://shopify/Publication/315394032000,false,true,true,published
gid://shopify/Product/15724726452608,FACTION PACK: SONS OF BEHEMAT (ENG),60050299030,Google & YouTube,gid://shopify/Publication/315394032000,false,true,true,published
gid://shopify/Product/15724726714752,SONS OF BEHEMAT: KING BRODD,99120299086,Google & YouTube,gid://shopify/Publication/315394032000,false,true,true,published
gid://shopify/Product/15724727107968,SPEARHEAD:ORRUK WARCLANS IRONJAWZ BIGMOB,99120209122,Google & YouTube,gid://shopify/Publication/315394032000,false,true,true,published
gid://shopify/Product/15724727304576,BATTLETOME: ORRUK WARCLANS (HB) (ENG),60030209014,Google & YouTube,gid://shopify/Publication/315394032000,false,true,true,published
gid://shopify/Product/15724728418688,ORRUK WARCLANS: ARDBOY BIG BOSS,99070209010,Google & YouTube,gid://shopify/Publication/315394032000,false,true,true,published
gid://shopify/Product/15724728582528,ORRUK WARCLANS: BEAST-SKEWER KILLBOW,99120209072,Google & YouTube,gid://shopify/Publication/315394032000,false,true,true,published
gid://shopify/Product/15724728779136,ORRUK WARCLANS: ORRUK ARDBOYZ,99120209110,Google & YouTube,gid://shopify/Publication/315394032000,false,true,true,published
gid://shopify/Product/15724728975744,ORRUK WARCLANS: ZOGGROK ANVILSMASHA,99120209113,Google & YouTube,gid://shopify/Publication/315394032000,false,true,true,published
gid://shopify/Product/15724729270656,ORRUK WARCLANS: MARSHCRAWLA SLOGGOTH,99120209076,Google & YouTube,gid://shopify/Publication/315394032000,false,true,true,published
gid://shopify/Product/15724729467264,ORRUK WARCLANS MAN-SKEWER BOLTBOYZ,99120209075,Google & YouTube,gid://shopify/Publication/315394032000,false,true,true,published
gid://shopify/Product/15724729631104,O/W: BREAKA-BOSS ON MIREBRUTE TROGGOTH,99120209073,Google & YouTube,gid://shopify/Publication/315394032000,false,true,true,published
gid://shopify/Product/15724729827712,ORRUK WARCLANS: SWAMPBOSS SKUMDREKK,99120209074,Google & YouTube,gid://shopify/Publication/315394032000,false,true,true,published
gid://shopify/Product/15724730057088,ORRUK WARCLANS: GUTRIPPAZ,99120209077,Google & YouTube,gid://shopify/Publication/315394032000,false,true,true,published
gid://shopify/Product/15724730319232,O/WARCLANS: GOBSPRAKK THE MOUTH OF MORK,99120209078,Google & YouTube,gid://shopify/Publication/315394032000,false,true,true,published
gid://shopify/Product/15724730548608,ORRUK WARCLANS: TUSKBOSS ON MAW-GRUNTA,99120209111,Google & YouTube,gid://shopify/Publication/315394032000,false,true,true,published
gid://shopify/Product/15724730777984,ORRUK WARCLANS: WEIRDBRUTE WREKKAZ,99120209114,Google & YouTube,gid://shopify/Publication/315394032000,false,true,true,published
gid://shopify/Product/15724730974592,ORRUK WARCLANS: HOBGROT SLITTABOSS,99120209136,Google & YouTube,gid://shopify/Publication/315394032000,false,true,true,published
gid://shopify/Product/15724731203968,ORRUK WARCLANS: MANIFESTATIONS,99120209132,Google & YouTube,gid://shopify/Publication/315394032000,false,true,true,published
gid://shopify/Product/15724731433344,ORRUK WARCLANS: BOSSROKK TOWER,99120299114,Google & YouTube,gid://shopify/Publication/315394032000,false,true,true,published
gid://shopify/Product/15724731629952,SPEARHEAD: H/HASHUT: HELFORGE HOST,99120211002,Google & YouTube,gid://shopify/Publication/315394032000,false,true,true,published
gid://shopify/Product/15724731924864,BATTLETOME: HELSMITHS OF HASHUT (ENG),60030211001,Google & YouTube,gid://shopify/Publication/315394032000,false,true,true,published
gid://shopify/Product/15724732121472,HELSMITHS OF HASHUT: INFERNAL RAZERS,99120211008,Google & YouTube,gid://shopify/Publication/315394032000,false,true,true,published
gid://shopify/Product/15724732350848,HELSMITHS OF HASHUT: BULL CENTAURS,99120211007,Google & YouTube,gid://shopify/Publication/315394032000,false,true,true,published
gid://shopify/Product/15724732547456,HELSMITHS OF HASHUT: DAEMONSMITH,99120211005,Google & YouTube,gid://shopify/Publication/315394032000,false,true,true,published
gid://shopify/Product/15724732711296,H/HASHUT:URAK TAAR THE FIRST DAEMONSMITH,99120211011,Google & YouTube,gid://shopify/Publication/315394032000,false,true,true,published
gid://shopify/Product/15724732875136,HELSMITHS OF HASHUT: DOMINATOR ENGINE,99120211004,Google & YouTube,gid://shopify/Publication/315394032000,false,true,true,published
gid://shopify/Product/15724733071744,H/HASHUT: DEATHSHRIEKER ROCKET BATTERY,99120211006,Google & YouTube,gid://shopify/Publication/315394032000,false,true,true,published
gid://shopify/Product/15724733301120,HELSMITHS OF HASHUT: WAR DESPOT,99120211010,Google & YouTube,gid://shopify/Publication/315394032000,false,true,true,published
gid://shopify/Product/15724733432192,HELSMITHS OF HASHUT: HOBGROT VANDALZ,99120211009,Google & YouTube,gid://shopify/Publication/315394032000,false,true,true,published
gid://shopify/Product/15724733661568,HELSMITHS OF HASHUT: INFERNAL COHORT,99120211003,Google & YouTube,gid://shopify/Publication/315394032000,false,true,true,published
gid://shopify/Product/15724737429888,L/I: ARAKNAE WEAPONS PLATFORM BATTERIES,99122601033,Google & YouTube,gid://shopify/Publication/315394032000,false,true,true,published
gid://shopify/Product/15724737626496,L/I: LEGIONES ASTARTES COMBAT FORCE,99122601032,Google & YouTube,gid://shopify/Publication/315394032000,false,true,true,published
gid://shopify/Product/15724737823104,LEGIONES ASTARTES: DROP POD,99123001083,Google & YouTube,gid://shopify/Publication/315394032000,false,true,true,published
gid://shopify/Product/15724738052480,HORUS HERESY: L/ASTARTES COMBAT FORCE,99123001092,Google & YouTube,gid://shopify/Publication/315394032000,false,true,true,published
gid://shopify/Product/15724738249088,JOURNAL TACTICA: THE FORGES OF SATURN,60043099017,Google & YouTube,gid://shopify/Publication/315394032000,false,true,true,published
gid://shopify/Product/15724738511232,HORUS HERESY: LIBER ASTARTES (ENGLISH),60043099014,Google & YouTube,gid://shopify/Publication/315394032000,false,true,true,published
gid://shopify/Product/15724738675072,HORUS HERESY: LIBER HERETICUS (ENGLISH),60043099015,Google & YouTube,gid://shopify/Publication/315394032000,false,true,true,published
gid://shopify/Product/15724738871680,L/IMPERIALIS: LEMAN RUSS STRIKE SQUADRON,99122605015,Google & YouTube,gid://shopify/Publication/315394032000,false,true,true,published
gid://shopify/Product/15724739035520,LEGIONS IMPERIALIS: BANEBLADE SQUADRON,99122605003,Google & YouTube,gid://shopify/Publication/315394032000,false,true,true,published
gid://shopify/Product/15724739297664,L/IMPERIALIS: SOLAR AUXILIA INFANTRY,99122605004,Google & YouTube,gid://shopify/Publication/315394032000,false,true,true,published
gid://shopify/Product/15724739428736,L/I: SOLAR AUXILIA BASILISKS/MEDUSAS,99122605006,Google & YouTube,gid://shopify/Publication/315394032000,false,true,true,published
gid://shopify/Product/15724739625344,L/IMPERIALIS: SHADOWSWORDS/STORMBLADES,99122605010,Google & YouTube,gid://shopify/Publication/315394032000,false,true,true,published
gid://shopify/Product/15724739854720,L/IMPERIALIS: SOLAR AUXILIA COMBAT FORCE,99122605016,Google & YouTube,gid://shopify/Publication/315394032000,false,true,true,published
gid://shopify/Product/15724740051328,SOLAR AUXILIA: VALDOR TANK DESTROYER,99123005010,Google & YouTube,gid://shopify/Publication/315394032000,false,true,true,published
gid://shopify/Product/15724740280704,SOLAR AUXILIA: MALCADOR INFERNUS,99123005013,Google & YouTube,gid://shopify/Publication/315394032000,false,true,true,published
gid://shopify/Product/15724740477312,HORUS HERESY: LIBER AUXILIA (ENGLISH),60033005001,Google & YouTube,gid://shopify/Publication/315394032000,false,true,true,published
gid://shopify/Product/15724740673920,HORUS HERESY: SOLAR AUXILIA COMBAT FORCE,99123005021,Google & YouTube,gid://shopify/Publication/315394032000,false,true,true,published
gid://shopify/Product/15724740903296,HORUS HERESY: SOLAR AUXILIA DRACOSAN,99123005001,Google & YouTube,gid://shopify/Publication/315394032000,false,true,true,published
gid://shopify/Product/15724741099904,SOLAR AUXILIA LEMAN RUSS STRIKE TANK,99123005004,Google & YouTube,gid://shopify/Publication/315394032000,false,true,true,published
gid://shopify/Product/15724741329280,HH: SOLAR AUXILIA LASRIFLE SECTION,99123005002,Google & YouTube,gid://shopify/Publication/315394032000,false,true,true,published
gid://shopify/Product/15724741493120,SOLAR AUXILIA: TACTICAL COMMAND SECTION,99123005003,Google & YouTube,gid://shopify/Publication/315394032000,false,true,true,published
gid://shopify/Product/15724741624192,HH: SOLAR AUXILIA AETHON HEAVY SENTINEL,99123005009,Google & YouTube,gid://shopify/Publication/315394032000,false,true,true,published
gid://shopify/Product/15724741853568,SOLAR AUXILIA: VELETARIS STORM SECTION,99123005008,Google & YouTube,gid://shopify/Publication/315394032000,false,true,true,published
gid://shopify/Product/15724742017408,HORUS HERESY: SOLAR AUXILIA MALCADOR,99123005005,Google & YouTube,gid://shopify/Publication/315394032000,false,true,true,published
gid://shopify/Product/15724742246784,SOLAR AUXILIA LEMAN RUSS ASSAULT TANK,99123005006,Google & YouTube,gid://shopify/Publication/315394032000,false,true,true,published
gid://shopify/Product/15724742738304,SOLAR AUXILIA: HERMES SENTINEL SQUADRON,99123005011,Google & YouTube,gid://shopify/Publication/315394032000,false,true,true,published
gid://shopify/Product/15724742967680,WARLORD TITAN WITH PLASMA ANNIHILATOR,99122699008,Google & YouTube,gid://shopify/Publication/315394032000,false,true,true,published
gid://shopify/Product/15724743164288,REAVER TITAN W/MELTA CANNON & CHAINFIST,99122699010,Google & YouTube,gid://shopify/Publication/315394032000,false,true,true,published
gid://shopify/Product/15724743328128,LEGIONS IMPERIALIS:WARHOUND SCOUT TITANS,99122699011,Google & YouTube,gid://shopify/Publication/315394032000,false,true,true,published
gid://shopify/Product/15724743426432,WARBRINGER NEMESIS TITAN W/QUAKE CANNON,99122699027,Google & YouTube,gid://shopify/Publication/315394032000,false,true,true,published
gid://shopify/Product/15724743655808,L/IMP: WARMASTER HEAVY BATTLE TITAN,99122699013,Google & YouTube,gid://shopify/Publication/315394032000,false,true,true,published
gid://shopify/Product/15724743786880,WARMASTER ICONOCLAST HEAVY BATTLE TITAN,99122699014,Google & YouTube,gid://shopify/Publication/315394032000,false,true,true,published
gid://shopify/Product/15724744081792,L/IMP: DIRE WOLF HEAVY SCOUT TITANS,99122699022,Google & YouTube,gid://shopify/Publication/315394032000,false,true,true,published
gid://shopify/Product/15724744245632,L/IMP: WARHOUND TITANS WITH URSUS CLAWS,99122608001,Google & YouTube,gid://shopify/Publication/315394032000,false,true,true,published
gid://shopify/Product/15724744507776,LEGIONS IMPERIALIS: QUESTORIS KNIGHTS,99122699015,Google & YouTube,gid://shopify/Publication/315394032000,false,true,true,published
gid://shopify/Product/15724744704384,L/I: CERASTUS KNIGHTS ACHERON/CASTIGATOR,99122699017,Google & YouTube,gid://shopify/Publication/315394032000,false,true,true,published
gid://shopify/Product/15724744900992,L/IMPERIALIS: ACASTUS KNIGHTS PORPHYRION,99122699018,Google & YouTube,gid://shopify/Publication/315394032000,false,true,true,published
gid://shopify/Product/15724745064832,L/I: MECHANICUM ACASTUS KNIGHTS ASTERIUS,99122616006,Google & YouTube,gid://shopify/Publication/315394032000,false,true,true,published
gid://shopify/Product/15724745261440,L/I: MECHANICUM CERASTUS KNIGHTS ATRAPOS,99122616005,Google & YouTube,gid://shopify/Publication/315394032000,false,true,true,published
gid://shopify/Product/15724745523584,L/I: QUESTORIS KNIGHTS MAGAERA/STYRIX,99122616004,Google & YouTube,gid://shopify/Publication/315394032000,false,true,true,published
gid://shopify/Product/15724745720192,HORUS HERESY: CERASTUS KNIGHT LANCER,99123008004,Google & YouTube,gid://shopify/Publication/315394032000,false,true,true,published
gid://shopify/Product/15724745884032,HORUS HERESY: ARVUS LIGHTER,99123008007,Google & YouTube,gid://shopify/Publication/315394032000,false,true,true,published
gid://shopify/Product/15724746080640,HORUS HERESY: CERASTUS KNIGHT CASTIGATOR,99123008005,Google & YouTube,gid://shopify/Publication/315394032000,false,true,true,published
gid://shopify/Product/15724746211712,HORUS HERESY: CERASTUS KNIGHT ACHERON,99123008006,Google & YouTube,gid://shopify/Publication/315394032000,false,true,true,published
gid://shopify/Product/15724746408320,L/IMPERIALIS: MECHANICUM COMBAT FORCE,99122616012,Google & YouTube,gid://shopify/Publication/315394032000,false,true,true,published
gid://shopify/Product/15724746604928,J/TACTICA: SKITARII: STEEL HAND OF MARS,60043016001,Google & YouTube,gid://shopify/Publication/315394032000,false,true,true,published
gid://shopify/Product/15724787007872,M-E SBG: ISENGARD BATTLEHOST,99121462027,Google & YouTube,gid://shopify/Publication/315394032000,false,true,true,published
gid://shopify/Product/15724787237248,MIDDLE-EARTH SBG: BOLG SPAWN OF AZOG,99121462025,Google & YouTube,gid://shopify/Publication/315394032000,false,true,true,published
gid://shopify/Product/15724787401088,M-E SBG: ELROND MASTER OF RIVENDELL,99121463015,Google & YouTube,gid://shopify/Publication/315394032000,false,true,true,published
gid://shopify/Product/15724787597696,M-E SBG: HELM HAMMERHAND KING OF ROHAN,99121464041,Google & YouTube,gid://shopify/Publication/315394032000,false,true,true,published
gid://shopify/Product/15724788515200,EOMER MARSHAL OF THE RIDDERMARK,99121464030,Google & YouTube,gid://shopify/Publication/315394032000,false,true,true,published
gid://shopify/Product/15724788744576,M-E SBG: MINAS TIRITH BATTLEHOST,99121464032,Google & YouTube,gid://shopify/Publication/315394032000,false,true,true,published
gid://shopify/Product/15724788875648,MIDDLE-EARTH SBG: HILL TRIBESMEN,99121464035,Google & YouTube,gid://shopify/Publication/315394032000,false,true,true,published
gid://shopify/Product/15724789105024,MIDDLE-EARTH SBG: WARRIORS OF ROHAN,99121464036,Google & YouTube,gid://shopify/Publication/315394032000,false,true,true,published
gid://shopify/Product/15724789268864,M-E SBG: HALETH & HAMA PRINCES OF ROHAN,99121464038,Google & YouTube,gid://shopify/Publication/315394032000,false,true,true,published
gid://shopify/Product/15724789465472,M-E SBG: PRINCE IMRAHIL OF DOL AMROTH,99121464034,Google & YouTube,gid://shopify/Publication/315394032000,false,true,true,published
gid://shopify/Product/15724789629312,MIDDLE-EARTH SBG: HERA DAUGHTER OF HELM,99121464040,Google & YouTube,gid://shopify/Publication/315394032000,false,true,true,published
gid://shopify/Product/15724789858688,M-E SBG: FREALAF HILDESON & OLWYN & LIEF,99121464039,Google & YouTube,gid://shopify/Publication/315394032000,false,true,true,published
gid://shopify/Product/15724791693696,WRAITHBONE SPRAY PAINT (UK/ROW) (6-PACK),9920999909106,Google & YouTube,gid://shopify/Publication/315394032000,true,false,false,unpublished
gid://shopify/Product/15724793102720,M-E SBG: THE WITCH-KING OF ANGMAR,99121466015,Google & YouTube,gid://shopify/Publication/315394032000,false,true,true,published
gid://shopify/Product/15724794708352,CITADEL SMALL BASE BRUSH (3-PACK),9919999904303,Google & YouTube,gid://shopify/Publication/315394032000,true,false,false,unpublished
gid://shopify/Product/15724797329792,CITADEL COLOUR SUB-ASSEMBLY HOLDER,99239999121,Google & YouTube,gid://shopify/Publication/315394032000,false,true,true,published
gid://shopify/Product/15724797460864,CITADEL TOOLS: KNIFE,99239999117,Google & YouTube,gid://shopify/Publication/315394032000,false,true,true,published
gid://shopify/Product/15724797624704,SUPER FINE DETAIL CUTTERS,99239999122,Google & YouTube,gid://shopify/Publication/315394032000,false,true,true,published
gid://shopify/Product/15724797755776,CITADEL TOOLS: DRILL,99239999123,Google & YouTube,gid://shopify/Publication/315394032000,false,true,true,published
gid://shopify/Product/15724797952384,CITADEL TOOLS: MOULDLINE REMOVER,99239999116,Google & YouTube,gid://shopify/Publication/315394032000,false,true,true,published
gid://shopify/Product/15724798411136,CITADEL COLOUR TUFTS: VERDIA VELDT,99229999177,Google & YouTube,gid://shopify/Publication/315394032000,false,true,true,published
gid://shopify/Product/15724798935424,STORMVAULT SKIRMISH CASE,99239999124,Google & YouTube,gid://shopify/Publication/315394032000,false,true,true,published
gid://shopify/Product/15724799492480,STORMVAULT COMBAT CASE,99239999126,Google & YouTube,gid://shopify/Publication/315394032000,false,true,true,published
gid://shopify/Product/15724799623552,L/IMPERIALIS: MECHANICUM INFANTRY,99122616001,Google & YouTube,gid://shopify/Publication/315394032000,false,true,true,published
gid://shopify/Product/15724799787392,L/I: MECHANICUM KARACNOS ASSAULT TANK SQ,99122616008,Google & YouTube,gid://shopify/Publication/315394032000,false,true,true,published
gid://shopify/Product/15724799951232,L/IMPERIALIS: MECHANICUM KRIOS SQUADRON,99122616009,Google & YouTube,gid://shopify/Publication/315394032000,false,true,true,published
gid://shopify/Product/15724800082304,MECHANICUM: URSARAX COHORT,99123016008,Google & YouTube,gid://shopify/Publication/315394032000,false,true,true,published
gid://shopify/Product/15724800246144,MECHANICUM THANATAR CALIX SIEGE AUTOMATA,99123016018,Google & YouTube,gid://shopify/Publication/315394032000,false,true,true,published
gid://shopify/Product/15724800344448,MECHANICUM: KARACNOS ASSAULT TANK,99123016014,Google & YouTube,gid://shopify/Publication/315394032000,false,true,true,published
gid://shopify/Product/15724800508288,MECHANICUM: KRIOS BATTLE TANK,99123016009,Google & YouTube,gid://shopify/Publication/315394032000,false,true,true,published
gid://shopify/Product/15724800672128,HORUS HERESY: LIBER MECHANICUM (ENGLISH),60033016001,Google & YouTube,gid://shopify/Publication/315394032000,false,true,true,published
gid://shopify/Product/15724800868736,HORUS HERESY: MECHANICUM COMBAT FORCE,99123016015,Google & YouTube,gid://shopify/Publication/315394032000,false,true,true,published
gid://shopify/Product/15724800934272,MECH: CASTELLAX BATTLE-AUTOMATA MANIPLE,99123016003,Google & YouTube,gid://shopify/Publication/315394032000,false,true,true,published
gid://shopify/Product/15724801163648,MECHANICUM: TECH-THRALLS COVENANT,99123016005,Google & YouTube,gid://shopify/Publication/315394032000,false,true,true,published
gid://shopify/Product/15724801294720,MECHANICUM:THANATAR CAVAS SIEGE-AUTOMATA,99123016007,Google & YouTube,gid://shopify/Publication/315394032000,false,true,true,published
gid://shopify/Product/15724801458560,MECHANICUM: TRIAROS ARMOURED CONVEYOR,99123016006,Google & YouTube,gid://shopify/Publication/315394032000,false,true,true,published
gid://shopify/Product/15724801655168,MECHANICUM: THALLAX COHORT,99123016002,Google & YouTube,gid://shopify/Publication/315394032000,false,true,true,published
gid://shopify/Product/15724801753472,MECHANICUM: ARCHMAGOS PRIME,99123016004,Google & YouTube,gid://shopify/Publication/315394032000,false,true,true,published
gid://shopify/Product/15724801884544,LEGION IMPERIALIS: PREDATOR SQUADRON,99122601002,Google & YouTube,gid://shopify/Publication/315394032000,false,true,true,published
gid://shopify/Product/15724802048384,L/IMPERIALIS: KRATOS HEAVY TANK SQUADRON,99122601003,Google & YouTube,gid://shopify/Publication/315394032000,false,true,true,published
gid://shopify/Product/15724802179456,L/IMPERIALIS: LEGIONES ASTARTES INFANTRY,99122601004,Google & YouTube,gid://shopify/Publication/315394032000,false,true,true,published
gid://shopify/Product/15724802441600,L/IMPERIALIS: LEGIONES ASTARTES SUPPORT,99122601005,Google & YouTube,gid://shopify/Publication/315394032000,false,true,true,published
gid://shopify/Product/15724802638208,LEGIONS IMPERIALIS: LEGION DROP PODS,99122601006,Google & YouTube,gid://shopify/Publication/315394032000,false,true,true,published
gid://shopify/Product/15724802834816,L/IMPERIALIS: RHINO TRANSPORT DETACHMENT,99122601008,Google & YouTube,gid://shopify/Publication/315394032000,false,true,true,published
gid://shopify/Product/15724802965888,L/I: L/A: SATURNINE HEAVY ASSAULT CADRE,99122601028,Google & YouTube,gid://shopify/Publication/315394032000,false,true,true,published
gid://shopify/Product/15724803129728,L/IMPERIALIS: STORM EAGLE SQUADRON,99122601009,Google & YouTube,gid://shopify/Publication/315394032000,false,true,true,published
gid://shopify/Product/15724803260800,L/I: XIPHON INTERCEPTOR SQUADRON,99122601010,Google & YouTube,gid://shopify/Publication/315394032000,false,true,true,published
gid://shopify/Product/15724803391872,L/I: FIRE RAPTOR GUNSHIP SQUADRON,99122601011,Google & YouTube,gid://shopify/Publication/315394032000,false,true,true,published
gid://shopify/Product/15724803555712,L/I:LEGIONS ASTARTES THUNDERHAWK GUNSHIP,99122601012,Google & YouTube,gid://shopify/Publication/315394032000,false,true,true,published
gid://shopify/Product/15724803686784,LEGIONS IMPERIALIS: LEGION FAST ATTACK,99122601013,Google & YouTube,gid://shopify/Publication/315394032000,false,true,true,published
gid://shopify/Product/15724803850624,LEGIONS IMPERIALIS SPARTAN ASSAULT TANKS,99122601014,Google & YouTube,gid://shopify/Publication/315394032000,false,true,true,published
gid://shopify/Product/15724803948928,L/I: LAND RAIDER PROTEUS SQUADRON,99122601017,Google & YouTube,gid://shopify/Publication/315394032000,false,true,true,published
gid://shopify/Product/15724804145536,L/IMPERIALIS: SABRE STRIKE TANK SQUADRON,99122601016,Google & YouTube,gid://shopify/Publication/315394032000,false,true,true,published
gid://shopify/Product/15724804276608,L/I: SICARAN ARCUS/PUNISHER SQUADRON,99122601015,Google & YouTube,gid://shopify/Publication/315394032000,false,true,true,published
gid://shopify/Product/15724804407680,L/I: VINDICATOR SIEGE TANK SQUADRON,99122601029,Google & YouTube,gid://shopify/Publication/315394032000,false,true,true,published
gid://shopify/Product/15724804538752,L/I: TYPHON HEAVY SIEGE TANK SQUADRON,99122601030,Google & YouTube,gid://shopify/Publication/315394032000,false,true,true,published
gid://shopify/Product/15724804702592,L/I: MASTODON SUPER-HEAVY ASSLT TRNSPRTS,99122601025,Google & YouTube,gid://shopify/Publication/315394032000,false,true,true,published
gid://shopify/Product/15724804833664,L/I: CERBERUS HEAVY TANK DESTROYER SQDRN,99122601031,Google & YouTube,gid://shopify/Publication/315394032000,false,true,true,published
gid://shopify/Product/15724805030272,L/I: WHIRLWIND/SCORPIUS MISSILE TANK SQD,99122601019,Google & YouTube,gid://shopify/Publication/315394032000,false,true,true,published
gid://shopify/Product/15724805128576,L/I: FELLBLADE/GLAIVE SUPER-HEAVY TANKS,99122601026,Google & YouTube,gid://shopify/Publication/315394032000,false,true,true,published
gid://shopify/Product/15724805292416,L/I: FALCHION/ASCALON SUPER-HEAVY TANKS,99122601024,Google & YouTube,gid://shopify/Publication/315394032000,false,true,true,published
gid://shopify/Product/15724805489024,LEGIONES ASTARTES: DEIMOS PATTERN RHINO,99123001001,Google & YouTube,gid://shopify/Publication/315394032000,false,true,true,published
gid://shopify/Product/15724805652864,L/AST: MISSILE LAUNCHERS & HEAVY BOLTERS,99123001009,Google & YouTube,gid://shopify/Publication/315394032000,false,true,true,published
gid://shopify/Product/15724805718400,L/ASTARTES: SPECIAL WEAPONS UPGRADE SET,99123001013,Google & YouTube,gid://shopify/Publication/315394032000,false,true,true,published
gid://shopify/Product/15724805849472,L/ASTARTES: TERMINATOR TARTAROS SQUAD,99123001022,Google & YouTube,gid://shopify/Publication/315394032000,false,true,true,published
gid://shopify/Product/15724805947776,L/ASTARTES: PRAETOR & CHAPLAIN CONSUL,99123001023,Google & YouTube,gid://shopify/Publication/315394032000,false,true,true,published
gid://shopify/Product/15724806046080,HORUS HERESY: RAPIER LASER DESTROYER,99123001044,Google & YouTube,gid://shopify/Publication/315394032000,false,true,true,published
gid://shopify/Product/15724806177152,L/ASTARTES: RAPIER QUAD HEAVY BOLTERS,99123001057,Google & YouTube,gid://shopify/Publication/315394032000,false,true,true,published
gid://shopify/Product/15724806373760,HORUS HERESY: TARANTULA MISSILE BATTERY,99123001063,Google & YouTube,gid://shopify/Publication/315394032000,false,true,true,published
gid://shopify/Product/15724806472064,HORUS HERESY: TARANTULA SENTRY GUNS,99123001064,Google & YouTube,gid://shopify/Publication/315394032000,false,true,true,published
gid://shopify/Product/15724806668672,L/ASTARTES: PRAETOR WITH POWER AXE,99123001028,Google & YouTube,gid://shopify/Publication/315394032000,false,true,true,published
gid://shopify/Product/15724806832512,JOURNAL TACTICA: ISSTVAN V: PART 1,60043099016,Google & YouTube,gid://shopify/Publication/315394032000,false,true,true,published
gid://shopify/Product/15724806963584,L/ASTARTES: MULTI-MELTAS+PLASMA CANNONS,99123001010,Google & YouTube,gid://shopify/Publication/315394032000,false,true,true,published
gid://shopify/Product/15724807094656,LEGIONES ASTARTES: MKII TACTICAL SQUAD,99123001058,Google & YouTube,gid://shopify/Publication/315394032000,false,true,true,published
gid://shopify/Product/15724807258496,LEGIONES ASTARTES: SATURNINE TERMINATORS,99123001059,Google & YouTube,gid://shopify/Publication/315394032000,false,true,true,published
gid://shopify/Product/15724807324032,LEGIONES ASTARTES: SATURNINE PRAETOR,99123001061,Google & YouTube,gid://shopify/Publication/315394032000,false,true,true,published
gid://shopify/Product/15724807487872,LEGIONES ASTARTES CENTURION W/POWER MAUL,99123001062,Google & YouTube,gid://shopify/Publication/315394032000,false,true,true,published
gid://shopify/Product/15724807618944,L/ASTARTES: VOLKITE CULVERINS+LASCANNONS,99123001011,Google & YouTube,gid://shopify/Publication/315394032000,false,true,true,published
gid://shopify/Product/15724807717248,L/ASTARTES: SATURNINE DREADNOUGHT OPHION,99123001066,Google & YouTube,gid://shopify/Publication/315394032000,false,true,true,published
gid://shopify/Product/15724807881088,LEGIONES ASTARTES: MKII ASSAULT SQUAD,99123001070,Google & YouTube,gid://shopify/Publication/315394032000,false,true,true,published
gid://shopify/Product/15724807979392,LEGIONES ASTARTES: PREDATOR BATTLE TANK,99123001012,Google & YouTube,gid://shopify/Publication/315394032000,false,true,true,published
gid://shopify/Product/15724808110464,L/A: FELLBLADE SUPER-HEAVY BATTLE TANK,99123001071,Google & YouTube,gid://shopify/Publication/315394032000,false,true,true,published
gid://shopify/Product/15724808339840,L/ASTARTES: TYPHON HEAVY SIEGE TANK,99123001026,Google & YouTube,gid://shopify/Publication/315394032000,false,true,true,published
gid://shopify/Product/15724808601984,L/ASTARTES: KRATOS HEAVY ASSAULT TANK,99123001002,Google & YouTube,gid://shopify/Publication/315394032000,false,true,true,published
gid://shopify/Product/15724808798592,LEGIONES ASTARTES: MKVI TACTICAL SQUAD,99123001003,Google & YouTube,gid://shopify/Publication/315394032000,false,true,true,published
gid://shopify/Product/15724808995200,L/ASTARTES: PRAETOR WITH POWER SWORD,99123001004,Google & YouTube,gid://shopify/Publication/315394032000,false,true,true,published
gid://shopify/Product/15724809191808,LEGIONES ASTARTES:CONTEMPTOR DREADNOUGHT,99123001007,Google & YouTube,gid://shopify/Publication/315394032000,false,true,true,published
gid://shopify/Product/15724809453952,LEGIONES ASTARTES: SICARAN BATTLE TANK,99123001005,Google & YouTube,gid://shopify/Publication/315394032000,false,true,true,published
gid://shopify/Product/15724809617792,LEVIATHAN DREADNOUGHT + RANGED WEAPONS,99123001008,Google & YouTube,gid://shopify/Publication/315394032000,false,true,true,published
gid://shopify/Product/15724809781632,LEVIATHAN DREADNOUGHT WITH CLAWS/DRILLS,99123001031,Google & YouTube,gid://shopify/Publication/315394032000,false,true,true,published
gid://shopify/Product/15724809978240,LEGIONES ASTARTES: LAND RAIDER PROTEUS,99123001014,Google & YouTube,gid://shopify/Publication/315394032000,false,true,true,published
gid://shopify/Product/15724810076544,HORUS HERESY SKY-HUNTER SQUADRON,99123001015,Google & YouTube,gid://shopify/Publication/315394032000,false,true,true,published
gid://shopify/Product/15724810338688,LEGIONES ASTARTES: SPARTAN ASSAULT TANK,99123001006,Google & YouTube,gid://shopify/Publication/315394032000,false,true,true,published
gid://shopify/Product/15724810436992,DEREDEO DREADNOUGHT ANVILUS CONFIGURATN,99123001036,Google & YouTube,gid://shopify/Publication/315394032000,false,true,true,published
gid://shopify/Product/15724810568064,HORUS HERESY: PREDATOR SUPPORT TANK,99123001018,Google & YouTube,gid://shopify/Publication/315394032000,false,true,true,published
gid://shopify/Product/15724810731904,HORUS HERESY: SCORPIUS MISSILE TANK,99123001017,Google & YouTube,gid://shopify/Publication/315394032000,false,true,true,published
gid://shopify/Product/15724810961280,LEGIONES ASTARTES: CERBERUS HEAVY TANK,99123001027,Google & YouTube,gid://shopify/Publication/315394032000,false,true,true,published
gid://shopify/Product/15724811190656,LEGIONES ASTARTES: SICARAN VENATOR,99123001016,Google & YouTube,gid://shopify/Publication/315394032000,false,true,true,published
gid://shopify/Product/15724811288960,HORUS HERESY L/A: MKIII TACTICAL SQUAD,99123001037,Google & YouTube,gid://shopify/Publication/315394032000,false,true,true,published
gid://shopify/Product/15724811452800,HORUS HERESY: MKVI ASSAULT MARINES,99123001041,Google & YouTube,gid://shopify/Publication/315394032000,false,true,true,published
gid://shopify/Product/15724811747712,LEGIONES ASTARTES: MKVI COMMAND SQUAD,99123001045,Google & YouTube,gid://shopify/Publication/315394032000,false,true,true,published
gid://shopify/Product/15724811846016,LEGIONES ASTARTES: MKIII COMMAND SQUAD,99123001046,Google & YouTube,gid://shopify/Publication/315394032000,false,true,true,published
gid://shopify/Product/15724812042624,DEREDEO DREADNOUGHT BOREAS CONFIGURATION,99123001049,Google & YouTube,gid://shopify/Publication/315394032000,false,true,true,published
gid://shopify/Product/15724812206464,HH:LEGION ASTARTES MELEE WEAPONS UPGRADE,99123001042,Google & YouTube,gid://shopify/Publication/315394032000,false,true,true,published
gid://shopify/Product/15724812697984,CITADEL COLOUR PAINTING HANDLE XL,99239999119,Google & YouTube,gid://shopify/Publication/315394032000,false,true,true,published
gid://shopify/Product/15724812861824,CITADEL COLOUR SPRAY STICK,99239999118,Google & YouTube,gid://shopify/Publication/315394032000,false,true,true,published
gid://shopify/Product/15724813156736,WH UNDERWORLDS: BORGIT'S BEASTGRABBAZ,99120709001,Google & YouTube,gid://shopify/Publication/315394032000,false,true,true,published
gid://shopify/Product/15724813287808,WARHAMMER UNDERWORLDS: GITZ AND GOLIATHS,99120799013,Google & YouTube,gid://shopify/Publication/315394032000,false,true,true,published
gid://shopify/Product/15724813418880,KRAGNOS THE END OF EMPIRES,99120209087,Google & YouTube,gid://shopify/Publication/315394032000,false,true,true,published
gid://shopify/Product/15724813582720,WARHAMMER UNDERWORLDS: MORBID MINIONS,99120799011,Google & YouTube,gid://shopify/Publication/315394032000,false,true,true,published
gid://shopify/Product/15724813943168,WARHAMMER UNDERWORLDS: SEEKERS IN SHADOW,99120799010,Google & YouTube,gid://shopify/Publication/315394032000,false,true,true,published
gid://shopify/Product/15724814139776,WARHAMMER UNDERWORLDS: REAVERS OF RUIN,99120799012,Google & YouTube,gid://shopify/Publication/315394032000,false,true,true,published
gid://shopify/Product/15724814336384,THE OLD WORLD: RAVENING HORDES (ENG),60042799003,Google & YouTube,gid://shopify/Publication/315394032000,false,true,true,published
gid://shopify/Product/15724814434688,THE OLD WORLD: FORCES OF FANTASY (ENG),60042799004,Google & YouTube,gid://shopify/Publication/315394032000,false,true,true,published
gid://shopify/Product/15724814631296,KILL TEAM: SCOUT SQUAD,99120101422,Google & YouTube,gid://shopify/Publication/315394032000,false,true,true,published
gid://shopify/Product/15724814827904,KILL TEAM DATACARDS: SCOUT SQUAD (ENG),60050101024,Google & YouTube,gid://shopify/Publication/315394032000,false,true,true,published
gid://shopify/Product/15724816368000,HORUS HERESY:S.O.T: THE SOLAR WAR (PB),60100181764,Google & YouTube,gid://shopify/Publication/315394032000,false,true,true,published
gid://shopify/Product/15724816499072,HORUS HERESY:SOT:THE LOST AND THE DAMNED,60100181771,Google & YouTube,gid://shopify/Publication/315394032000,false,true,true,published
gid://shopify/Product/15724816695680,HORUS HERESY: S.O.T: THE FIRST WALL,60100181779,Google & YouTube,gid://shopify/Publication/315394032000,false,true,true,published
gid://shopify/Product/15724816859520,THE HOLLOW KING (PB),60100281317,Google & YouTube,gid://shopify/Publication/315394032000,false,true,true,published
gid://shopify/Product/15724817252736,WAR FOR THE MORTAL REALMS (PB OMNIBUS),60100281046,Google & YouTube,gid://shopify/Publication/315394032000,false,true,true,published
gid://shopify/Product/15724817416576,LEGEND OF THE DOOMSEEKER (PB),60100281061,Google & YouTube,gid://shopify/Publication/315394032000,false,true,true,published
gid://shopify/Product/15724817547648,BLACKTALON (PB),60100281077,Google & YouTube,gid://shopify/Publication/315394032000,false,true,true,published
gid://shopify/Product/15724817777024,AGE OF SIGMAR: SKAVENTIDE (PAPERBACK),60100281087,Google & YouTube,gid://shopify/Publication/315394032000,false,true,true,published
gid://shopify/Product/15724817940864,GROMBRINDAL: ANCESTOR'S BURDEN (HB),60040281087,Google & YouTube,gid://shopify/Publication/315394032000,false,true,true,published
gid://shopify/Product/15724818039168,THE DEAD KINGDOM (PB),60100281123,Google & YouTube,gid://shopify/Publication/315394032000,false,true,true,published
gid://shopify/Product/15724818203008,CALLIS AND TOLL (PB),60100281133,Google & YouTube,gid://shopify/Publication/315394032000,false,true,true,published
gid://shopify/Product/15724818334080,GOTREK & MALENETH: THE OMNIBUS (PB),60100281199,Google & YouTube,gid://shopify/Publication/315394032000,false,true,true,published
gid://shopify/Product/15724818530688,THE TWICE-DEAD KING: THE OMNIBUS (PB),60100181510,Google & YouTube,gid://shopify/Publication/315394032000,false,true,true,published
gid://shopify/Product/15724818727296,SOULBLIGHT GRAVELORDS: MASTERS OF DEATH,60100281202,Google & YouTube,gid://shopify/Publication/315394032000,false,true,true,published
gid://shopify/Product/15724818858368,LIONESS OF THE PARCH (PAPERBACK),60100281203,Google & YouTube,gid://shopify/Publication/315394032000,false,true,true,published
gid://shopify/Product/15724819054976,AGE OF SIGMAR: DARKOATH (PAPERBACK),60100281244,Google & YouTube,gid://shopify/Publication/315394032000,false,true,true,published
gid://shopify/Product/15724819218816,GROMBRINDAL: ANCESTOR'S BURDEN (PB),60100281247,Google & YouTube,gid://shopify/Publication/315394032000,false,true,true,published
gid://shopify/Product/15724819448192,ON THE SHOULDERS OF GIANTS+STORIES (PB),60100281328,Google & YouTube,gid://shopify/Publication/315394032000,false,true,true,published
gid://shopify/Product/15724819612032,ANVILS OF THE HELDENHAMMER: THE ANCIENTS,60100281329,Google & YouTube,gid://shopify/Publication/315394032000,false,true,true,published
gid://shopify/Product/15724819775872,THE OLD WORLD: THE RISE OF NAGASH (PB),60102781005,Google & YouTube,gid://shopify/Publication/315394032000,false,true,true,published
gid://shopify/Product/15724820103552,GOTREK GURNISSON: VERMINSLAYER (PB),60100281330,Google & YouTube,gid://shopify/Publication/315394032000,false,true,true,published
gid://shopify/Product/15724820267392,SOT: THE SHATTERED AND THE SOULLESS (PB),60100181537,Google & YouTube,gid://shopify/Publication/315394032000,false,true,true,published
gid://shopify/Product/15724821840256,Catan 6th Edition (2025),558 CN3081,Google & YouTube,gid://shopify/Publication/315394032000,false,true,true,published
gid://shopify/Product/15724826755456,Monopoly Classic,285 G0009,Google & YouTube,gid://shopify/Publication/315394032000,false,true,true,published
gid://shopify/Product/15724827771264,HA Halo Flashpoint Master Chief,MGHA117,Google & YouTube,gid://shopify/Publication/315394032000,false,true,true,published
gid://shopify/Product/15724829114752,One Piece Plush Figure Op Op Devilfruit Trafalgar D. Law 15 cm,SAKA10381,Google & YouTube,gid://shopify/Publication/315394032000,false,true,true,published
gid://shopify/Product/15724831375744,* Pokemon Battle Feature Figure Charizard,888 95132,Google & YouTube,gid://shopify/Publication/315394032000,false,true,true,published
gid://shopify/Product/15724831637888,Bitty POP: Pokemon - Bulbasaur 4 Pack,98581134,Google & YouTube,gid://shopify/Publication/315394032000,false,true,true,published
gid://shopify/Product/15724831768960,Bitty POP: Pokemon - Squirtle 4 Pack,98581135,Google & YouTube,gid://shopify/Publication/315394032000,false,true,true,published
gid://shopify/Product/15724831932800,Pokemon - Battle Spinner Arena Set,888 PKW4403,Google & YouTube,gid://shopify/Publication/315394032000,false,true,true,published
gid://shopify/Product/15724832031104,Pokemon 8 Inch Push - 6 Pack,88895217,Google & YouTube,gid://shopify/Publication/315394032000,false,true,true,published
gid://shopify/Product/15724832293248,Pokemon Bulbasaur Plush,426103,Google & YouTube,gid://shopify/Publication/315394032000,false,true,true,published
gid://shopify/Product/15724832588160,Pokemon Cards - Phantasmal Flames Blister Pack of 3,10-10187-122,Google & YouTube,gid://shopify/Publication/315394032000,false,true,true,published
gid://shopify/Product/15724832850304,Pokemon Cards - SV Prismatic Evolutions,100-10111,Google & YouTube,gid://shopify/Publication/315394032000,false,true,true,published
gid://shopify/Product/15724833112448,Pokemon Project Notebook,125 PIKA6430,Google & YouTube,gid://shopify/Publication/315394032000,false,true,true,published
gid://shopify/Product/15724833440128,Pop! Vinyl - Eevee,98564637,Google & YouTube,gid://shopify/Publication/315394032000,false,true,true,published
gid://shopify/Product/15724833603968,Pop! Vinyl - Pikachu,98531528,Google & YouTube,gid://shopify/Publication/315394032000,false,true,true,published
gid://shopify/Product/15724833997184,"Spiderman, 4 in a Box",542 12004201,Google & YouTube,gid://shopify/Publication/315394032000,false,true,true,published
gid://shopify/Product/15724834161024,"Bluey, 2x24pc",542 5711,Google & YouTube,gid://shopify/Publication/315394032000,false,true,true,published
gid://shopify/Product/15724834423168,"Bridgerton, 300pc Puzzle",542 12001229,Google & YouTube,gid://shopify/Publication/315394032000,false,true,true,published
gid://shopify/Product/15724835438976,CRYPT - Alice Roberts,978-1398519251,Google & YouTube,gid://shopify/Publication/315394032000,false,true,true,published
gid://shopify/Product/15724835570048,Kink Stories,978-1398503212,Google & YouTube,gid://shopify/Publication/315394032000,false,true,true,published
gid://shopify/Product/15724835701120,ABBA Though the Ages - Giles Smith,978-1398529731,Google & YouTube,gid://shopify/Publication/315394032000,false,true,true,published
gid://shopify/Product/15724835832192,After Ever Happy - Anna Todd,978-1982131180,Google & YouTube,gid://shopify/Publication/315394032000,false,true,true,published
gid://shopify/Product/15724836127104,"Charlie, Love and Cliches - Ella Maise",978-1398521643,Google & YouTube,gid://shopify/Publication/315394032000,false,true,true,published
gid://shopify/Product/15724836258176,Conviction - Jack Jordan,978-1398505742,Google & YouTube,gid://shopify/Publication/315394032000,false,true,true,published
gid://shopify/Product/15724836422016,Do No Harm - Jack Jordan,978-1398505704,Google & YouTube,gid://shopify/Publication/315394032000,false,true,true,published
gid://shopify/Product/15724836651392,My Mother and I - Ingrid Seward,978-1398515208,Google & YouTube,gid://shopify/Publication/315394032000,false,true,true,published
gid://shopify/Product/15724836815232,Off to the Races - Elsie Silver,978-1398539204,Google & YouTube,gid://shopify/Publication/315394032000,false,true,true,published
gid://shopify/Product/15724836979072,The Bone Code - Kathy Reichs,978-1471188923,Google & YouTube,gid://shopify/Publication/315394032000,false,true,true,published
gid://shopify/Product/15724837241216,The Front Runner - Elise Silver,978-1398539419,Google & YouTube,gid://shopify/Publication/315394032000,false,true,true,published
gid://shopify/Product/15724838322560,"One Piece Manga - Vol 1,2,3",978-1421536255,Google & YouTube,gid://shopify/Publication/315394032000,false,true,true,published
gid://shopify/Product/15724838453632,Demon Slayer Complete Box Set,978-1974725953,Google & YouTube,gid://shopify/Publication/315394032000,false,true,true,published
gid://shopify/Product/15724840649088,Book - Dinosoars in my School,9780702323058,Google & YouTube,gid://shopify/Publication/315394032000,false,true,true,published
gid://shopify/Product/15724840780160,India Express - Rukmini Iyer,9781529110074,Google & YouTube,gid://shopify/Publication/315394032000,false,true,true,published
gid://shopify/Product/15724840911232,The Sweet Roasting Tin - Rukmini Iyer,9781529110432,Google & YouTube,gid://shopify/Publication/315394032000,false,true,true,published
